Company,Ratings,Founded,Indian_Headquarter_City,Indian_Headquarter_Country,Main_Headquarter_City,Main_Headquarter_Country,Indian_Employee_Count,Global_Employee_Count,Industry,Highly_Rated,Critically_Rated,Job_Security_Rating,WorkLife_Rating,Company_Culture_Rating,Skill_Development_Rating,Work_Satisfaction_Rating,Compensation_Rating,Career_Growth_Rating
TCS,3.3,1968.0,"Mumbai, Maharashtra",India,"Mumbai, Maharashtra",India,607979.0,100001+,IT Services & Consulting,Job security,"Promotions, Salary, Work satisfaction",3.9,3.5,3.2,3.2,3.0,2.5,2.3
Accenture,3.7,1989.0,,,Dublin,Ireland,350000.0,100001+,IT Services & Consulting,"Promotions, Salary",,3.6,3.6,3.7,3.6,3.4,3.3,2.8
Wipro,3.6,1945.0,"Bangalore/Bengaluru, Karnataka",India,"Bangalore/Bengaluru, Karnataka",India,233346.0,100001+,IT Services & Consulting,"Promotions, Salary",,3.7,3.6,3.6,3.5,3.4,3.0,2.9
Cognizant,3.7,1994.0,,,Teaneck. New Jersey.,United States (USA),241500.0,100001+,IT Services & Consulting,"Promotions, Salary",,3.6,3.6,3.6,3.6,3.4,3.2,2.9
Capgemini,3.6,1967.0,"Mumbai, Maharashtra",India,"Paris, France ",,235000.0,100001+,IT Services & Consulting,"Job security, Work-life balance","Promotions, Salary",3.8,3.8,3.6,3.6,3.4,3.0,2.8
HDFC-Bank,3.8,1994.0,"Mumbai, Maharashtra",India,"Mumbai, Maharashtra",India,214521.0,100001+,Banking,"Job security, Skill development",Promotions,3.9,3.5,3.6,3.8,3.5,3.4,3.1
Infosys,3.5,1981.0,"Bengaluru/Bangalore, Karnataka",India,"Bengaluru/Bangalore, Karnataka",India,323578.0,100001+,IT Services & Consulting,,,3.9,3.6,3.6,3.6,3.3,2.7,2.6
HCLTech,3.4,1991.0,"Noida, Uttar Pradesh",India,"Noida, Uttar Pradesh",,223420.0,100001+,IT Services & Consulting,,,3.6,3.5,3.3,3.2,3.1,2.8,2.5
ICICI-Bank,4.0,1994.0,"Mumbai, Maharashtra",India,"Mumbai, Maharashtra",India,129177.0,100001+,Banking,"Job security, Skill development, Promotions",,4.0,3.7,3.7,3.8,3.6,3.7,3.8
Tech-Mahindra,3.4,1986.0,"Pune, Maharashtra",India,"Pune, Maharashtra",India,119343.0,100001+,IT Services & Consulting,"Promotions, Salary, Work satisfaction",,3.3,3.4,3.2,3.3,3.1,2.9,2.7
Genpact,3.6,1997.0,,,"New York, New York",United States (USA),82262.0,100001+,Analytics & KPO,Job security,"Promotions, Salary",3.9,3.6,3.5,3.5,3.4,3.0,2.9
TP,3.8,1978.0,"Gurgaon / Gurugram, Haryana",India,Paris,France,90001.0,100001+,BPO,"Job security, Work-life balance",,3.8,3.8,3.7,3.7,3.7,3.7,3.5
Jio,4.4,2018.0,"Navi Mumbai, Maharashtra",India,"Navi Mumbai, Maharashtra",India,90067.0,100001+,Telecom,"Job security, Skill development, Company culture",,4.4,4.3,4.3,4.4,4.3,4.3,4.1
Axis-Bank,3.6,1993.0,"Mumbai, Maharashtra",India,"Mumbai, Maharashtra",India,104453.0,50001-100000,Banking,"Promotions, Work satisfaction",,3.5,3.4,3.4,3.6,3.3,3.5,3.2
Concentrix-Corporation,3.6,1983.0,"Gurgaon/Gurugram, Haryana",India,"Fremont, California",United States (USA),80000.0,50001-100000,BPO,Job security,"Promotions, Salary, Work satisfaction",3.9,3.4,3.5,3.3,3.3,3.1,2.8
Amazon,3.9,1994.0,"Hyderabad / Secunderabad, Telangana",India,"Seattle,Washington",United States,120000.0,100001+,Internet,"Company culture, Salary, Work-life balance",Promotions,3.5,3.8,4.0,3.6,3.6,3.8,3.2
Reliance-Retail,3.9,2006.0,"Ghansoli, Navi Mumbai",India,"Ghansoli, Navi Mumbai",,161665.0,100001+,Retail,,,3.9,3.8,3.7,3.9,3.6,3.6,3.2
iEnergizer,4.6,2000.0,"Noida, Uttar Pradesh",India,"Noida, Uttar Pradesh",India,22676.0,100001+,BPO,,,4.5,4.5,4.5,4.5,4.5,4.6,4.4
LTIMindtree,3.6,1997.0,"Mumbai, India",India,,India,73801.0,50001-100000,IT Services & Consulting,"Promotions, Salary",,3.5,3.7,3.5,3.6,3.4,3.2,2.8
IBM,3.9,1911.0,"Bangalore / Bengaluru, Karnataka",India,"Armonk,New York",United States,130000.0,100001+,IT Services & Consulting,"Work-life balance, Company culture, Job security",Promotions,3.9,4.0,3.9,3.9,3.7,3.5,3.1
HDB-Financial-Services,3.9,2007.0,"Ahmedabad, Gujrat",India,"Ahmedabad, Gujrat",India,89943.0,100001+,NBFC,"Job security, Work-life balance, Skill development",Promotions,3.8,3.8,3.7,3.8,3.6,3.4,3.3
Larsen-&-Toubro-Limited,3.9,1938.0,"Mumbai, Maharashtra",India,"Mumbai, Maharashtra",India,58556.0,50001-100000,Engineering & Construction,"Job security, Skill development, Salary",Promotions,4.0,3.4,3.6,3.9,3.6,3.8,3.3
Deloitte,3.7,1845.0,,,"Hyderabad, India",,120000.0,100001+,Management Consulting,"Promotions, Work-life balance, Work satisfaction",,3.7,3.2,3.6,3.7,3.3,3.6,3.1
Kotak-Mahindra-Bank,3.6,1985.0,"Mumbai, Maharashtra",India,"Mumbai, Maharashtra",India,61170.0,100001+,Banking,,,3.6,3.5,3.4,3.5,3.3,3.4,3.1
Reliance-Industries,4.0,1977.0,"Navi Mumbai, Maharashtra",India,"Navi Mumbai, Maharashtra",India,403303.0,100001+,Oil & Gas,"Job security, Work-life balance, Skill development",Promotions,4.1,3.9,3.8,3.9,3.7,3.6,3.3
Vodafone-Idea,3.9,2018.0,"Mumbai, Maharashtra",India,"Mumbai, Maharashtra",India,9787.0,10001-50000,Telecom,"Salary, Company culture, Work-life balance",Promotions,3.7,3.8,3.8,3.7,3.6,3.9,3.3
Bharti-Airtel,3.8,1952.0,"Gurgaon/Gurugram, Haryana",India,"Gurgaon/Gurugram, Haryana",,13593.0,,Telecom,Promotions,,3.6,3.6,3.6,3.7,3.5,3.7,3.2
BYJU'S,3.2,2011.0,"Bangalore,Karnataka",India,"Bangalore,Karnataka",India,7000.0,5001-10000,EdTech,"Job security, Work satisfaction, Work-life balance",,2.4,2.8,2.8,3.1,2.8,3.5,2.9
WNS,3.3,1996.0,"Mumbai, Maharashtra",India,"Mumbai, Maharashtra",India,44000.0,10001-50000,IT Services & Consulting,"Promotions, Salary, Work satisfaction",,3.5,3.3,3.1,3.0,3.0,2.9,2.6
IDFC-FIRST-Bank,3.9,2018.0,"Mumbai, Maharashtra",India,"Mumbai, Maharashtra",India,41192.0,10001-50000,Banking,,,3.7,3.7,3.7,3.8,3.6,3.9,3.5
Ernst-&-Young,3.4,2002.0,,,London,England,44000.0,100001+,Management Consulting,"Promotions, Work satisfaction, Work-life balance",,3.6,3.0,3.1,3.5,3.0,3.2,2.9
IndusInd-Bank,3.4,1994.0,"Gurgaon/Gurugram, Haryana",India,"Gurgaon/Gurugram, Haryana",India,44974.0,10001-50000,Banking,,,3.4,3.4,3.1,3.2,3.2,3.3,3.0
AU-Small-Finance-Bank,3.8,1996.0,"Jaipur, Rajasthan",India,"Jaipur, Rajasthan",India,50946.0,10001-50000,Banking,Salary,,3.7,3.7,3.6,3.7,3.6,3.8,3.5
Tata-Motors,4.1,1945.0,"Pune, Maharashtra",India,"Pune, Maharashtra",India,20819.0,50001-100000,Automobile,"Job security, Company culture, Work-life balance",,4.1,4.0,4.0,4.0,3.9,3.8,3.4
Muthoot-FinCorp,4.6,1887.0,"Trivandrum/Thiruvananthapuram, Kerala",India,"Trivandrum/Thiruvananthapuram, Kerala",India,26638.0,10001-50000,NBFC,,,4.4,4.4,4.5,4.5,4.3,4.1,4.1
Bajaj-Finserv,4.0,2007.0,"Pune,Maharashtra",India,"Pune,Maharashtra",India,104668.0,10001-50000,NBFC,"Salary, Skill development, Job security",,3.8,3.6,3.6,3.9,3.7,4.0,3.6
Flipkart,3.9,2007.0,"Bangalore,Karnataka",India,"Bangalore,Karnataka",India,22000.0,10001-50000,Internet,"Salary, Skill development",Promotions,3.7,3.7,3.7,3.8,3.6,3.8,3.3
PwC,3.3,1880.0,"Kolkata, West Bengal",India,"London, United Kingdom",United Kingdom (UK),30000.0,100001+,Management Consulting,"Promotions, Work satisfaction, Work-life balance",,3.4,3.0,3.2,3.4,3.0,3.3,2.9
Mahindra-&-Mahindra,4.0,1945.0,"Mumbai, Maharashtra",India,"Mumbai, Maharashtra",India,200001.0,100001+,Automobile,"Job security, Skill development, Company culture",,4.0,3.8,3.8,3.9,3.8,3.7,3.4
Infosys-BPM,3.5,2002.0,"Bangalore/Bengaluru, Karnataka",India,"Bangalore/Bengaluru, Karnataka",India,12880.0,50001-100000,BPO,Job security,"Promotions, Salary, Work satisfaction",4.1,3.5,3.6,3.5,3.3,2.7,2.7
HDFC-Life,3.9,2000.0,"Mumbai, Maharashtra",India,"Mumbai, Maharashtra",India,37526.0,10001-50000,Insurance,,,3.7,3.7,3.7,3.8,3.6,3.7,3.5
DXC-Technology,3.6,2017.0,,,"Minato,Tokyo",Japan,43001.0,100001+,IT Services & Consulting,Work-life balance,"Promotions, Salary",3.6,3.8,3.5,3.6,3.4,3.0,2.6
Bandhan-Bank,3.7,2001.0,"Kolkata, West Bengal",India,"Kolkata, West Bengal",India,75032.0,50001-100000,Banking,Promotions,,3.7,3.6,3.5,3.4,3.4,3.5,3.2
Digitide-Solutions,3.5,2002.0,"Mumbai, Maharashtra",India,"Mumbai, Maharashtra",India,30379.0,10001-50000,IT Services & Consulting,"Promotions, Salary, Work satisfaction",,3.4,3.4,3.3,3.4,3.2,3.0,2.9
Mphasis,3.3,1998.0,"Bangalore/Bengaluru, Karnataka",India,"Bangalore/Bengaluru, Karnataka",India,30157.0,10001-50000,IT Services & Consulting,"Promotions, Salary, Work satisfaction",,3.4,3.5,3.2,3.2,3.1,2.7,2.4
Yes-Bank,3.7,2004.0,"Mumbai, Maharashtra",India,"Mumbai, Maharashtra",India,28690.0,10001-50000,Banking,"Promotions, Job security",,3.3,3.6,3.4,3.4,3.4,3.7,3.3
Tata-Steel,4.0,1907.0,"Mumbai, Maharashtra",India,"Mumbai, Maharashtra",India,115788.0,100001+,Iron & Steel,"Job security, Work-life balance, Company culture",Promotions,4.0,4.0,3.9,3.9,3.8,3.5,3.2
Quess,3.8,2007.0,Bangalore,India,Bangalore,India,480001.0,100001+,Recruitment,Promotions,,3.4,3.7,3.6,3.5,3.5,3.5,3.1
Asian-Paints,3.9,1942.0,"Mumbai, Maharashtra",India,"Mumbai, Maharashtra",India,11111.0,10001-50000,Chemicals,,,3.8,3.5,3.6,3.9,3.6,4.2,3.3
Maruti-Suzuki,4.1,1981.0,"New Delhi, Delhi",India,"New Delhi, Delhi",India,19966.0,10001-50000,Automobile,"Job security, Salary, Company culture",,4.3,3.9,4.0,4.0,3.9,4.2,3.8
Startek,3.1,2017.0,"Mumbai, Maharashtra",India,"Mumbai, Maharashtra",India,19800.0,10001-50000,BPO,"Promotions, Work satisfaction, Salary",,2.9,2.9,2.9,2.9,2.8,2.8,2.5
UltraTech-Cement,4.2,1983.0,"Mumbai, Maharashtra",India,"Mumbai, Maharashtra",India,27930.0,10001-50000,Building Material,"Job security, Company culture, Skill development",,4.2,3.8,4.0,4.0,3.8,3.9,3.5
Paytm,3.2,2010.0,Noida,India,Noida,India,14656.0,10001-50000,FinTech,,,2.8,3.1,3.0,3.2,3.0,3.3,2.9
Bajaj-Finance,3.9,1987.0,"Pune, Maharashtra",India,"Pune, Maharashtra",India,64092.0,10001-50000,NBFC,"Salary, Skill development, Job security",,3.8,3.5,3.5,3.9,3.6,4.0,3.6
Shriram-Finance,3.9,1979.0,"Mumbai, Maharashtra",India,"Mumbai, Maharashtra",India,79872.0,50001-100000,NBFC,"Job security, Company culture, Work-life balance",,3.9,3.8,3.8,3.7,3.7,3.5,3.4
Sutherland-Global-Services,3.4,1986.0,"Chennai, Tamil Nadu",India,,,17553.0,10001-50000,BPO,,,3.2,3.3,3.3,3.1,3.2,3.1,2.7
Equitas-Small-Finance-Bank,4.3,2016.0,"Chennai, Tamil Nadu",India,"Chennai, Tamil Nadu",India,28500.0,10001-50000,Banking,,,4.3,4.2,4.2,4.2,4.2,4.1,4.0
Wells-Fargo,3.6,1852.0,"Bengaluru/Bangalore, Karnataka",India,"San Francisco, California",United States (USA),20000.0,100001+,Financial Services,,,3.4,3.8,3.5,3.1,3.2,3.6,2.9
EXL-Service,3.6,1999.0,,,"New York City,New York",United States,39100.0,50001-100000,Analytics & KPO,,,3.9,3.7,3.5,3.3,3.4,3.1,2.9
Cipla,4.1,1935.0,"Mumbai, Maharashtra",India,,,30313.0,10001-50000,Pharma,"Salary, Work-life balance, Skill development",,3.7,3.9,3.8,3.9,3.7,4.0,3.5
Ericsson,3.9,1876.0,,,"Stockholm, Sweden",,22279.0,50001-100000,Telecom,,,3.7,4.0,3.9,3.7,3.7,3.4,2.9
Samsung,3.9,1969.0,,,Seoul,South Korea,52900.0,5001-10000,Consumer Electronics & Appliances,Salary,Promotions,3.6,3.7,3.6,3.7,3.6,3.8,3.2
Dr.-Reddy's,4.0,,,,,,,,,,,,,,,,,
Optum-Global-Solutions,4.0,2002.0,"Gurgaon / Gurugram, Haryana",India,"Gurgaon / Gurugram, Haryana",,33001.0,50001-100000,IT Services & Consulting,"Job security, Work-life balance, Company culture",Promotions,4.2,4.1,4.0,3.7,3.8,3.4,3.1
JSW-Steel,3.9,1982.0,"Mumbai, Maharashtra",India,"Mumbai, Maharashtra",India,15793.0,10001-50000,Iron & Steel,"Job security, Skill development",Promotions,4.1,3.6,3.6,3.8,3.6,3.6,3.2
JPMorgan-Chase-&-Co.,3.8,,,,,,,,,,,,,,,,,
Delhivery,3.8,2011.0,"Delhi,NCT",India,"Delhi,NCT",India,23536.0,10001-50000,Logistics,Promotions,,3.6,3.5,3.5,3.7,3.5,3.5,3.2
ICICI-Prudential-Life-Insurance,3.9,2000.0,"Mumbai, Maharashtra",India,"Mumbai, Maharashtra",India,19975.0,10001-50000,Insurance,"Job security, Salary, Skill development",,3.9,3.7,3.7,3.8,3.6,3.9,3.5
Hexaware-Technologies,3.4,1990.0,"Navi Mumbai, Maharashtra",India,"Navi Mumbai, Maharashtra",India,23921.0,10001-50000,IT Services & Consulting,"Promotions, Salary, Work satisfaction",,3.3,3.4,3.3,3.4,3.2,3.0,2.8
Ujjivan-Small-Finance-Bank,4.0,2017.0,"Bangalore/Bengaluru, Karnataka",India,"Bangalore/Bengaluru, Karnataka",India,24374.0,10001-50000,Banking,"Company culture, Job security, Work-life balance",,3.9,3.9,4.0,3.9,3.7,3.8,3.5
Jana-Small-Finance-Bank,3.7,2006.0,"Bangalore/Bengaluru, Karnataka",India,"Bangalore/Bengaluru, Karnataka",India,25381.0,10001-50000,Banking,Salary,,3.5,3.6,3.5,3.6,3.5,3.8,3.4
Sun-Pharmaceutical-Industries,4.1,1983.0,Mumbai,India,Mumbai,India,19297.0,10001-50000,Pharma,,,3.9,3.8,3.8,3.9,3.8,4.0,3.6
HGS,3.7,2000.0,"Bengaluru/Bangalore, Karnataka",India,"Bangalore/Bengaluru, Karnataka",India,8381.0,10001-50000,Emerging Technologies,Promotions,,3.7,3.7,3.7,3.5,3.5,3.4,3.1
Amazon-Development-Centre-India,3.8,,,,,,,,,,,,,,,,,
Zydus-Lifesciences,4.0,1952.0,"Ahmedabad, India",India,"Ahmedabad, India",India,28000.0,10001-50000,Pharma,"Salary, Skill development",,3.7,3.7,3.7,3.8,3.7,4.0,3.5
Ekart-Logistics,3.9,2009.0,,,"San Francisco,California",United States,6531.0,1001-5000,Logistics,Skill development,Promotions,3.5,3.7,3.6,3.8,3.6,3.7,3.2
Lupin,4.1,1968.0,"Mumbai, Maharashtra",India,"Mumbai, Maharashtra",India,20949.0,10001-50000,Pharma,,,3.8,3.9,3.9,4.0,3.8,3.7,3.4
KPMG-India,3.4,1993.0,"Gurgaon / Gurugram, Haryana",India,,,27612.0,10001-50000,Management Consulting,"Promotions, Work satisfaction, Work-life balance",,3.5,3.1,3.3,3.4,3.1,3.2,2.9
L&T-Construction,4.0,,,,,,,,,,,,,,,,,
Hindustan-Unilever,4.2,1872.0,"Mumbai, Maharashtra",India,"London, England",India,18802.0,10001-50000,FMCG,"Skill development, Company culture, Job security",,4.0,4.0,4.0,4.1,3.9,3.9,3.4
Axis-Max-Life-Insurance,4.0,2000.0,"Gurgaon/Gurugram, Haryana",India,"Gurgaon/Gurugram, Haryana",India,24880.0,10001-50000,Insurance,"Skill development, Company culture, Job security",,3.9,3.9,3.9,4.0,3.8,3.9,3.7
ITC,3.9,1910.0,"Kolkata, West Bengal",India,"Kolkata, West Bengal",India,22041.0,10001-50000,FMCG,"Job security, Skill development",Promotions,4.1,3.6,3.6,3.8,3.5,3.5,3.1
Megha-Engineering-&-Infrastructures,3.9,1989.0,"Hyderabad/Secunderabad, Telangana",India,"Hyderabad/Secunderabad, Telangana",India,18000.0,10001-50000,Engineering & Construction,Work-life balance,Promotions,3.7,3.8,3.6,3.7,3.6,3.7,3.1
Coforge,3.3,1992.0,"Noida, Uttar Pradesh",India,"Noida, Uttar Pradesh",India,25620.0,10001-50000,IT Services & Consulting,,,3.2,3.4,3.2,3.1,3.1,3.1,2.6
Tata-Projects,4.2,1979.0,"Mumbai, Maharashtra",India,"Mumbai, Maharashtra",India,6372.0,1001-5000,Engineering & Construction,,,4.0,4.0,4.0,3.9,3.9,4.1,3.5
Bajaj-Life-Insurance,3.8,,,,,,,,,,,,,,,,,
Cholamandalam-Investment-&-Finance,3.8,1978.0,"Chennai, Tamil Nadu",India,"Chennai, Tamil Nadu",India,46678.0,10001-50000,Financial Services,Salary,,3.7,3.5,3.6,3.6,3.5,3.8,3.5
L&T-Technology-Services,3.1,,,,,,,,,,,,,,,,,
FIS,3.8,1968.0,,,"Jacksonville,Florida",United States,15000.0,50001-100000,FinTech,,,3.4,4.0,3.7,3.4,3.5,3.5,3.0
Oracle,3.4,1977.0,"Bangalore / Bengaluru, Karnataka",India,"Austin,Texas",United States,57858.0,100001+,Software Product,Work-life balance,"Promotions, Salary, Work satisfaction",3.3,3.8,3.4,3.2,3.2,3.0,2.4
Omega-Healthcare,3.8,2003.0,"Bangalore / Bengaluru, Karnataka",India,"Boca Raton, Florida",,26750.0,10001-50000,BPO,Promotions,,3.7,3.6,3.6,3.6,3.5,3.4,3.1
JLL,4.1,1999.0,"Mumbai, Maharashtra",India,"Mumbai, Maharashtra",India,15001.0,50001-100000,Real Estate,"Job security, Company culture, Work-life balance",,4.1,4.0,4.0,4.0,3.8,3.8,3.4
Muthoot-Finance,3.7,1939.0,"Kochi/Cochin, Kerala",India,"Kochi/Cochin, Kerala",India,29221.0,10001-50000,NBFC,,,3.7,3.5,3.5,3.6,3.4,3.5,3.3
IIFL-Finance,4.0,1995.0,"Mumbai, Maharashtra",India,"Mumbai, Maharashtra",India,14782.0,10001-50000,NBFC,"Work-life balance, Company culture, Job security",,3.8,3.9,3.8,3.8,3.7,3.8,3.6
eClerx,3.1,2000.0,"Mumbai, Maharashtra",India,"Mumbai, Maharashtra",India,12221.0,10001-50000,IT Services & Consulting,"Promotions, Salary, Work satisfaction",,3.4,3.0,2.9,3.1,2.8,2.6,2.4
Indian-Army,4.7,1895.0,"New Delhi, Delhi",India,"New Delhi, Delhi",India,1248000.0,100001+,Defence & Aerospace,"Job security, Company culture, Salary",,4.7,4.6,4.6,4.6,4.6,4.6,4.4
Virtusa-Consulting-Services,3.7,1996.0,,,"Southborough, Massachusetts",United States (USA),18787.0,10001-50000,IT Services & Consulting,Promotions,,3.4,3.7,3.5,3.6,3.4,3.4,3.0
DMart,3.9,2002.0,"Mumbai, Maharashtra",India,"Mumbai, Maharashtra",India,16959.0,10001-50000,Retail,"Job security, Company culture",,4.2,3.7,3.9,3.7,3.6,3.6,3.4
HCL-Group,3.5,1991.0,"Noida, Uttar Pradesh",India,"Noida, Uttar Pradesh",,223420.0,100001+,IT Services & Consulting,,,3.6,3.5,3.3,3.2,3.1,2.8,2.5
PolicyBazaar,3.8,2008.0,"Gurgaon,Haryana",India,"Gurgaon,Haryana",India,14001.0,1001-5000,Internet,,,3.6,3.4,3.5,3.7,3.5,4.0,3.5
HSBC-Group,3.8,1865.0,"Pune, Maharashtra",India,"London, England",United Kingdom,38000.0,100001+,Financial Services,"Job security, Work-life balance, Company culture",Promotions,3.9,3.9,3.8,3.6,3.5,3.4,3.1
Piramal-Finance,4.2,,,,,,15789.0,,NBFC,"Company culture, Work-life balance, Skill development",,3.9,4.1,4.2,4.1,3.9,4.0,3.7
Indiamart-Intermesh,3.5,1996.0,"Noida,Uttar Pradesh",India,"Noida,Uttar Pradesh",India,6102.0,5001-10000,Internet,"Work satisfaction, Promotions, Company culture",,3.4,3.3,3.2,3.4,3.2,3.6,3.2
SMFG-India-Credit,3.9,2007.0,Mumbai,India,Mumbai,India,24932.0,10001-50000,NBFC,Salary,Promotions,3.7,3.7,3.6,3.6,3.6,4.0,3.3
Access-Healthcare,3.7,2011.0,"Chennai, Tamil Nadu",India,"Dallas, Texas",,6001.0,10001-50000,BPO,Job security,Promotions,3.8,3.6,3.6,3.5,3.5,3.7,3.1
BigBasket,3.8,2011.0,"Bangalore,Karnataka",India,"Bangalore,Karnataka",India,18821.0,10001-50000,Internet,,,3.9,3.7,3.7,3.7,3.6,3.6,3.3
Siemens,3.9,1867.0,"Mumbai, Maharashtra",India,"Mumbai, Maharashtra",India,9848.0,10001-50000,Industrial Automation,,,4.0,4.0,3.9,3.8,3.6,3.5,3.1
Aurobindo-Pharma,4.0,1986.0,"Hyderabad/Secunderabad, Telangana",India,"Hyderabad/Secunderabad, Telangana",India,27707.0,10001-50000,Pharma,"Job security, Salary, Work-life balance",,4.3,3.8,3.6,3.6,3.6,3.9,3.4
ICICI-Lombard-General-Insurance-Company,3.5,,,,,,,,,,,,,,,,,
GlobalLogic,3.5,2000.0,,,"San Jose, California",United States (USA),15001.0,10001-50000,IT Services & Consulting,"Promotions, Salary, Work satisfaction",,3.5,3.7,3.6,3.3,3.3,3.0,2.6
Manappuram-Finance,3.9,1949.0,"Thrissur/Trichur, Kerala",India,"Thrissur/Trichur, Kerala",India,24650.0,10001-50000,NBFC,"Work-life balance, Skill development, Promotions",,3.6,3.8,3.7,3.8,3.7,3.7,3.8
Firstsource-Solutions,3.5,2001.0,"Mumbai, Maharashtra",India,"Mumbai, Maharashtra",India,20706.0,100001+,BPO,"Promotions, Salary, Work satisfaction",,3.5,3.5,3.4,3.3,3.3,3.2,3.0
Tata-Capital,4.0,2007.0,"Mumbai, Maharashtra",India,"Mumbai, Maharashtra",India,12384.0,10001-50000,NBFC,"Job security, Company culture, Salary",,3.9,3.8,3.8,3.8,3.7,3.8,3.4
Udaan,3.9,2016.0,"Bangalore,Karnataka",India,"Bangalore,Karnataka",India,4500.0,5001-10000,Internet,"Salary, Skill development",Job security,3.0,3.7,3.7,3.8,3.7,3.9,3.4
UST,3.7,1999.0,,,"Aliso Viejo, California",United States (USA),14037.0,100001+,IT Services & Consulting,Work-life balance,Promotions,3.4,3.8,3.7,3.5,3.5,3.4,3.0
Shapoorji-Pallonji-Group,4.1,,,,,,,,,,,,,,,,,
Standard-Chartered,3.6,1853.0,,,"London, England",United Kingdom (UK),27000.0,50001-100000,Banking,"Promotions, Work satisfaction, Salary",,3.5,3.6,3.5,3.4,3.3,3.3,2.8
Apollo-Hospitals,4.0,1983.0,"Chennai, Tamil Nadu",India,"Chennai, Tamil Nadu",United States,18589.0,10001-50000,Healthcare,"Job security, Skill development, Company culture",,4.0,3.8,3.9,4.0,3.8,3.7,3.4
Bosch-Global-Software-Technologies,3.7,1997.0,"Bengaluru/Bangalore, Karnataka",India,Gerlingen,Germany,26413.0,10001-50000,IT Services & Consulting,"Work-life balance, Company culture, Job security","Promotions, Salary",3.8,4.0,3.8,3.4,3.4,3.1,2.8
Mahindra-Finance,3.9,1991.0,"Mumbai, Maharashtra",India,"Mumbai, Maharashtra",India,25261.0,10001-50000,NBFC,Work-life balance,Promotions,3.6,3.8,3.7,3.7,3.6,3.7,3.3
Swiggy,3.7,2014.0,"Bangalore,Karnataka",India,"Bangalore,Karnataka",India,4488.0,5001-10000,Internet,"Promotions, Job security",,3.2,3.5,3.5,3.5,3.4,3.7,3.2
Ashok-Leyland,4.0,1948.0,"Chennai, Tamil Nadu",India,"Chennai, Tamil Nadu",India,9695.0,10001-50000,Automobile,"Work-life balance, Skill development, Company culture",Promotions,3.8,3.9,3.8,3.9,3.8,3.7,3.3
Citicorp,3.6,1997.0,"Mumbai, Maharashtra",India,"Mumbai, Maharashtra",India,32000.0,100001+,Financial Services,Salary,"Promotions, Work satisfaction, Skill development",3.4,3.5,3.4,3.3,3.3,3.9,3.0
Hero-MotoCorp,4.1,1984.0,"Gurgaon/Gurugram, Haryana",India,"Gurgaon/Gurugram, Haryana",India,9527.0,5001-10000,Automobile,"Work-life balance, Company culture, Job security",,3.8,4.0,3.9,3.8,3.8,3.8,3.4
CGI-Group,4.0,1976.0,"Bangalore / Bengaluru, Karnataka",India,"Montreal, Quebec",Canada,19042.0,50001-100000,IT Services & Consulting,"Job security, Work-life balance, Company culture","Promotions, Salary",4.1,4.1,4.0,3.7,3.7,3.3,3.2
Cyient,3.6,1991.0,"Hyderabad/Secunderabad, Telangana",India,"Hyderabad/Secunderabad, Telangana",India,11884.0,10001-50000,IT Services & Consulting,"Promotions, Salary, Skill development",,3.6,3.7,3.5,3.3,3.4,3.1,2.9
BNY,3.6,1784.0,,,"New York City, New York",United States (USA),17754.0,10001-50000,Financial Services,"Promotions, Job security",,3.0,3.7,3.6,3.5,3.4,3.6,2.8
SBI-Cards-&-Payment-Services,3.6,1998.0,"Gurgaon/Gurugram, Haryana",India,"Gurgaon/Gurugram, Haryana",India,4098.0,1001-5000,Financial Services,"Promotions, Work satisfaction",,3.4,3.4,3.4,3.5,3.3,3.4,3.0
NTT-DATA,3.8,1988.0,,,"Chiyoda-ku, Tokyo",,35500.0,100001+,IT Services & Consulting,,,3.7,3.9,3.7,3.6,3.6,3.5,3.1
Kalpataru-Projects-International,4.2,1981.0,"Mumbai, Maharashtra",India,"Mumbai, Maharashtra",India,8428.0,5001-10000,Engineering & Construction,"Job security, Salary, Skill development",,4.1,3.9,3.9,4.0,3.8,4.0,3.7
IQVIA,3.7,1982.0,"Bangalore / Bengaluru, Karnataka",India,"Durham, North Carolina",,22001.0,50001-100000,Clinical Research,,,3.7,3.8,3.7,3.5,3.4,3.2,2.8
Nagarjuna-Construction-Company,4.0,1998.0,"Hyderabad/Secunderabad, Telangana",India,"Hyderabad/Secunderabad, Telangana",India,7366.0,5001-10000,Engineering & Construction,"Job security, Company culture, Salary",,4.0,3.8,3.8,3.8,3.7,3.8,3.4
JustDial,3.5,1996.0,"Mumbai,Maharashtra",India,"Mumbai,Maharashtra",India,13002.0,10001-50000,Internet,"Promotions, Work satisfaction, Job security",,3.1,3.4,3.2,3.3,3.1,3.3,2.9
Schneider-Electric,4.1,1999.0,,,Paris,France,37001.0,100001+,Industrial Automation,"Company culture, Job security, Work-life balance",Promotions,4.0,4.0,4.0,3.9,3.8,3.7,3.3
CBRE,4.1,1906.0,,,"Dallas, TX ",,13000.0,100001+,Real Estate,"Company culture, Job security, Work-life balance",,4.0,4.0,4.0,4.0,3.9,3.9,3.5
SBI-Life-Insurance-Company,3.7,2001.0,"Mumbai, Maharashtra",India,"Mumbai, Maharashtra",India,25672.0,10001-50000,Insurance,Job security,Promotions,3.9,3.4,3.5,3.6,3.4,3.5,3.3
TVS-Motor,3.8,1979.0,"Chennai, Tamil Nadu",India,"Chennai, Tamil Nadu",India,6522.0,5001-10000,Automobile,"Job security, Salary, Skill development",Promotions,3.8,3.5,3.6,3.8,3.5,3.8,3.3
Persistent-Systems,3.6,1990.0,"Pune, Maharashtra",India,"Pune, Maharashtra",India,22205.0,10001-50000,IT Services & Consulting,,,3.2,3.6,3.5,3.5,3.3,3.3,3.0
State-Bank-of-India,3.8,1806.0,"Mumbai, Maharashtra",India,"Mumbai, Maharashtra",India,236226.0,100001+,Banking,"Job security, Salary, Skill development",,4.0,3.6,3.6,3.8,3.6,3.8,3.5
Atos,3.8,2000.0,"Navi Mumbai, Maharashtra",India,"Navi Mumbai, Maharashtra",India,17647.0,100001+,IT Services & Consulting,Work-life balance,"Promotions, Salary",3.5,4.1,3.7,3.6,3.6,3.3,3.0
KEC-International,4.0,1945.0,"Mumbai, Maharashtra",India,"Mumbai, Maharashtra",India,6709.0,5001-10000,Engineering & Construction,"Job security, Salary, Company culture",Promotions,4.1,3.8,3.8,3.8,3.7,4.0,3.2
vivo,4.1,2009.0,"Gurgaon/Gurugram, Haryana",India,"Gurgaon/Gurugram, Haryana",India,8000.0,10001-50000,Consumer Electronics & Appliances,"Company culture, Skill development, Work-life balance",,3.7,3.8,3.9,3.9,3.7,3.7,3.4
ITC-Infotech,3.8,2000.0,"Bangalore/Bengaluru, Karnataka",India,"Bangalore/Bengaluru, Karnataka",India,12301.0,10001-50000,IT Services & Consulting,"Work-life balance, Job security",Promotions,3.8,3.9,3.7,3.6,3.6,3.6,3.3
Amdocs,3.6,1982.0,"Pune, Maharashtra",India,"Chesterfield,Missouri",United States,11200.0,10001-50000,Software Product,Company culture,"Promotions, Job security, Work satisfaction",3.2,3.6,3.8,3.3,3.3,3.4,2.9
Ecom-Express,4.1,2012.0,"Gurgaon,Haryana",India,"Gurgaon,Haryana",Array,24336.0,10001-50000,Logistics,"Work-life balance, Company culture, Salary",,3.5,4.0,3.9,3.9,3.9,3.9,3.6
JBM-Group,3.9,1983.0,"Gurgaon/Gurugram, Haryana",India,"Gurgaon/Gurugram, Haryana",India,25000.0,10001-50000,Auto Components,,,4.0,3.7,3.6,3.8,3.7,3.5,3.3
Varun-Beverages,4.0,1995.0,"Gurgaon/Gurugram, Haryana",India,"Gurgaon/Gurugram, Haryana",India,10000.0,10001-50000,Beverage,"Job security, Work-life balance, Skill development",Promotions,4.0,3.8,3.7,3.8,3.7,3.7,3.3
Eviden,3.6,,,,,,4200.0,,IT Services & Consulting,Work-life balance,"Promotions, Salary",3.4,3.8,3.6,3.5,3.4,3.1,2.8
Nagarro,3.9,1996.0,,,"Munich, Bavaria",Germany,11934.0,10001-50000,IT Services & Consulting,"Company culture, Work-life balance",Promotions,3.7,4.0,4.0,3.7,3.7,3.7,3.3
Utkarsh-Small-Finance-Bank,3.6,2009.0,"Varanasi,Uttar Pradesh",India,"Varanasi,Uttar Pradesh",India,19779.0,1001-5000,Banking,Promotions,,3.5,3.5,3.4,3.4,3.4,3.5,3.2
Randstad,3.7,1992.0,"Chennai, Tamil Nadu",India,"Chennai, Tamil Nadu",India,70000.0,10001-50000,Recruitment,"Promotions, Job security",,3.2,3.7,3.5,3.4,3.4,3.5,3.0
Bosch,4.1,1886.0,,,"Gerlingen, Baden-Wuerttemberg",Germany,5742.0,100001+,Auto Components,"Work-life balance, Company culture, Job security",Promotions,3.9,4.1,4.0,3.9,3.8,3.8,3.3
EY-Global-Delivery-Services-(-EY-GDS),3.5,,,,,,,,,,,,,,,,,
Hewlett-Packard-Enterprise,4.0,2015.0,"Bengaluru/Bangalore, Karnataka",India,"Houston,Texas",United States,14000.0,50001-100000,IT Services & Consulting,"Company culture, Work-life balance, Job security",Promotions,3.8,4.1,4.1,3.7,3.8,3.5,3.1
L&T-Finance,3.9,,,,,,,,,,,,,,,,,
Aditya-Birla-Fashion-and-Retail,4.0,1988.0,"Mumbai, Maharashtra",India,"Mumbai, Maharashtra",India,26965.0,10001-50000,Fashion & Textile,,,4.0,3.9,3.9,4.0,3.8,3.7,3.4
Havells,3.9,1983.0,"Noida, Uttar Pradesh",India,"Noida, Uttar Pradesh",India,7532.0,5001-10000,Electrical Equipment,"Salary, Work-life balance",,3.6,3.8,3.7,3.7,3.6,3.8,3.4
Cars24,3.4,2015.0,"Gurgaon,Haryana",India,"Gurgaon,Haryana",India,8000.0,1001-5000,Internet,"Job security, Promotions, Work satisfaction",,2.9,3.2,3.2,3.4,3.2,3.6,3.1
Mahindra-Logistics,3.7,1986.0,"Pune, Maharashtra",India,"Pune, Maharashtra",India,119343.0,100001+,IT Services & Consulting,"Promotions, Salary, Work satisfaction",,3.3,3.4,3.2,3.3,3.1,2.9,2.7
Intas-Pharmaceuticals,4.1,1977.0,"Ahmedabad, Gujrat",India,"Ahmedabad, Gujrat",India,17439.0,10001-50000,Pharma,"Job security, Salary, Work-life balance",,4.1,3.9,3.7,3.7,3.7,4.0,3.6
R1-RCM,3.8,2007.0,"Gurgaon / Gurugram, Haryana",India,"Murray, Utah",United States (USA),16575.0,10001-50000,BPO,Job security,Promotions,3.8,3.7,3.7,3.5,3.5,3.6,3.3
Home-Credit-Finance,4.0,2012.0,Gurugram,India,Gurugram,India,4000.0,10001-50000,NBFC,"Work-life balance, Company culture, Skill development",,3.6,4.0,3.9,3.9,3.8,3.7,3.5
Dell,3.8,1984.0,,,"Round Rock,Texas",United States,30960.0,100001+,Consumer Electronics & Appliances,"Work-life balance, Company culture","Promotions, Job security",3.3,3.9,3.8,3.6,3.6,3.6,3.0
Tata-AIA-Life-Insurance,3.9,2001.0,"Mumbai, Maharashtra",India,"Mumbai, Maharashtra",India,15510.0,10001-50000,Insurance,"Job security, Salary, Skill development",,3.8,3.6,3.7,3.8,3.5,3.8,3.5
Hetero,3.9,1993.0,"Hyderabad/Secunderabad, Telangana",India,"Hyderabad/Secunderabad, Telangana",India,3201.0,10001-50000,Pharma,,,4.1,3.8,3.6,3.7,3.6,3.5,3.3
Deutsche-Bank,3.9,1870.0,,,Frankfurt,Germany,23000.0,10001-50000,Banking,"Job security, Work-life balance, Company culture",Promotions,4.0,4.0,3.8,3.5,3.5,3.5,3.0
OPPO,3.9,2004.0,"Gurgaon / Gurugram, Haryana",India,"Dongguan, Guangdong",China,4089.0,10001-50000,Consumer Electronics & Appliances,Skill development,Promotions,3.4,3.7,3.6,3.8,3.6,3.5,3.2
Berger-Paints,3.7,1923.0,"Kolkata, West Bengal",India,"Kolkata, West Bengal",India,4760.0,1001-5000,Chemicals,,,3.6,3.3,3.4,3.6,3.4,3.6,3.2
Hyundai-Motor-India-Limited,4.1,1967.0,"Gurugram, Haryana",India,"Gurugram, Haryana",,6081.0,10001-50000,Automobile,"Job security, Salary, Skill development",,4.1,3.9,3.9,4.0,3.9,4.0,3.5
Lenskart,3.3,2010.0,"Faridabad, Haryana",India,"Faridabad, Haryana",India,17607.0,10001-50000,Internet,,,3.1,3.1,3.0,3.3,3.0,3.3,2.8
Motilal-Oswal-Financial-Services,3.7,1987.0,"Mumbai, Maharashtra",India,"Mumbai, Maharashtra",India,10010.0,11-50,Financial Services,,,3.5,3.4,3.5,3.8,3.4,3.6,3.3
TeamLease-Services,3.9,2016.0,"Bangalore/Bengaluru, Karnataka",India,"Bangalore/Bengaluru, Karnataka",India,2263.0,1001-5000,Recruitment,Work-life balance,Promotions,3.6,3.8,3.7,3.7,3.7,3.7,3.1
VE-Commercial-Vehicles,3.9,2008.0,"Gurgaon/Gurugram, Haryana",India,"Gurgaon/Gurugram, Haryana",India,3099.0,10001-50000,Automobile,"Job security, Company culture, Skill development",Promotions,4.1,3.7,3.8,3.8,3.7,3.4,3.2
Thermax-Limited,4.2,,,,,,,,,,,,,,,,,
Carelon-Global-Solutions,3.9,,,,"Indianapolis, Indiana",United States,16913.0,"10,001+",IT Services & Consulting,"Company culture, Job security, Work-life balance",Promotions,3.9,3.9,3.9,3.5,3.6,3.8,3.1
Jubilant-Foods-Works,3.7,1995.0,"Noida, Uttar Pradesh",India,"Noida, Uttar Pradesh",India,10298.0,10001-50000,Hospitality,Promotions,,3.5,3.5,3.5,3.7,3.4,3.7,3.3
Macleods-Pharmaceuticals,3.7,1986.0,"Mumbai, Maharashtra",India,"Mumbai, Maharashtra",India,18001.0,10001-50000,Pharma,Job security,"Promotions, Company culture",3.9,3.5,3.3,3.5,3.5,3.5,3.2
Aakash-Educational-Services,3.2,1988.0,"New Delhi, Delhi",India,"New Delhi, Delhi",India,10191.0,10001-50000,Education & Training,"Promotions, Work-life balance, Job security",,2.9,2.9,3.0,3.2,3.0,3.5,2.7
Bajaj-Auto,3.8,1945.0,"Pune, Maharashtra",India,"Pune, Maharashtra",India,5598.0,10001-50000,Automobile,Promotions,,3.6,3.7,3.7,3.7,3.5,3.5,2.9
LG-Electronics,3.8,1958.0,,,"Seoul, Seoul",South Korea,3693.0,50001-100000,Consumer Electronics & Appliances,Job security,Promotions,3.8,3.5,3.6,3.7,3.5,3.7,3.3
Jindal-Steel-Limited,3.9,1979.0,"Delhi/NCR, New Delhi",India,"Delhi/NCR, New Delhi",India,5918.0,10001-50000,Iron & Steel,Skill development,,3.7,3.7,3.6,3.9,3.6,3.7,3.4
Kogta-Financial-India-Limited,4.7,1996.0,"Jaipur, Rajasthan",India,"Jaipur, Rajasthan",India,6139.0,5001-10000,NBFC,"Company culture, Work-life balance, Job security",,4.5,4.6,4.6,4.5,4.5,4.3,4.3
State-Street-Corporation,3.5,1792.0,,,"Boston,Massachusetts",United States,22000.0,100001+,Financial Services,"Promotions, Work satisfaction, Salary",,3.3,3.5,3.3,3.3,3.2,3.2,2.8
Hindalco-Industries,4.2,1958.0,"Mumbai, Maharashtra",India,"Mumbai, Maharashtra",India,22947.0,10001-50000,Metals & Mining,"Job security, Work-life balance, Skill development",,4.4,4.1,4.0,4.1,3.9,3.7,3.5
Cloudnine-Hospital,4.5,2007.0,"Bangalore,Karnataka",India,"Bangalore,Karnataka",India,5700.0,5001-10000,Healthcare,"Company culture, Job security, Skill development",,4.4,4.3,4.4,4.4,4.3,4.1,4.1
Royal-Enfield,4.2,1901.0,"Gurgaon/Gurugram, Haryana",India,"Gurgaon/Gurugram, Haryana",India,5178.0,5001-10000,Automobile,"Work-life balance, Skill development, Company culture",,3.8,4.0,3.9,4.0,3.9,3.7,3.4
HDFC-ERGO-General-Insurance,4.0,2002.0,"Mumbai, Maharashtra",India,"Mumbai, Maharashtra",India,10345.0,1001-5000,Insurance,"Company culture, Work-life balance, Job security",Promotions,3.8,3.9,3.9,3.7,3.7,3.6,3.3
John-Deere,4.0,2001.0,,,"Moline, Illinois",United States (USA),5500.0,10001-50000,Industrial Machinery,"Company culture, Work-life balance, Skill development",Promotions,3.6,4.0,4.1,3.9,3.7,3.7,3.1
DCB-Bank,3.8,1930.0,"Mumbai, Maharashtra",India,"Mumbai, Maharashtra",India,11012.0,5001-10000,Banking,,,3.6,3.8,3.7,3.6,3.5,3.7,3.4
Tata-Communications,3.9,1986.0,"Mumbai, Maharashtra",India,"Mumbai, Maharashtra",India,5852.0,5001-10000,Telecom,"Work-life balance, Company culture, Job security",Promotions,3.8,3.9,3.8,3.7,3.6,3.4,3.0
RBL-Bank,3.5,1943.0,"Mumbai, Maharashtra",India,"Mumbai, Maharashtra",India,14057.0,5001-10000,Banking,"Promotions, Work satisfaction, Company culture",,3.4,3.4,3.2,3.3,3.2,3.4,3.0
Cummins,4.3,1919.0,"Pune, Maharashtra",India,"Columbus, Indiana",United States (USA),3025.0,10001-50000,Industrial Machinery,"Company culture, Work-life balance, Skill development",,3.9,4.3,4.4,4.1,4.1,4.0,3.5
Publicis-Sapient,3.2,1990.0,"Bengaluru/Bangalore, Karnataka",India,"Boston, Massachusetts",,10001.0,10001-50000,IT Services & Consulting,,,2.9,3.3,3.2,3.4,3.1,3.4,2.5
Bank-of-America,4.1,1998.0,"Hyderabad / Secunderabad, Telangana",India,Charlotte,UnitedStates,27001.0,100001+,Banking,"Job security, Work-life balance, Company culture",Promotions,4.5,4.3,4.1,3.6,3.8,3.7,3.1
Alembic-Pharmaceuticals,3.9,1907.0,"Vadodara/Baroda, Gujrat",India,"Vadodara/Baroda, Gujrat",India,16571.0,5001-10000,Pharma,"Salary, Work-life balance",,3.5,3.8,3.7,3.7,3.6,4.0,3.5
Pidilite-Industries,4.2,1959.0,"Mumbai, Maharashtra",India,"Mumbai, Maharashtra",India,8153.0,5001-10000,Chemicals,,,4.3,4.2,4.1,4.0,4.0,3.8,3.4
Oyo-Rooms,3.0,2012.0,"Gurgaon,Haryana",India,"Gurgaon,Haryana",India,3100.0,10001-50000,Internet,"Job security, Work satisfaction, Promotions",,2.6,2.8,2.8,2.9,2.7,3.4,2.7
Grasim-Industries,4.0,1947.0,Nagda,India,Nagda,India,27327.0,10001-50000,Building Material,"Job security, Skill development, Company culture",Promotions,4.1,3.8,3.8,3.9,3.7,3.6,3.3
Aditya-Birla-Sun-Life-Insurance,4.0,2000.0,"Mumbai, Maharashtra",India,"Mumbai, Maharashtra",India,30075.0,10001-50000,Insurance,"Work-life balance, Company culture, Job security",,3.8,3.9,3.8,3.8,3.6,3.8,3.6
American-Express,4.1,1850.0,"Gurgaon / Gurugram, Haryana",India,"New York City,New York",United States,22750.0,50001-100000,Financial Services,"Company culture, Work-life balance, Job security",Promotions,4.0,4.1,4.1,3.7,3.8,4.0,3.3
Kyndryl,4.0,2022.0,,,"New York City, USA",,23725.0,10001-50000,IT Services & Consulting,"Work-life balance, Company culture, Skill development",Promotions,3.7,4.1,3.9,3.9,3.7,3.6,3.1
Subros,3.8,1985.0,"Noida, Uttar Pradesh",India,"Noida, Uttar Pradesh",India,3908.0,1001-5000,Auto Components,"Job security, Company culture, Skill development","Salary, Promotions",4.1,3.7,3.8,3.8,3.5,3.1,3.2
PNB-MetLife,3.3,2001.0,"Mumbai, Maharashtra",India,"Mumbai, Maharashtra",India,8774.0,10001-50000,Insurance,"Job security, Work satisfaction, Company culture",,3.0,3.2,3.1,3.3,3.1,3.5,3.2
ADP-Private-Limited,3.9,1949.0,"Hyderabad / Secunderabad, Telangana",India,"Roseland, New Jersey",,13001.0,50001-100000,Software Product,"Job security, Work-life balance, Company culture",Promotions,4.2,3.9,3.8,3.5,3.6,3.4,3.0
Altruist-Technologies,4.4,2005.0,"Chandigarh,Union Territory Of Chandigarh",India,"Chandigarh,Union Territory Of Chandigarh",India,14001.0,10001-50000,BPO,"Job security, Work-life balance, Skill development",,4.4,4.4,4.3,4.4,4.3,4.2,4.3
Aditya-Birla-Capital,3.8,2017.0,Mumbai,India,Mumbai,India,60187.0,10001-50000,NBFC,Promotions,,3.6,3.7,3.7,3.6,3.5,3.7,3.3
XpressBees,4.2,2015.0,"Pune,Maharashtra",India,"Pune,Maharashtra",India,8007.0,5001-10000,Logistics,"Work-life balance, Skill development, Company culture",,4.0,4.1,4.0,4.1,4.0,4.0,3.8
Viatris,4.1,1984.0,,,"Pittsburgh, Pennsylvania, United States",,9000.0,10001-50000,Pharma,,,4.0,3.9,3.8,3.7,3.8,4.2,3.6
Escorts-Kubota-Limited,4.1,1944.0,"Faridabad, Haryana",India,"Faridabad, Haryana",Array,17205.0,,Industrial Machinery,,,3.8,4.0,3.9,3.9,3.8,3.6,3.4
PVR-INOX,3.9,,,,,,,,,,,,,,,,,
Reliance-Communications,4.0,2002.0,"Navi Mumbai, Maharashtra",India,"Navi Mumbai, Maharashtra",India,464.0,1001-5000,Telecom,"Skill development, Company culture, Job security",,3.8,3.8,3.8,3.9,3.8,3.8,3.4
KPIT-Technologies,2.8,1990.0,"Pune, Maharashtra",India,"Pune, Maharashtra",India,9418.0,5001-10000,Software Product,"Promotions, Job security, Work satisfaction",,2.4,2.8,2.7,2.9,2.6,2.8,2.4
Maersk,4.0,1904.0,"Bengaluru/Bangalore, Karnataka",India,Copenhagen,Denmark,16159.0,100001+,Logistics,,,3.6,4.0,4.0,3.7,3.7,3.7,3.1
Birlasoft,3.4,1995.0,"Pune, Maharashtra",India,"Pune, Maharashtra",India,10882.0,5001-10000,IT Services & Consulting,"Promotions, Salary, Work satisfaction",,3.3,3.6,3.3,3.3,3.2,3.1,2.6
Synechron,3.4,2001.0,"Pune, Maharashtra",India,"New York, New York",United States (USA),10173.0,10001-50000,IT Services & Consulting,"Job security, Promotions, Work satisfaction",,2.7,3.5,3.4,3.4,3.2,3.6,2.9
JK-Cement,4.0,1975.0,"Kamla Tower, Kanpur",India,"Gurgaon / Gurugram, Haryana",India,4854.0,1001-5000,Building Material,Salary,,3.7,3.7,3.7,3.7,3.7,4.0,3.5
Glenmark-Pharmaceuticals,3.8,1977.0,"Mumbai, Maharashtra",India,"Mumbai, Maharashtra",India,13477.0,10001-50000,Pharma,Promotions,,3.6,3.6,3.6,3.7,3.5,3.7,3.2
Kotak-Mahindra-Life-Insurance-Company,3.5,2001.0,"Mumbai, Maharashtra",India,"Mumbai, Maharashtra",India,16000.0,10001-50000,Insurance,"Promotions, Work satisfaction, Work-life balance",,3.5,3.3,3.3,3.4,3.2,3.3,3.1
Bharat-Electronics,4.2,1954.0,"Bangalore/Bengaluru, Karnataka",India,"Bangalore/Bengaluru, Karnataka",India,11199.0,10001-50000,Electronics Manufacturing,"Work-life balance, Company culture, Skill development",,3.8,4.2,4.0,3.9,3.9,3.8,3.5
Sodexo,4.0,1966.0,,,Issy les Moulineaux,France,58000.0,100001+,Facility Management Services,"Company culture, Work-life balance, Job security",,3.8,3.9,3.9,3.8,3.8,3.7,3.4
Dabur,3.8,1884.0,"Ghaziabad, Uttar Pradesh",India,"Ghaziabad, Uttar Pradesh",India,5343.0,5001-10000,FMCG,Salary,Promotions,3.7,3.6,3.5,3.6,3.5,3.8,3.2
Cogent-E-Services,3.1,2004.0,"Noida, Uttar Pradesh",India,"Noida, Uttar Pradesh",India,20001.0,10001-50000,BPO,"Work satisfaction, Promotions, Salary",,3.1,3.0,2.9,3.1,2.9,2.9,2.9
Godrej-&-Boyce-Manufacturing,3.9,1897.0,"Mumbai, Maharashtra",India,"Mumbai, Maharashtra",India,17263.0,10001-50000,Consumer Electronics & Appliances,Job security,Promotions,4.1,3.7,3.7,3.7,3.6,3.5,3.1
Abbott,4.1,1910.0,"Mumbai, Maharashtra",India,"Illinois City, Illinois",United States (USA),3659.0,10001-50000,Pharma,"Salary, Work-life balance, Skill development",Promotions,3.7,4.0,3.9,4.0,3.8,4.0,3.2
PhonePe,4.0,2015.0,"Bangalore,Karnataka",India,"Bangalore,Karnataka",India,20001.0,1001-5000,FinTech,"Salary, Work-life balance, Company culture",,3.8,3.9,3.8,3.8,3.7,4.0,3.5
Samvardhana-Motherson-Group,3.7,1986.0,"Noida, Uttar Pradesh",India,"Noida, Uttar Pradesh",India,89652.0,100001+,Auto Components,Job security,Promotions,4.1,3.5,3.4,3.5,3.4,3.4,3.3
Ipca-Laboratories,3.8,1949.0,"Mumbai, Maharashtra",India,"Mumbai, Maharashtra",India,16914.0,10001-50000,Pharma,"Job security, Work-life balance","Promotions, Salary",4.1,3.9,3.7,3.7,3.7,3.1,3.0
Aarti-Industries,4.1,1975.0,"Mumbai, Maharashtra",India,"Mumbai, Maharashtra",India,5868.0,1001-5000,Agro Chemicals,"Job security, Work-life balance, Company culture",,4.3,4.1,4.0,4.0,3.9,3.5,3.5
Reliance-Projects-&-Property-Management-Services,4.0,,,,,,20000.0,,Other,"Job security, Skill development, Company culture",Promotions,3.9,3.8,3.8,3.9,3.7,3.7,3.2
Blinkit,3.8,2013.0,"Gurgaon,Haryana",India,"Gurgaon,Haryana",India,5975.0,1001-5000,Internet,"Salary, Skill development",Promotions,3.4,3.5,3.5,3.8,3.5,3.8,3.3
UNO-Minda,4.0,1958.0,Gurgaon,India,Gurgaon,India,13445.0,10001-50000,Auto Components,"Job security, Company culture, Skill development",,4.1,3.7,3.8,3.8,3.7,3.7,3.4
Reliance-Digital,4.1,2007.0,"Mumbai, Maharashtra",India,"Mumbai, Maharashtra",India,9054.0,5001-10000,Retail,"Skill development, Job security, Company culture",,4.1,4.0,4.0,4.2,3.9,3.6,3.5
IGT-Solutions,3.2,1998.0,"Gurgaon/Gurugram, Haryana",India,"Gurgaon/Gurugram, Haryana",India,9387.0,10001-50000,BPO,"Promotions, Salary, Work satisfaction",,3.1,3.1,3.0,3.1,3.0,2.8,2.7
MRF-Tyres,3.6,1946.0,"Chennai, Tamil Nadu",India,"Chennai, Tamil Nadu",India,17850.0,10001-50000,Auto Components,"Work satisfaction, Company culture, Promotions",,3.7,3.2,3.1,3.3,3.1,3.7,3.2
Indian-Oil-Corporation,4.3,1959.0,"Delhi/NCR, Delhi",India,"Delhi/NCR, Delhi",India,29941.0,10001-50000,Oil & Gas,"Company culture, Work-life balance, Job security",,4.1,4.2,4.2,4.1,4.1,4.0,3.7
ArcelorMittal-Nippon-Steel-India,4.1,,,,,,,,,,,,,,,,,
Johnson-Controls,3.5,1885.0,"Pune, Maharashtra",India,"Cork, Ireland",,7427.0,50001-100000,Industrial Automation,,,3.3,3.5,3.3,3.3,3.3,3.5,3.0
Alkem-Laboratories,3.9,1973.0,"Mumbai, Maharashtra",India,"Mumbai, Maharashtra",India,18785.0,10001-50000,Pharma,,,3.5,3.8,3.6,3.7,3.6,3.8,3.4
"NTT-DATA,-Inc.",3.9,,,,,,,,,,,,,,,,,
Honda-Motorcycle-&-Scooter,4.1,2001.0,"Gurgaon/Gurugram, Haryana",India,"Gurgaon/Gurugram, Haryana",India,23000.0,5001-10000,Automobile,"Job security, Company culture, Work-life balance",,4.1,4.0,4.0,3.8,3.8,3.9,3.4
[24]7.ai,3.4,,,,,,,,,,,,,,,,,
Vishal-Mega-Mart,3.7,2008.0,"Gurgaon/Gurugram, Haryana",India,"Gurgaon/Gurugram, Haryana",India,18029.0,10001-50000,Retail,Salary,,3.4,3.5,3.5,3.6,3.5,3.9,3.5
UBS,3.8,1998.0,,,Zurich,Switzerland,15001.0,50001-100000,Financial Services,"Work-life balance, Company culture",Promotions,3.4,4.0,3.8,3.5,3.5,3.6,2.9
Hindustan-Coca-Cola-Beverages,4.0,1997.0,Bangalore,India,Bangalore,India,5001.0,5001-10000,Beverage,"Salary, Skill development, Company culture",Promotions,3.8,3.7,3.8,3.9,3.7,4.0,3.3
Barclays,3.7,1690.0,,,London,UnitedKingdom,30000.0,50001-100000,Banking,Work-life balance,"Promotions, Skill development",3.7,3.8,3.6,3.3,3.4,3.7,2.9
Bajaj-General-Insurance-Limited,3.7,,,,,,9799.0,,Insurance,"Promotions, Work satisfaction",,3.5,3.4,3.5,3.6,3.3,3.7,3.2
IndusInd-Nippon-Life-Insurance,3.4,,,,,,,,,"Job security, Work satisfaction, Promotions",,,,,,,,
ABB,4.0,,,,Zurich,Switzerland,3625.0,100001+,Industrial Machinery,,,4.0,4.0,3.9,3.8,3.8,3.6,3.2
DTDC-Express,3.7,1988.0,,,,,,,,,,,,,,,,
Ceat-Tyres,3.9,,"Mumbai, Maharashtra",India,"Mumbai, Maharashtra",India,9428.0,5001-10000,Auto Components,"Job security, Company culture, Skill development","Promotions, Salary",4.0,3.7,3.9,3.8,3.5,3.3,3.1
Ford-Motor,4.2,1958.0,,,"Dearborn, Michigan",United States (USA),14000.0,100001+,Automobile,"Company culture, Work-life balance, Salary",,3.9,4.2,4.3,3.9,3.9,4.0,3.4
TVS-Credit-Services-Ltd,4.2,1903.0,"Chennai,Tamil Nadu",India,"Chennai,Tamil Nadu",India,15001.0,10001-50000,NBFC,,,4.0,4.0,4.0,4.0,3.9,4.1,3.6
NatWest-Group,3.9,2010.0,,,"Edinburgh, Scotland",,17001.0,10001-50000,Banking,"Work-life balance, Job security, Company culture","Promotions, Salary",4.1,4.2,4.0,3.6,3.6,3.3,2.9
RSPL-Group,4.1,,"Gurgaon / Gurugram, Haryana",India,"Kanpur, Uttar Pradesh",India,25001.0,100001+,FMCG,"Job security, Work-life balance, Company culture",,4.0,3.9,3.8,3.8,3.8,3.7,3.4
AGS-Health,4.0,1987.0,"Chennai, Tamil Nadu",India,Washington DC,United States (USA),13228.0,10001-50000,Analytics & KPO,"Company culture, Job security, Work-life balance",,3.9,3.9,4.0,3.8,3.8,3.5,3.4
HARMAN,3.8,2011.0,"Bangalore / Bengaluru, Karnataka",India,"Stamford, Connecticut",United States (USA),10000.0,10001-50000,Consumer Electronics & Appliances,"Work-life balance, Company culture",Promotions,3.5,3.9,3.8,3.5,3.5,3.7,3.2
Croma,3.8,2009.0,"Mumbai, Maharashtra",India,"Mumbai, Maharashtra",India,13790.0,1001-5000,Retail,,,3.8,3.8,3.6,3.8,3.6,3.5,3.2
Niva-Bupa-Health-Insurance-Company,4.0,2006.0,,,,,,,,,,,,,,,,
Conduent,3.4,,"Bengaluru/Bangalore, Karnataka",India,"Florham Park, New Jersey",United States (USA),11001.0,50001-100000,BPO,,,3.6,3.7,3.4,3.1,3.2,2.8,2.4
Alstom-Transportation,3.7,2017.0,"Bengaluru/Bangalore, Karnataka",India,"Saint-Ouen, France",France,10501.0,50001-100000,Engineering & Construction,Job security,Promotions,3.9,3.6,3.5,3.5,3.4,3.6,3.0
InterGlobe-Aviation,3.5,1928.0,"Gurgaon/Gurugram, Haryana",India,"Gurgaon/Gurugram, Haryana",India,9387.0,10001-50000,BPO,"Promotions, Salary, Work satisfaction",,3.1,3.1,3.0,3.1,3.0,2.8,2.7
Indian-Air-Force,4.6,1998.0,"New Delhi, Delhi",India,"New Delhi, Delhi",India,135000.0,100001+,Defence & Aerospace,"Job security, Company culture, Salary",,4.7,4.2,4.3,4.3,4.2,4.3,3.8
Tata-Technologies,3.4,1932.0,"Pune, Maharashtra",India,Singapore,Singapore,10421.0,5001-10000,Engineering & Construction,"Promotions, Salary, Work satisfaction",,3.6,3.7,3.4,3.2,3.2,2.9,2.6
Tata-AIG,4.0,1989.0,"Mumbai, Maharashtra",India,"Mumbai, Maharashtra",India,8965.0,5001-10000,Insurance,"Job security, Company culture, Work-life balance",Promotions,4.1,3.9,3.9,3.8,3.7,3.6,3.2
GeBBS-Healthcare-Solutions,3.8,2000.0,"Navi Mumbai, Maharashtra",India,"East Haven, Connecticut",,8834.0,5001-10000,BPO,Job security,"Promotions, Salary",3.9,3.6,3.6,3.7,3.5,3.3,3.2
UPL,4.1,2005.0,"Mumbai, Maharashtra",India,"Mumbai, Maharashtra",India,6460.0,10001-50000,Agro Chemicals,"Job security, Work-life balance, Skill development",,4.1,4.0,3.9,4.0,3.9,3.9,3.5
Canara-HSBC-Life-Insurance,4.1,1969.0,"Gurgaon/Gurugram, Haryana",India,"Gurgaon/Gurugram, Haryana",Array,5501.0,5001-10000,Insurance,,,3.9,4.0,3.9,4.0,3.9,4.1,4.0
Allcargo-Logistics,3.8,2008.0,"Mumbai, Maharashtra",India,"Mumbai, Maharashtra",India,557.0,5001-10000,Logistics,Promotions,,3.7,3.7,3.6,3.7,3.6,3.5,3.2
PepsiCo,4.0,1993.0,"Gurgaon / Gurugram, Haryana",India,"Harrison, New York",United States (USA),15001.0,100001+,Food Processing,"Company culture, Work-life balance, Job security",,3.8,4.0,4.0,3.8,3.8,3.8,3.4
Max-Healthcare,4.0,1965.0,"Delhi/NCR, New Delhi",India,"Delhi/NCR, New Delhi",India,15114.0,10001-50000,Healthcare,"Job security, Skill development, Company culture",,3.9,3.8,3.8,3.9,3.7,3.6,3.4
Sagility,3.9,2001.0,"Bangalore Rural, Karnataka",India,"Westminster, Colorado",,18293.0,10001-50000,BPO,"Job security, Company culture, Work-life balance","Promotions, Salary",4.3,3.9,3.9,3.8,3.7,3.3,3.3
Dilip-Buildcon,3.9,2022.0,"Bhopal, Madhya Pradesh",India,"Bhopal, Madhya Pradesh",India,22082.0,10001-50000,Engineering & Construction,Salary,Promotions,3.4,3.7,3.6,3.7,3.7,3.8,3.3
Mankind-Pharma,3.8,1987.0,"New Delhi, Delhi",India,"New Delhi, Delhi",India,19620.0,10001-50000,Pharma,,,3.5,3.5,3.5,3.7,3.5,3.8,3.5
Marpu-Foundation,4.9,1995.0,"Hyderabad/Secunderabad, Telangana",India,"Hyderabad/Secunderabad, Telangana",,132.0,201-500,Non-Profit,"Company culture, Work-life balance, Skill development",,4.7,4.8,4.8,4.8,4.8,4.5,4.6
Amazon-Transportation-Services,4.2,2016.0,,,"Seattle, Washington",United States (USA),2993.0,5001-10000,Logistics,"Company culture, Salary, Skill development",,3.8,4.0,4.1,4.1,4.0,4.1,3.5
Titan-Company,4.2,2012.0,"Bangalore, Karnataka",India,"Bangalore, Karnataka",India,9043.0,10001-50000,Retail,"Company culture, Job security, Work-life balance",,4.2,4.1,4.2,4.0,3.9,3.7,3.4
Jindal-Stainless,4.2,1984.0,"Delhi/NCR, New Delhi",India,"Delhi/NCR, New Delhi",India,5728.0,100001+,Iron & Steel,"Job security, Work-life balance, Skill development",,4.2,4.0,3.8,4.0,3.9,3.8,3.5
Walmart,3.5,1970.0,"Bangalore/Bengaluru, Karnataka",India,"Bangalore/Bengaluru, Karnataka",India,11692.0,100001+,Retail,"Promotions, Work satisfaction, Job security",,3.2,3.4,3.4,3.3,3.2,3.5,2.8
Societe-Generale-Global-Solution-Centre,3.6,2009.0,"Bangalore/Bengaluru, Karnataka",India,"Paris, France",,11001.0,100001+,IT Services & Consulting,,,3.9,3.9,3.5,3.3,3.3,3.2,2.6
S&P-Global,4.0,2000.0,,,,,,,,,,,,,,,,
Varroc-Group,3.6,,Aurangabad,India,Aurangabad,India,5706.0,501-1000,Auto Components,"Promotions, Job security, Company culture",,3.2,3.5,3.3,3.5,3.4,3.4,3.1
MSN-Laboratories,3.6,1988.0,"Hyderabad/Secunderabad, Telangana",India,"Hyderabad/Secunderabad, Telangana",India,12550.0,10001-50000,Pharma,Job security,"Company culture, Work satisfaction, Promotions",3.9,3.3,3.1,3.4,3.2,3.5,3.3
Quest-Global,3.5,2003.0,"Bangalore / Bengaluru, Karnataka",India,Singapore,Singapore,21000.0,10001-50000,IT Services & Consulting,"Promotions, Salary, Work satisfaction",,3.4,3.6,3.5,3.3,3.2,3.0,2.8
Afcons-Infrastructure,4.2,1997.0,"Mumbai, Maharashtra",India,"Mumbai, Maharashtra",India,3793.0,1001-5000,Engineering & Construction,"Job security, Skill development, Company culture",,4.1,3.8,4.0,4.1,4.0,4.0,3.7
Torrent-Pharmaceuticals,4.0,1959.0,"Ahmedabad, Gujarat",India,"Ahmedabad, Gujarat",India,15112.0,10001-50000,Pharma,,,4.3,4.1,4.0,3.7,3.8,3.4,3.0
Ola-Electric-Mobility,3.3,1971.0,"Bangalore,Karnataka",India,"Bangalore,Karnataka",India,4037.0,501-1000,Automobile,Salary,"Job security, Promotions, Company culture",2.7,3.1,3.0,3.5,3.1,3.8,2.9
ESAF-Small-Finance-Bank,3.6,2017.0,"Thrissur/Trichur, Kerala",India,"Thrissur/Trichur, Kerala",India,8336.0,1001-5000,Banking,"Promotions, Work satisfaction",,3.4,3.5,3.4,3.5,3.3,3.5,3.1
IDFC-FIRST-Bharat,4.2,2016.0,Tiruchirappalli,India,Tiruchirappalli,India,18505.0,10001-50000,Financial Services,"Salary, Company culture, Job security",,4.0,4.0,4.0,4.0,3.9,4.1,3.7
Future-Group,4.3,2016.0,"Mumbai, Maharashtra",India,"Mumbai, Maharashtra",India,21866.0,50001-100000,Retail,"Skill development, Company culture, Work-life balance",,4.0,4.1,4.1,4.2,4.0,3.9,3.8
Square-Yards,3.6,2013.0,"Gurgaon / Gurugram, Haryana",India,"Gurgaon / Gurugram, Haryana",Array,6000.0,,Internet,,,3.3,3.4,3.4,3.6,3.4,3.6,3.6
HDFC-Sales,3.9,2014.0,"Mumbai, Maharashtra",India,"Mumbai, Maharashtra",India,11001.0,10001-50000,Financial Services,"Skill development, Company culture, Work-life balance","Promotions, Salary",3.7,3.8,3.8,3.9,3.7,3.3,3.2
CMS-IT-Services,3.1,2004.0,"Bangalore,Karnataka",India,"Bangalore,Karnataka",India,3043.0,1001-5000,IT Services & Consulting,,,3.0,3.1,2.9,3.0,2.9,2.6,2.4
Zensar-Technologies,3.7,2014.0,"Pune, Maharashtra",India,"Pune, Maharashtra",India,9975.0,5001-10000,IT Services & Consulting,Work-life balance,Promotions,3.4,3.8,3.5,3.5,3.5,3.4,3.0
DS-Group,4.1,2001.0,"Noida, Uttar Pradesh",India,"Noida, Uttar Pradesh",India,10001.0,5001-10000,FMCG,"Work-life balance, Company culture, Job security",,3.9,4.0,3.9,3.8,3.8,3.9,3.4
Tata-Elxsi,3.4,1929.0,"Bangalore/Bengaluru, Karnataka",India,"Bangalore/Bengaluru, Karnataka",India,11973.0,10001-50000,IT Services & Consulting,"Salary, Promotions, Work satisfaction",,3.6,3.6,3.3,3.3,3.2,2.8,2.9
Bharat-Financial-Inclusion,3.7,1989.0,Hyderabad,India,Hyderabad,India,40700.0,10001-50000,Financial Services,Salary,"Work satisfaction, Promotions",3.6,3.4,3.5,3.5,3.3,3.8,3.3
I-Process-Services,3.8,1998.0,"Mumbai, Maharashtra",India,"Mumbai, Maharashtra",India,25001.0,5001-10000,Recruitment,Work-life balance,"Promotions, Salary",3.5,3.8,3.7,3.7,3.6,3.2,2.8
Suzlon-Group,4.0,2005.0,"Pune,Maharashtra",India,"Pune,Maharashtra",India,8501.0,5001-10000,Power,"Job security, Skill development, Work-life balance",Promotions,4.0,3.9,3.8,4.0,3.8,3.4,3.2
ACC,3.9,1995.0,"Mumbai, Maharashtra",India,"Mumbai, Maharashtra",India,3170.0,5001-10000,Building Material,Promotions,,3.4,3.7,3.6,3.7,3.6,3.7,3.2
Fujitsu,3.8,1936.0,"Bangalore/Bengaluru, Karnataka",India,"Bangalore/Bengaluru, Karnataka",India,10552.0,50001-100000,IT Services & Consulting,"Work-life balance, Company culture",Promotions,3.6,4.1,3.8,3.5,3.5,3.5,3.0
Eternal-Limited,3.6,1935.0,,,,,,,,,,,,,,,,
Indus-Towers,3.6,,"Gurgaon,Haryana",India,"Gurgaon,Haryana",India,3791.0,5001-10000,Telecom,"Promotions, Job security, Work satisfaction",,3.2,3.3,3.4,3.4,3.3,3.7,3.0
VVDN-Technologies,3.6,2007.0,Gurgaon,India,Gurgaon,India,6240.0,10001-50000,IT Services & Consulting,"Promotions, Salary",,3.4,3.4,3.4,3.6,3.5,3.2,3.2
Shoppers-Stop,4.0,2007.0,"Mumbai, Maharashtra",India,"Mumbai, Maharashtra",India,6942.0,10001-50000,Retail,"Company culture, Job security, Work-life balance",,3.8,3.8,3.8,3.8,3.7,3.5,3.4
Nokia,4.0,1991.0,,,"Espoo, Southern Finland",Finland,17270.0,10001-50000,Telecom,"Work-life balance, Company culture, Job security",Promotions,3.8,4.1,4.0,3.7,3.8,3.6,3.2
IKS-Health,3.6,1865.0,"Mumbai,Maharashtra",India,"Mumbai,Maharashtra",India,7530.0,10001-50000,Healthcare,,,3.7,3.6,3.5,3.4,3.4,3.1,2.9
Tata-Electronics,3.9,2007.0,"Mumbai, Maharashtra",India,"Mumbai, Maharashtra",,10001.0,,Semiconductors,Job security,Promotions,4.2,3.7,3.7,3.6,3.5,3.4,3.0
Zepto,3.5,1868.0,,India,"Bangalore / Bengaluru, Karnataka",India,5001.0,5001-10000,Internet,,,3.1,3.2,3.2,3.5,3.3,3.6,3.2
Yazaki,3.9,2021.0,,,"Tokyo, Tokyo",Japan,20000.0,100001+,Auto Components,"Job security, Skill development",Promotions,3.9,3.7,3.7,3.8,3.7,3.6,3.3
Apollo-Tyres,4.0,1941.0,"Gurgaon/Gurugram, Haryana",India,"Gurgaon/Gurugram, Haryana",India,7302.0,10001-50000,Auto Components,"Company culture, Job security, Work-life balance",Promotions,3.8,3.8,3.8,3.8,3.7,3.6,3.2
Fiserv,2.8,1972.0,,,"Brookfield,Wisconsin",United States,7459.0,10001-50000,FinTech,"Promotions, Job security, Work satisfaction",,2.5,2.7,2.6,2.6,2.6,3.1,2.4
Shree-Cement,3.8,1984.0,"Kolkata, West Bengal",India,"Kolkata, West Bengal",India,7022.0,5001-10000,Building Material,Promotions,,3.4,3.6,3.5,3.5,3.6,3.6,3.2
Britannia,4.0,1979.0,"Bengaluru, Karnataka",India,"Bengaluru, Karnataka",United Kingdom,5792.0,1001-5000,FMCG,,,4.0,3.6,3.7,3.8,3.6,3.7,3.3
Landmark-Group,3.8,1892.0,,,"Dubai Marina, Dubai",United Arab Emirates (UAE),23000.0,10001-50000,Retail,Job security,Promotions,3.8,3.7,3.7,3.6,3.6,3.5,3.2
Dalmia-Bharat-Cement,3.9,1973.0,,,,,,,,,,,,,,,,
UnitedHealth,4.0,,,,"Minnetonka, Minnesota",United States (USA),10621.0,100001+,Healthcare,"Job security, Work-life balance, Company culture",Promotions,4.1,4.0,3.9,3.6,3.7,3.4,3.1
SRF,4.1,1977.0,"Gurgaon/Gurugram, Haryana",India,"Gurgaon/Gurugram, Haryana",India,7625.0,5001-10000,Chemicals,"Job security, Salary, Work-life balance",,4.2,3.9,3.8,3.9,3.8,4.0,3.4
Blue-Dart-Express-Ltd,3.9,1970.0,,,,,,,,,,,,,,,,
Kansai-Nerolac-Paints,3.8,,"Mumbai, Maharashtra",India,"Mumbai, Maharashtra",India,3859.0,1001-5000,Chemicals,Promotions,,3.7,3.6,3.5,3.5,3.5,3.5,3.1
Nestlé,3.7,1920.0,,,Vevey,Switzerland,8419.0,100001+,FMCG,Salary,Promotions,3.6,3.4,3.5,3.7,3.4,3.9,3.0
Exide-Industries,3.4,1959.0,"Kolkata, West Bengal",India,"Kolkata, West Bengal",India,5133.0,10001-50000,Auto Components,"Promotions, Company culture, Work satisfaction",,3.4,3.3,3.1,3.2,3.2,3.3,2.7
Shell,3.9,1947.0,"London, England",India,"London, England",India,13000.0,50001-100000,Oil & Gas,"Work-life balance, Company culture, Salary","Promotions, Job security",3.3,4.3,4.0,3.5,3.6,3.9,3.0
ZS,3.1,1907.0,"Pune, Maharashtra",India,"Evanston, Illinois",United States (USA),8945.0,10001-50000,Management Consulting,,,3.3,2.1,3.2,3.2,2.7,3.6,3.0
Exl-India,3.5,1983.0,New Delhi,India,New Delhi,India,2000.0,10001-50000,Logistics,Job security,"Promotions, Salary, Work satisfaction",3.9,3.6,3.4,3.3,3.3,3.1,2.8
Star-Health-&-Allied-Insurance,3.5,1957.0,"Chennai, Tamil Nadu",India,"Chennai, Tamil Nadu",India,15798.0,10001-50000,Insurance,"Promotions, Company culture, Work satisfaction",,3.3,3.4,3.2,3.3,3.3,3.3,3.0
Flex,3.9,2006.0,"Chennai, Tamil Nadu",India,"Austin, Texas",United States,9001.0,100001+,Electronics Manufacturing,,,3.8,4.1,4.1,3.9,3.8,3.5,3.1
KPMG-Global-Services,3.4,1969.0,"Gurgaon / Gurugram, Haryana",India,"Gurgaon / Gurugram, Haryana",India,24000.0,10001-50000,Management Consulting,"Promotions, Work satisfaction, Salary",,3.6,3.4,3.4,3.3,3.1,3.2,2.8
Micro-Labs,3.6,2008.0,"Bangalore/Bengaluru, Karnataka",India,"Bangalore/Bengaluru, Karnataka",India,4904.0,1001-5000,Pharma,Job security,"Promotions, Salary, Company culture",3.8,3.5,3.3,3.5,3.4,3.2,3.2
Whitehat-jr,3.3,1973.0,"Mumbai,Maharashtra",India,"Mumbai,Maharashtra",India,6661.0,5001-10000,EdTech,"Job security, Promotions, Work satisfaction",,2.4,3.1,3.1,3.3,3.1,3.5,2.9
TVS-Supply-Chain-Solutions,3.8,2018.0,"Chennai, Tamil Nadu",India,"Chennai, Tamil Nadu",India,5269.0,10001-50000,Logistics,"Promotions, Salary",,3.7,3.7,3.5,3.6,3.5,3.3,3.1
ElasticRun,3.6,1896.0,"Pune, Maharashtra",India,"Pune, Maharashtra",India,1106.0,1001-5000,Logistics,Salary,"Job security, Promotions",3.0,3.5,3.5,3.6,3.4,3.8,3.3
Capita,3.5,2016.0,"Indore, Madhya Pradesh",India,"Indore, Madhya Pradesh",India,5201.0,50001-100000,BPO,"Promotions, Salary, Skill development",,3.2,3.7,3.5,3.2,3.3,3.1,2.7
Physicswallah,3.6,2005.0,"Noida, Uttar Pradesh",India,"Noida, Uttar Pradesh",Array,15775.0,10001-50000,EdTech,,,3.2,3.5,3.4,3.5,3.4,3.4,3.1
KFintech,3.4,2019.0,Hyderabad,India,Hyderabad,India,5936.0,5001-10000,Financial Services,"Promotions, Salary, Skill development",,3.6,3.4,3.2,3.1,3.2,2.6,2.5
G4S,4.0,2017.0,"Gurgaon/Gurugram, Haryana",India,"Gurgaon/Gurugram, Haryana",India,135000.0,100001+,Law Enforcement & Security,"Work-life balance, Job security, Salary",,3.9,4.0,3.8,3.8,3.8,3.9,3.4
Foxconn,3.8,1996.0,"Sriperumbudur, Tamil Nadu",India,Taipei,Taiwan,4001.0,100001+,Electronics Manufacturing,Job security,Promotions,3.9,3.6,3.5,3.7,3.6,3.6,3.1
Ajanta-Pharma,3.9,1974.0,"Mumbai, Maharashtra",India,"Mumbai, Maharashtra",India,9628.0,5001-10000,Pharma,Job security,Promotions,3.8,3.7,3.6,3.6,3.6,3.7,3.3
Voltas,4.0,1973.0,"Mumbai, Maharashtra",India,"Mumbai, Maharashtra",India,1912.0,10001-50000,Consumer Electronics & Appliances,"Job security, Work-life balance, Company culture",Promotions,4.1,3.9,3.8,3.8,3.7,3.7,3.3
Blue-Star,4.1,1954.0,"Mumbai, Maharashtra",India,"Mumbai, Maharashtra",India,3573.0,1001-5000,Consumer Electronics & Appliances,,,3.7,3.8,3.9,3.9,3.8,3.9,3.4
Care-Health-Insurance,3.5,1943.0,"Gurgaon, Haryana",India,"Gurgaon, Haryana",India,14701.0,10001-50000,Insurance,"Promotions, Salary, Work satisfaction",,3.5,3.5,3.3,3.3,3.3,3.2,3.1
Sonalika-Tractors,3.5,2012.0,"Hoshiarpur, Punjab",India,"Hoshiarpur, Punjab",India,3646.0,1001-5000,Automobile,"Promotions, Work satisfaction, Company culture",,3.7,3.3,3.2,3.4,3.2,3.4,3.1
Movate,3.1,1969.0,"Chennai, Tamil Nadu",India,"Plano, Texas",,7000.0,10001-50000,IT Services & Consulting,"Promotions, Salary, Work satisfaction",,3.0,3.0,2.9,3.0,2.9,2.7,2.5
Gallagher,3.6,1996.0,"Bengaluru/Bangalore, Karnataka",India,"Rolling Meadows, Illinois, USA",India,10001.0,100001+,Insurance,,,3.8,3.9,3.8,3.5,3.5,3.0,2.9
BlackBuck,3.7,1927.0,"Bangalore,Karnataka",India,"Bangalore,Karnataka",India,1664.0,1001-5000,Internet,Promotions,,3.4,3.6,3.6,3.6,3.5,3.6,3.3
Photon-Interactive,4.0,2015.0,,,London,United Kingdom,2341.0,1001-5000,IT Services & Consulting,"Salary, Skill development, Company culture",,3.9,4.0,4.0,4.1,4.0,4.1,4.0
NoBroker,3.0,1999.0,"Bangalore,Karnataka",India,"Bangalore,Karnataka",India,5559.0,5001-10000,Internet,"Promotions, Job security, Work satisfaction",,2.6,2.8,2.8,2.8,2.7,3.1,2.6
Tata-Advanced-Systems,3.7,2014.0,"Hyderabad/Secunderabad, Telangana",India,"Hyderabad/Secunderabad, Telangana",India,5001.0,5001-10000,Defence & Aerospace,Job security,"Promotions, Salary",4.2,3.6,3.5,3.7,3.5,3.1,2.9
ACT-Fibernet,3.8,2007.0,"Bengaluru/Bangalore, Karnataka",India,"Bengaluru/Bangalore, Karnataka",India,7362.0,5001-10000,Telecom,"Company culture, Job security",Promotions,3.8,3.6,3.8,3.6,3.5,3.7,3.2
DBS-Bank,3.7,2000.0,"Mumbai, Maharashtra",India,"Mumbai, Maharashtra",India,6500.0,10001-50000,Banking,Salary,Promotions,3.5,3.6,3.6,3.6,3.4,3.8,3.2
Domino's-Pizza,3.9,1968.0,,,,,,,,,,,,,,,,
Adani-Power,3.7,,"Ahmedabad, Gujrat",India,"Ahmedabad, Gujrat",India,4176.0,1001-5000,Power,Promotions,,3.7,3.5,3.5,3.7,3.5,3.7,3.3
Fortis-Healthcare,4.0,2006.0,"Gurgaon/Gurugram, Haryana",India,"Gurgaon/Gurugram, Haryana",India,12237.0,10001-50000,Healthcare,,,4.0,3.9,3.9,3.9,3.8,3.7,3.5
Foundever,3.4,1996.0,"Mumbai, Maharashtra",India,"Miami, Florida",United States (USA),7501.0,100001+,BPO,"Promotions, Salary, Work satisfaction",,3.3,3.4,3.3,3.2,3.2,3.0,2.7
Himalaya-Wellness,3.9,1985.0,,,"San Francisco,California",United States,6112.0,5001-10000,Pharma,"Company culture, Work-life balance",Promotions,3.7,3.8,3.8,3.7,3.6,3.7,3.2
IntouchCX,2.7,1930.0,,,"Winnipeg, Manitoba",Canada,3265.0,10001-50000,BPO,"Promotions, Job security, Work satisfaction",,2.5,2.7,2.6,2.6,2.6,2.7,2.3
BT-Group,3.8,2001.0,,,London,United Kingdom (UK),12001.0,100001+,Telecom,,,3.6,4.1,3.8,3.3,3.5,3.4,2.9
Sahrudaya-Healthcare-(Medicover-Hospitals),4.4,1846.0,,,,,,,,,,,,,,,,
Alldigi-Tech,3.9,,,,,,,,,,,,,,,,,
Laurus-Labs,4.3,,"Hyderabad/Secunderabad, Telangana",India,"Hyderabad/Secunderabad, Telangana",India,6167.0,5001-10000,Pharma,"Job security, Salary, Company culture",,4.2,4.0,4.1,4.0,3.9,4.2,3.7
Sterlite-Technologies,3.8,2005.0,"Pune, Maharashtra",India,"Pune, Maharashtra",India,1050.0,5001-10000,Hardware & Networking,,,3.3,3.7,3.7,3.6,3.5,3.7,3.1
Sterlite-Technologies,3.8,1988.0,"Pune, Maharashtra",India,"Pune, Maharashtra",India,1050.0,5001-10000,Hardware & Networking,,,3.3,3.7,3.7,3.6,3.5,3.7,3.1
JCB,3.9,1988.0,,,"Rocester, Staffordshire",England,5001.0,10001-50000,Industrial Machinery,Work-life balance,Promotions,3.5,3.8,3.7,3.6,3.6,3.7,3.2
Northern-Trust-Operating-Services,3.6,1945.0,"Bangalore/Bengaluru, Karnataka",India,"Chicago, Illinois",India,5600.0,10001-50000,Financial Services,,,3.5,3.5,3.5,3.4,3.3,3.2,2.9
Tractors-and-Farm-Equipment,3.9,1889.0,"Chennai, Tamil Nadu",India,"Chennai, Tamil Nadu",India,15001.0,10001-50000,Industrial Machinery,"Work-life balance, Skill development",Promotions,3.7,3.8,3.7,3.8,3.6,3.5,3.1
Bajaj-Electricals,4.0,1960.0,"Mumbai, Maharashtra",India,"Mumbai, Maharashtra",India,1743.0,1001-5000,Consumer Electronics & Appliances,"Company culture, Salary, Work-life balance",Promotions,3.6,3.8,3.8,3.7,3.7,3.8,3.3
Sammaan-Capital-Limited,3.7,1938.0,,,,,,,,,,,,,,,,
Parle-Agro,3.9,,"Mumbai, Maharashtra",India,"Mumbai, Maharashtra",India,5501.0,5001-10000,Beverage,"Job security, Work-life balance",Promotions,3.8,3.8,3.6,3.6,3.6,3.7,3.2
Planet-Spark,3.8,1984.0,"Gurgaon,Haryana",India,"Gurgaon,Haryana",India,500.0,201-500,EdTech,"Skill development, Company culture",,3.7,3.7,3.8,4.0,3.7,3.7,3.7
ICICI-Securities,3.9,2017.0,"Mumbai, Maharashtra",India,"Mumbai, Maharashtra",India,5409.0,5001-10000,Financial Services,"Job security, Work-life balance, Company culture",,4.0,3.9,3.8,3.7,3.6,3.6,3.5
Biocon-Limited,4.0,1995.0,,,,,,,,,,,,,,,,
CorroHealth-Infotech,3.6,,"Chennai, Tamil Nadu",India,"Plano, Texas",,13092.0,5001-10000,Analytics & KPO,Salary,Work-life balance,3.4,3.3,3.5,3.6,3.4,3.8,3.4
Emcure-Pharmaceuticals,3.7,2020.0,Pune,India,"Pune, Maharashtra",India,6731.0,50001-100000,Pharma,"Promotions, Job security",,3.3,3.5,3.4,3.5,3.4,3.6,3.2
McDonald's,3.9,1983.0,,,"Chicago, Illinois",United States (USA),10001.0,100001+,Hospitality,"Skill development, Company culture, Job security",,3.8,3.6,3.8,4.0,3.6,3.4,3.5
Adani-Group,3.8,1955.0,"Ahmedabad, Gujarat",India,,India,48001.0,10001-50000,Power,,,3.7,3.6,3.5,3.7,3.5,3.8,3.3
Hero-FinCorp,3.9,1988.0,Delhi,India,Delhi,India,3400.0,1001-5000,NBFC,"Work-life balance, Company culture",Promotions,3.7,3.9,3.8,3.7,3.7,3.7,3.2
Paras-Hospital,4.1,1991.0,"Gurgaon/Gurugram, Haryana",India,"Gurgaon/Gurugram, Haryana",India,2812.0,1001-5000,Healthcare,"Salary, Work-life balance, Skill development",,3.8,4.0,3.9,4.0,3.9,4.0,3.7
Intellect-Design-Arena,3.6,2006.0,"Chennai, Tamil Nadu",India,"Chennai, Tamil Nadu",India,5694.0,5001-10000,Software Product,Job security,"Promotions, Work satisfaction",3.8,3.4,3.4,3.4,3.3,3.5,3.2
Datamatics-Global-Services,3.3,2011.0,"Mumbai, Maharashtra",India,"Mumbai, Maharashtra",India,4962.0,1001-5000,IT Services & Consulting,"Promotions, Salary, Work satisfaction",,3.2,3.3,3.2,3.2,3.1,2.9,2.7
Mahindra-Holidays-&-Resorts,3.5,1975.0,"Mumbai, Maharashtra",India,"Mumbai, Maharashtra",India,5383.0,5001-10000,Hospitality,"Promotions, Work satisfaction, Work-life balance",,3.3,3.2,3.3,3.4,3.2,3.6,3.0
Patanjali-Ayurved,3.9,1996.0,"Haridwar, Uttarakhand",India,"Haridwar, Uttarakhand",India,6366.0,5001-10000,FMCG,Work-life balance,Promotions,3.7,3.8,3.7,3.6,3.6,3.7,3.3
Mahindra-Rural-Housing-Finance,4.0,2006.0,"Mumbai,Maharashtra",India,"Mumbai,Maharashtra",India,5442.0,10001-50000,NBFC,"Work-life balance, Company culture",,3.6,3.9,3.8,3.7,3.7,3.7,3.4
Statestreet-HCL-Services,3.4,2007.0,New Delhi,India,New Delhi,India,3839.0,5001-10000,BPO,"Promotions, Salary, Work satisfaction",,3.7,3.1,3.1,3.3,3.1,2.8,2.7
TaskUs,3.0,2012.0,,,"New Braunfels, Texas",United States (USA),12162.0,100001+,BPO,"Promotions, Job security, Skill development",,2.6,3.0,3.1,2.8,2.9,2.8,2.6
Cadila-Pharmaceuticals,3.2,2008.0,"Ahmedabad, Gujrat",India,"Ahmedabad, Gujrat",India,8800.0,5001-10000,Pharma,"Job security, Promotions, Work satisfaction",,2.7,3.1,3.0,3.1,3.0,3.3,2.9
3i-Infotech,3.4,1951.0,"Navi Mumbai, Maharashtra",India,"Navi Mumbai, Maharashtra",India,1389.0,5001-10000,IT Services & Consulting,,,3.2,3.4,3.2,3.2,3.2,3.1,2.8
Syngene-International,3.8,1993.0,"Bangalore/Bengaluru, Karnataka",India,"Bangalore/Bengaluru, Karnataka",India,6533.0,5001-10000,Clinical Research,,,3.8,3.8,3.7,3.7,3.5,3.4,2.9
Taj-Hotels-Resorts-and-Palaces,4.2,1993.0,"Mumbai, Maharashtra",India,"Mumbai, Maharashtra",India,20389.0,10001-50000,Hospitality,"Job security, Company culture, Skill development",,4.3,4.0,4.1,4.1,3.9,3.8,3.6
Aditya-Birla-Group,4.1,1903.0,"Mumbai, Maharashtra",India,"Mumbai, Maharashtra",India,227500.0,100001+,Metals & Mining,"Job security, Work-life balance, Skill development",,4.1,4.0,3.9,4.0,3.8,3.8,3.5
Capgemini-Engineering,3.3,1857.0,,,,,175000.0,,IT Services & Consulting,"Promotions, Salary, Work satisfaction",,3.6,3.5,3.3,3.2,3.1,2.7,2.5
Axis-Direct,3.6,,,,"San Mateo,California",United States,2692.0,10001-50000,Financial Services,Promotions,,3.6,3.5,3.4,3.4,3.4,3.5,3.1
Cholamandalam-MS-General-Insurance,3.7,2011.0,"Chennai, Tamil Nadu",India,"Chennai, Tamil Nadu",India,6501.0,50001-100000,Insurance,Promotions,,3.5,3.6,3.5,3.4,3.4,3.5,3.0
Info-Edge,3.9,2001.0,"Noida, Uttar Pradesh",India,"Noida, Uttar Pradesh",India,5984.0,5001-10000,Internet,,,4.1,3.8,3.8,3.5,3.5,3.5,3.3
Bureau-Veritas,3.8,1995.0,,,"Paris La Défense, Hauts-de-Seine",France,4628.0,50001-100000,Other,Work-life balance,Promotions,3.6,3.8,3.7,3.6,3.6,3.5,3.0
Delhi-Public-School,3.7,1828.0,"Greater Noida, Uttar Pradesh",India,"Greater Noida, Uttar Pradesh",India,4139.0,1001-5000,Education & Training,Promotions,,3.5,3.6,3.5,3.7,3.5,3.7,3.3
RMSI,3.5,1998.0,"Noida, Uttar Pradesh",India,"Noida, Uttar Pradesh",India,5001.0,1001-5000,IT Services & Consulting,"Promotions, Salary, Skill development",,3.5,3.5,3.5,3.2,3.4,3.1,2.8
KocharTech,3.6,1992.0,"Amritsar, Punjab",India,"Amritsar, Punjab",India,5001.0,5001-10000,IT Services & Consulting,,,3.5,3.5,3.5,3.5,3.4,3.3,3.3
Cybage,3.8,2002.0,"Pune, Maharashtra",India,"Pune, Maharashtra",India,7201.0,5001-10000,IT Services & Consulting,"Work-life balance, Company culture, Job security",Promotions,3.8,3.9,3.8,3.4,3.4,3.4,3.0
Aavas-Financiers,3.9,1995.0,"Jaipur, Rajasthan",India,"Jaipur, Rajasthan",India,7233.0,5001-10000,NBFC,"Job security, Skill development",,3.8,3.7,3.7,3.8,3.7,3.7,3.5
GAO-Tek,4.4,2011.0,,,New York,United States,304.0,201-500,Electrical Equipment,"Skill development, Work-life balance, Company culture",Salary,4.0,4.4,4.3,4.5,4.3,3.0,4.1
Xoriant,4.0,2005.0,"Pune, Maharashtra",India,"Sunnyvale, California",United States (USA),2720.0,5001-10000,IT Services & Consulting,,,3.7,4.1,4.0,3.9,3.9,3.9,3.5
Straive,3.3,1980.0,,,Singapore,Singapore,10694.0,10001-50000,IT Services & Consulting,,,3.4,3.4,3.3,3.1,3.2,2.8,2.5
Sopra-Steria,3.9,1968.0,"Noida, Uttar Pradesh",India,"Paris, Ile-de-France",France,5900.0,50001-100000,IT Services & Consulting,,,4.0,4.1,4.0,3.6,3.7,3.5,3.2
Kia-India,3.9,1944.0,,,Seoul,South Korea,15001.0,1001-5000,Automobile,"Job security, Skill development",,3.8,3.7,3.7,3.8,3.6,3.7,3.4
Newgen-Software-Technologies,4.1,1992.0,"New Delhi, Delhi",India,"New Delhi, Delhi",India,4040.0,1001-5000,IT Services & Consulting,,,4.4,4.0,4.0,3.9,3.9,4.0,4.0
Akums-Drugs-&-Pharmaceuticals-Limited,4.2,2004.0,"Delhi/NCR, New Delhi",India,"Delhi/NCR, New Delhi",India,7536.0,5001-10000,Pharma,"Job security, Company culture, Skill development",,4.3,4.0,4.1,4.1,4.0,4.0,3.9
Lodha,4.2,1980.0,"Mumbai, Maharashtra",India,"Mumbai, Maharashtra",India,4701.0,1001-5000,Real Estate,,,4.1,4.1,4.1,4.1,3.9,4.1,3.7
Apollo-Pharmacy,3.7,1983.0,"Chennai, Tamil Nadu",India,"Chennai, Tamil Nadu",India,45000.0,10001-50000,Pharma,Job security,"Promotions, Salary",3.8,3.5,3.5,3.7,3.4,3.3,3.2
Lifestyle,4.2,1999.0,"Bangalore/Bengaluru, Karnataka",India,"Bangalore/Bengaluru, Karnataka",India,18972.0,10001-50000,Retail,"Job security, Work-life balance, Company culture",,4.1,4.1,4.0,4.0,3.9,3.8,3.6
GVK-Emergency-Management-and-Research-Institute,3.6,2005.0,"Hyderabad/Secunderabad, Telangana",India,"Hyderabad/Secunderabad, Telangana",India,50000.0,10001-50000,Non-Profit,"Promotions, Job security",,3.2,3.5,3.4,3.5,3.5,3.4,3.1
Eureka-Forbes,3.6,1982.0,"Mumbai, Maharashtra",India,"Mumbai, Maharashtra",India,2721.0,1001-5000,Consumer Electronics & Appliances,"Promotions, Job security, Work satisfaction",,3.2,3.4,3.3,3.6,3.3,3.6,3.1
Sobha,3.8,1995.0,"Bangalore/Bengaluru, Karnataka",India,"Bangalore/Bengaluru, Karnataka",India,4483.0,1001-5000,Real Estate,Job security,Promotions,3.8,3.4,3.6,3.7,3.5,3.4,3.3
TCE,3.8,1962.0,"Mumbai, Maharashtra",India,"Mumbai, Maharashtra",India,7759.0,1001-5000,Engineering & Construction,"Job security, Work-life balance",Promotions,3.9,3.9,3.7,3.7,3.6,3.5,3.1
SBI-Securities,3.6,2006.0,"Mumbai, Maharashtra",India,"Mumbai, Maharashtra",India,10228.0,10001-50000,Financial Services,Promotions,,3.4,3.5,3.4,3.4,3.4,3.4,3.1
Bharat-Petroleum,4.2,1952.0,"Mumbai, Maharashtra",India,"Mumbai, Maharashtra",India,8747.0,5001-10000,Oil & Gas,"Skill development, Company culture, Salary",,3.9,4.0,4.0,4.1,4.0,4.0,3.4
Team-Computers,3.6,1987.0,"Delhi/NCR, Delhi",India,"Delhi/NCR, Delhi",India,3506.0,1001-5000,IT Services & Consulting,"Promotions, Salary",,3.4,3.6,3.5,3.4,3.4,3.3,3.1
Unacademy,2.9,2015.0,"Bangalore,Karnataka",India,"Bangalore,Karnataka",India,3000.0,1001-5000,EdTech,"Job security, Promotions, Work satisfaction",,2.2,2.6,2.7,2.8,2.6,3.2,2.4
Radisson-Hotels,4.0,1909.0,,,"Minnetonka, Minnesota",United States (USA),11221.0,50001-100000,Hospitality,"Skill development, Company culture, Job security",,3.8,3.8,3.8,3.9,3.7,3.7,3.5
Endurance-Technologies-Limited,4.0,,,,,,,,,,,,,,,,,
Myntra,3.8,2007.0,"Bangalore,Karnataka",India,"Bangalore / Bengaluru, Karnataka",India,2331.0,1001-5000,Internet,"Company culture, Skill development",Promotions,3.5,3.7,3.8,3.8,3.6,3.5,3.1
Panasonic-Life-Solutions-India,3.9,,,,,,,,,,,,,,,,,
Star-Union-Dai-ichi-Life-Insurance,3.8,2007.0,"Navi Mumbai, Maharashtra",India,"Navi Mumbai, Maharashtra",Array,5577.0,5001-10000,Insurance,,,3.7,3.7,3.6,3.6,3.6,3.7,3.5
Daikin-Airconditioning-India-Pvt.-Ltd.,4.1,,,,,,,,,,,,,,,,,
AWL-Agri-Business,4.1,,,,,,,,,,,,,,,,,
BNP-Paribas,3.7,1848.0,,,Paris,France,13000.0,100001+,Banking,"Job security, Work-life balance","Promotions, Salary, Skill development",4.0,3.8,3.6,3.3,3.4,3.2,2.9
Bharti-AXA-Life-Insurance,3.6,2006.0,Mumbai,India,Mumbai,India,3801.0,1001-5000,Insurance,Job security,,3.3,3.6,3.5,3.5,3.4,3.5,3.4
Cisco,4.1,1984.0,"Bangalore / Bengaluru, Karnataka",India,"San Jose,California",United States,16020.0,50001-100000,Hardware & Networking,"Work-life balance, Company culture, Salary",,3.5,4.3,4.2,3.9,3.8,3.9,3.4
SBI-General-Insurance,3.6,2009.0,"Mumbai, Maharashtra",India,"Mumbai, Maharashtra",India,9276.0,10001-50000,Insurance,"Promotions, Work satisfaction",,3.5,3.5,3.4,3.4,3.3,3.5,3.1
Lava-International,3.9,2009.0,"Noida,Uttar Pradesh",India,"Noida,Uttar Pradesh",India,3883.0,1001-5000,Consumer Electronics & Appliances,"Company culture, Salary, Work-life balance",Promotions,3.7,3.8,3.8,3.8,3.6,3.8,3.3
Renault-Nissan-Technology-&-Business-Centre-India,3.7,,,,,,,,,,,,,,,,,
Whirlpool,4.0,1911.0,"Gurgaon / Gurugram, Haryana",India,"Benton Harbor, Michigan",,2193.0,100001+,Consumer Electronics & Appliances,"Work-life balance, Company culture, Skill development",Promotions,3.6,4.1,3.9,3.8,3.8,3.6,3.3
Allstate,3.7,2012.0,"Bangalore/Bengaluru, Karnataka",India,"Bangalore/Bengaluru, Karnataka",India,8001.0,5001-10000,Insurance,Work-life balance,Promotions,3.5,3.9,3.6,3.5,3.5,3.6,3.0
Coromandel-International,4.1,1961.0,"Chennai, Tamil Nadu",India,"Chennai, Tamil Nadu",India,6300.0,5001-10000,Agro Chemicals,,,4.2,3.9,3.9,3.9,3.8,3.6,3.4
ValueLabs,3.5,1997.0,"Hyderabad/Secunderabad, Telangana",India,,,7001.0,5001-10000,IT Services & Consulting,"Promotions, Work satisfaction, Skill development",,3.2,3.5,3.3,3.2,3.2,3.5,3.0
GlaxoSmithKline-Pharmaceuticals,4.0,1830.0,,,Brentford,UnitedKingdom,3113.0,50001-100000,Pharma,"Company culture, Work-life balance, Salary",Promotions,3.7,4.1,4.1,3.9,3.8,4.0,3.3
Indian-Railways,4.1,1853.0,"Delhi/NCR, Delhi",India,"Delhi/NCR, Delhi",India,1175925.0,100001+,Railways,"Job security, Work-life balance, Skill development",,4.1,4.0,3.9,4.0,3.9,3.9,3.6
Sify-Technologies,3.6,1995.0,"Chennai,Tamil Nadu",India,"Chennai,Tamil Nadu",India,1116.0,1001-5000,IT Services & Consulting,"Promotions, Salary, Company culture",,3.6,3.5,3.3,3.7,3.4,3.2,2.9
Ambuja-Cements,3.8,1983.0,"Mumbai, Maharashtra",India,"Mumbai, Maharashtra",India,3883.0,1001-5000,Building Material,"Promotions, Job security",,3.3,3.6,3.5,3.7,3.6,3.6,3.2
Shahi-Exports,3.9,1974.0,"Faridabad, Haryana",India,"Faridabad, Haryana",India,100001.0,100001+,Fashion & Textile,"Job security, Company culture, Work-life balance",Promotions,3.9,3.8,3.8,3.7,3.7,3.6,3.3
Meesho,3.7,2015.0,"Bengaluru/Bangalore, Karnataka",India,"Bengaluru/Bangalore, Karnataka",India,1656.0,1001-5000,Internet,Salary,"Promotions, Job security",3.3,3.6,3.6,3.6,3.6,3.8,3.3
Nokia-Networks,4.1,,,,,,14863.0,,Hardware & Networking,"Work-life balance, Company culture, Job security",Promotions,3.9,4.2,4.1,3.8,3.9,3.7,3.2
Mercedes-Benz-Research-and-Development-India,3.6,1996.0,"Bengaluru/Bangalore, Karnataka",India,"Bengaluru/Bangalore, Karnataka",India,8501.0,5001-10000,IT Services & Consulting,,,3.8,4.0,3.5,3.2,3.3,3.4,2.6
Bank-of-Baroda,3.5,1908.0,"Vadodara/Baroda, Gujrat",India,"Vadodara/Baroda, Gujrat",India,74000.0,50001-100000,Banking,Job security,"Promotions, Work satisfaction, Company culture",3.9,3.3,3.2,3.3,3.2,3.6,3.1
Microsoft-Corporation,3.8,1975.0,,,Sunnyvale,United States (USA),20001.0,10001-50000,Software Product,"Work-life balance, Company culture","Job security, Promotions",3.1,3.9,3.8,3.7,3.6,3.7,3.2
Brakes-India,3.9,1962.0,"Chennai, Tamil Nadu",India,"Chennai, Tamil Nadu",India,10001.0,10001-50000,Auto Components,"Job security, Skill development, Company culture",Promotions,3.9,3.8,3.8,3.9,3.7,3.4,3.1
Life-Insurance-Corporation-of-India,4.4,1956.0,Mumbai,India,Mumbai,India,91606.0,50001-100000,Insurance,"Company culture, Work-life balance, Salary",,4.1,4.3,4.3,4.2,4.1,4.2,3.9
Generali-Central-Life-Insurance,3.5,,,,,,2625.0,,Insurance,"Promotions, Work satisfaction, Job security",,3.2,3.5,3.4,3.3,3.2,3.5,3.1
Henry-Harvin-Education,3.9,2015.0,,,"Noida, Uttar Pradesh",,314.0,201-500,EdTech,"Job security, Work-life balance, Skill development",,3.9,3.9,3.8,3.9,3.8,3.8,3.8
JK-Tyre,3.8,1976.0,New Delhi,India,New Delhi,India,15000.0,10001-50000,Auto Components,,,3.6,3.6,3.5,3.7,3.6,3.5,3.3
Spark-Minda,3.8,1958.0,"Noida, Uttar Pradesh",India,"Noida, Uttar Pradesh",India,3387.0,1001-5000,Auto Components,Promotions,,3.6,3.6,3.5,3.7,3.5,3.6,3.3
Poonawalla-Fincorp,3.5,1989.0,"Mumbai, Maharashtra",India,"Mumbai, Maharashtra",India,3594.0,1001-5000,NBFC,"Promotions, Work satisfaction, Job security",,3.3,3.4,3.3,3.4,3.3,3.7,3.1
upGrad,3.4,2015.0,"Mumbai, Maharashtra",India,"San Francisco,California",United States,9100.0,1001-5000,EdTech,"Promotions, Job security, Work satisfaction",,3.0,3.2,3.2,3.3,3.1,3.4,3.0
Cargill,3.9,1865.0,,,USA,,5001.0,100001+,Food Processing,,,3.5,4.0,3.9,3.6,3.7,3.8,3.0
Saint-Gobain,3.8,1665.0,,,Paris,France,9901.0,100001+,Building Material,,,4.0,3.8,3.8,3.6,3.5,3.3,3.0
CAMS,3.6,1988.0,Chennai,India,Chennai,India,7932.0,5001-10000,Financial Services,Job security,"Promotions, Salary",3.9,3.6,3.4,3.4,3.4,2.8,2.7
Jio-Platforms,3.4,,,,,,13474.0,,IT Services & Consulting,Job security,"Promotions, Salary, Work satisfaction",4.1,3.4,3.1,3.3,3.1,3.0,2.6
FirstCry,3.5,2010.0,"Pune,Maharashtra",India,"Pune,Maharashtra",India,3752.0,1001-5000,Retail,"Promotions, Work satisfaction, Salary",,3.4,3.4,3.3,3.4,3.3,3.3,2.9
Manipal-Hospitals,4.1,1953.0,"Bangalore/Bengaluru, Karnataka",India,"Bangalore/Bengaluru, Karnataka",India,25001.0,5001-10000,Healthcare,,,4.0,3.9,3.9,4.0,3.8,3.7,3.4
BHEL,4.2,1964.0,"Bangalore/Bengaluru, Karnataka",India,"Bangalore/Bengaluru, Karnataka",India,41132.0,10001-50000,Electrical Equipment,"Job security, Work-life balance, Company culture",,4.3,4.1,4.0,4.0,4.0,3.8,3.6
Power-Mech-Projects,3.8,2007.0,"Hyderabad/Secunderabad, Telangana",India,"Hyderabad/Secunderabad, Telangana",India,9263.0,10001-50000,Engineering & Construction,Job security,Promotions,3.8,3.6,3.4,3.7,3.6,3.4,3.3
Kotak-Securities,3.5,1994.0,"Mumbai, Maharashtra",India,"Mumbai, Maharashtra",India,4600.0,5001-10000,Financial Services,"Promotions, Work satisfaction, Skill development",,3.4,3.5,3.2,3.1,3.1,3.3,2.8
Pfizer,3.9,2004.0,"Chennai, Tamil Nadu",India,"Chennai, Tamil Nadu",India,1598.0,100001+,Pharma,"Work-life balance, Company culture","Promotions, Job security",3.2,4.0,3.9,3.7,3.5,3.6,2.9
NTT-DATA-Business-Solutions,4.1,1989.0,"Hyderabad / Secunderabad, Telangana",India,,,4000.0,10001-50000,IT Services & Consulting,,,4.0,4.0,4.0,3.9,3.9,3.7,3.5
Nuvoco-Vistas,4.1,,,,,,,,,,,,,,,,,
Huawei-Technologies,4.1,2002.0,"Gurgaon/Gurugram, Haryana",India,"Gurgaon/Gurugram, Haryana",India,200.0,100001+,Telecom,"Salary, Skill development, Company culture",,3.4,3.6,3.8,3.9,3.7,4.1,3.7
Force-Motors,3.7,1958.0,"Pune, Maharashtra",India,"Pune, Maharashtra",India,4640.0,1001-5000,Automobile,"Promotions, Company culture",,3.6,3.7,3.3,3.4,3.4,3.5,3.1
Simplex-Infrastructures,3.4,1924.0,"Kolkata, West Bengal",India,"Kolkata, West Bengal",India,1549.0,1001-5000,Engineering & Construction,"Promotions, Salary, Work satisfaction",,3.4,3.3,3.4,3.4,3.3,2.8,2.8
Infinite-Computer-Solutions,3.3,2001.0,"Bangalore / Bengaluru, Karnataka",India,"Rockville, Maryland, United States",,15000.0,10001-50000,IT Services & Consulting,,,2.9,3.3,3.0,3.0,3.0,3.1,2.8
"Maruti-Suzuki-India-Limited,-Hansalpur",4.2,,,,,,,,,,,,,,,,,
CitiusTech,3.1,2005.0,,,New Jersey,UnitedStates,4875.0,5001-10000,IT Services & Consulting,"Promotions, Job security, Work satisfaction",,2.8,3.3,3.2,3.2,2.9,2.9,2.6
Reliance-Trends,4.1,2006.0,"Navi Mumbai, Maharashtra",India,"Navi Mumbai, Maharashtra",India,467.0,100001+,Retail,"Job security, Skill development, Company culture",,4.1,3.9,4.0,4.1,3.9,3.6,3.4
Raymond-Lifestyle-Limited,4.2,1925.0,,,New York,United States,16511.0,1001-5000,Fashion & Textile,"Work-life balance, Company culture, Job security",Promotions,4.0,4.1,4.0,3.9,3.9,3.7,3.2
ITC-Hotels,4.1,1975.0,"Kolkata, West Bengal",India,"Kolkata, West Bengal",India,3177.0,1001-5000,Hospitality,"Job security, Skill development, Company culture",,4.1,3.8,3.9,4.0,3.8,3.7,3.4
IndusInd-General-Insurance,3.6,,,,,,,,,,,,,,,,,
Biological-E,4.2,1953.0,"Hyderabad/Secunderabad, Telangana",India,"Hyderabad/Secunderabad, Telangana",India,4386.0,1001-5000,Pharma,"Job security, Work-life balance, Company culture",,4.4,4.2,4.1,3.8,3.9,3.7,3.5
Ola-Cabs,3.3,2010.0,Bangalore,India,Bangalore,India,7001.0,5001-10000,Internet,"Job security, Promotions, Work-life balance",,2.6,3.0,3.0,3.3,3.1,3.5,2.8
Delphi-TVS,3.8,1989.0,"Kanchipuram, Tamil Nadu",India,"Kanchipuram, Tamil Nadu",India,2939.0,1001-5000,Auto Components,Skill development,Promotions,3.7,3.7,3.7,3.9,3.7,3.4,3.0
Morgan-Stanley,3.6,1931.0,,,"New York, New York",United States (USA),16001.0,50001-100000,Financial Services,"Promotions, Job security, Work satisfaction",,3.0,3.6,3.6,3.3,3.2,3.6,2.9
Renault-Nissan,4.1,2007.0,"Chennai, Tamil Nadu",India,"Chennai, Tamil Nadu",India,1157.0,1001-5000,Automobile,"Job security, Work-life balance, Company culture",Promotions,4.0,4.0,3.9,3.9,3.8,3.6,3.3
SGS,3.8,1878.0,,,"Geneva, Geneva",Switzerland,3660.0,100001+,Engineering & Construction,Work-life balance,Promotions,3.6,3.8,3.7,3.6,3.6,3.4,2.9
Extramarks-Education,3.3,,,,,,,,,,,,,,,,,
EPAM-Systems,3.7,1993.0,,,"Newtown, Pennsylvania, United States",,10072.0,10001-50000,IT Services & Consulting,"Salary, Skill development, Work-life balance","Promotions, Job security",3.3,3.8,3.7,3.9,3.4,3.9,3.1
K12-Techno-Services,3.7,2010.0,"Bangalore/Bengaluru, Karnataka",India,"Bangalore/Bengaluru, Karnataka",India,2646.0,501-1000,EdTech,"Promotions, Job security",,3.3,3.6,3.5,3.6,3.6,3.6,3.3
YASH-Technologies,3.7,1996.0,"Indore, Madhya Pradesh",India,"East Moline, Illinois",United States (USA),4932.0,5001-10000,IT Services & Consulting,"Promotions, Salary",,3.5,3.7,3.7,3.5,3.4,3.3,3.1
Aditya-Birla-Health-Insurance-Co,3.7,2015.0,Mumbai,India,Mumbai,India,4232.0,100001+,Insurance,Promotions,,3.7,3.7,3.6,3.7,3.5,3.6,3.2
Senco-Gold,4.4,1994.0,"Kolkata, West Bengal",India,"Kolkata, West Bengal",India,2721.0,1001-5000,Jewellery,,,4.4,4.2,4.3,4.4,4.1,4.1,4.0
Novartis,4.1,1996.0,"Mumbai, Maharashtra",India,Switzerland,,8400.0,50001-100000,Pharma,"Work-life balance, Company culture, Salary",Promotions,3.8,4.3,4.1,3.7,3.8,4.0,3.3
IDBI-Bank,3.3,1964.0,"Mumbai, Maharashtra",India,"Mumbai, Maharashtra",India,17555.0,10001-50000,Banking,"Promotions, Work satisfaction, Work-life balance",,3.7,3.0,3.0,3.1,2.9,3.7,2.7
Narayana-Health,4.0,2000.0,"Bangalore/Bengaluru, Karnataka",India,"Bangalore/Bengaluru, Karnataka",India,11122.0,10001-50000,Healthcare,"Job security, Work-life balance, Skill development",Promotions,4.0,3.9,3.8,3.9,3.7,3.5,3.3
HSBC-Electronic-Data-Processing,4.0,,,,,,24768.0,,IT Services & Consulting,"Job security, Work-life balance, Company culture",Promotions,4.0,4.0,3.9,3.7,3.7,3.4,3.3
SAP,4.1,1972.0,,,"Walldorf, Baden-Württemberg",Germany,16164.0,100001+,Software Product,"Work-life balance, Company culture, Job security",,3.9,4.3,4.2,3.8,3.8,3.6,3.4
Ninjacart,3.8,2015.0,"Bangalore,Karnataka",India,"Bangalore,Karnataka",India,3084.0,1001-5000,Internet,Salary,"Promotions, Job security",3.3,3.5,3.6,3.7,3.5,3.8,3.3
State-Street-Syntel,3.7,2004.0,Mumbai,India,Mumbai,India,740.0,501-1000,Financial Services,Job security,"Promotions, Salary",3.8,3.5,3.6,3.7,3.5,2.9,2.9
Shadowfax-Technologies,3.5,2015.0,"Bangalore,Karnataka",India,"Bangalore,Karnataka",India,4472.0,501-1000,Logistics,"Promotions, Job security, Work satisfaction",,3.1,3.3,3.3,3.4,3.3,3.5,3.1
Trent,3.8,1998.0,"Mumbai, Maharashtra",India,"Mumbai, Maharashtra",India,27887.0,5001-10000,Retail,Job security,,4.1,3.5,3.6,3.7,3.5,3.7,3.4
AECOM,4.2,1990.0,,,Dallas,USA,4001.0,50001-100000,Engineering & Construction,,,3.8,4.1,4.0,3.9,3.9,3.9,3.4
Schindler,3.9,,,,,,6000.0,,Industrial Machinery,"Skill development, Company culture, Salary",Promotions,3.6,3.6,3.8,3.9,3.6,3.8,3.3
L&T-Energy-Hydrocarbon,3.8,,,,,,,,,,,,,,,,,
Honeywell-Automation,3.8,1906.0,,,"Morris Plains, New Jersey",United States (USA),3140.0,100001+,Industrial Automation,Promotions,,3.7,3.6,3.6,3.6,3.5,3.6,3.1
R.R.-Donnelley,3.6,,,,,,,,,,,,,,,,,
Haier-Appliances-India,4.0,,,,,,,,,,,,,,,,,
NCR-Voyix,3.4,1884.0,,,"Atlanta,Georgia",United States,4082.0,10001-50000,IT Services & Consulting,"Promotions, Skill development, Job security",,3.1,3.6,3.3,3.1,3.2,3.3,2.7
Paisabazaar.com,3.4,,,,,,,,,,,,,,,,,
Motherson-Automotive-Technologies-and-Engineering,3.7,1997.0,Noida,India,Noida,India,1455.0,1001-5000,Auto Components,Job security,Promotions,3.9,3.5,3.5,3.7,3.5,3.4,3.2
V-Guard-Industries,4.3,1977.0,"Kochi/Cochin, Kerala",India,"Kochi/Cochin, Kerala",India,3133.0,1001-5000,Consumer Electronics & Appliances,,,4.2,4.3,4.3,4.1,4.1,3.9,3.4
Dr-Lal-PathLabs,4.2,1949.0,"Gurgaon/Gurugram, Haryana",India,"Gurgaon/Gurugram, Haryana",India,4980.0,1001-5000,Healthcare,"Job security, Skill development, Company culture",,4.1,4.0,4.0,4.1,4.0,4.0,3.7
Microland,3.5,1989.0,Bangalore,India,Bangalore,India,3034.0,1001-5000,IT Services & Consulting,"Promotions, Work satisfaction, Salary",,3.5,3.4,3.3,3.4,3.2,3.2,2.9
Philips,3.8,1930.0,,,Amsterdam,Netherlands,5832.0,50001-100000,Medical Equipment,Work-life balance,"Promotions, Job security",3.3,3.9,3.7,3.5,3.5,3.7,3.1
CMS-Infosystems,3.5,2008.0,"Mumbai,Maharashtra",India,"Mumbai,Maharashtra",India,8647.0,5001-10000,Software Product,"Promotions, Salary, Work satisfaction",,3.3,3.3,3.2,3.3,3.2,3.1,2.8
Uflex,3.8,1985.0,"Noida, Uttar Pradesh",India,"Noida, Uttar Pradesh",India,7619.0,5001-10000,Packaging,,,4.0,3.8,3.5,3.6,3.6,3.7,3.3
Globiva,3.0,2017.0,"Gurgaon/Gurugram, Haryana",India,"Gurgaon/Gurugram, Haryana",India,2970.0,1001-5000,BPO,"Promotions, Work satisfaction, Salary",,2.9,2.9,2.9,2.9,2.8,2.8,2.6
Crisil,3.5,1987.0,"Mumbai,Maharashtra",India,"Mumbai,Maharashtra",India,4666.0,1001-5000,Analytics & KPO,,,3.6,3.6,3.6,3.4,3.3,3.0,2.8
Gabriel-India-Limited,4.1,1961.0,"Pune, Maharashtra",India,"Pune, Maharashtra",India,3160.0,1001-5000,Auto Components,"Job security, Skill development, Company culture",,4.2,3.8,3.9,4.0,3.7,3.8,3.4
Spinny,3.6,2015.0,"Gurgaon,Haryana",India,"Gurgaon,Haryana",India,4146.0,1001-5000,Internet,"Promotions, Work-life balance, Job security",,3.3,3.3,3.4,3.4,3.4,3.5,3.0
CNH-(Case-New-Holland),3.7,,,,,,,,,,,,,,,,,
Parle-Products,3.9,1929.0,Mumbai,India,Mumbai,India,3617.0,10001-50000,FMCG,Salary,Promotions,3.6,3.6,3.5,3.6,3.5,3.9,3.3
Adecco-Group,3.8,1999.0,,,"Zurich,Zurich",Switzerland,1401.0,10001-50000,Recruitment,Work-life balance,Promotions,3.5,3.8,3.7,3.5,3.6,3.7,3.1
Aye-Finance,4.1,2014.0,"Gurgaon / Gurugram, Haryana",India,"Gurgaon / Gurugram, Haryana",India,10091.0,10001-50000,NBFC,,,3.9,4.0,4.0,3.9,3.9,4.1,3.7
HTC-Global-Services,3.4,1990.0,"Chennai, Tamil Nadu",India,"Troy, Michigan",United States (USA),4443.0,10001-50000,IT Services & Consulting,"Promotions, Skill development, Work satisfaction",,3.2,3.6,3.2,3.1,3.2,3.2,2.7
Aadhar-Housing-Finance,4.0,2010.0,"Mumbai,Maharashtra",India,"Mumbai,Maharashtra",India,4583.0,1001-5000,NBFC,"Salary, Skill development, Company culture",,3.8,3.7,3.8,3.9,3.8,3.9,3.7
Angel-One,3.6,1996.0,,,"Faridabad, Haryana",India,3823.0,1001-5000,FinTech,"Promotions, Job security",,3.3,3.6,3.5,3.4,3.4,3.6,3.1
DHL-Supply-Chain,4.2,1969.0,"Mumbai, Maharashtra",India,Bonn,Germany,2449.0,100001+,Logistics,,,4.3,4.1,4.1,4.0,4.0,3.7,3.4
G-R-Infraprojects,4.1,1995.0,"Gurgaon / Gurugram, Haryana",India,"Gurgaon/Gurugram, Haryana",India,10940.0,10001-50000,Engineering & Construction,"Salary, Work-life balance, Skill development",,3.6,3.9,3.8,3.9,3.8,4.0,3.7
Lucas-TVS,3.9,1962.0,"Chennai, Tamil Nadu",India,"Chennai, Tamil Nadu",India,7001.0,5001-10000,Auto Components,Job security,Promotions,3.8,3.7,3.7,3.7,3.6,3.4,3.1
Google,4.4,1998.0,,,"Mountain View,California",United States,46261.0,1001-5000,Software Product,"Company culture, Work-life balance, Salary",,4.1,4.4,4.4,4.3,4.3,4.3,4.1
Tekwissen,4.9,2009.0,"Visakhapatnam, Andhra Pradesh",India,"Visakhapatnam, Andhra Pradesh",India,364.0,501-1000,IT Services & Consulting,,,4.9,4.9,4.9,4.9,4.9,4.7,4.4
Thomson-Reuters,3.7,2008.0,,,,Array,6000.0,,Software Product,,,3.5,4.0,3.8,3.5,3.5,3.5,3.0
TELUS-Digital,3.5,2005.0,,India,"Vancouver, British Columbia",,1837.0,100001+,IT Services & Consulting,"Promotions, Job security, Work satisfaction",,3.2,3.6,3.5,3.3,3.3,3.4,3.0
NTPC,4.2,1975.0,"Delhi/NCR, Delhi",India,"Delhi/NCR, Delhi",India,16646.0,10001-50000,Power,"Company culture, Work-life balance, Job security",,4.0,4.1,4.1,4.0,4.0,3.9,3.5
Safexpress,3.9,1997.0,"Gurgaon / Gurugram, Haryana",India,"Gurgaon / Gurugram, Haryana",India,4375.0,1001-5000,Logistics,"Job security, Company culture, Work-life balance","Promotions, Salary",4.2,3.8,3.8,3.6,3.7,3.3,3.2
Iris-Software,3.8,1991.0,,,"Edison, New Jersey",United States (USA),4300.0,1001-5000,IT Services & Consulting,,,3.5,3.8,3.8,3.7,3.6,3.7,3.3
Infinx,3.7,2012.0,"Mumbai, Maharashtra",India,"Mumbai, Maharashtra",India,6601.0,1001-5000,Software Product,,,3.8,3.7,3.6,3.6,3.6,3.4,3.2
Tata-Power,3.9,1915.0,"Mumbai, Maharashtra",India,"Mumbai, Maharashtra",India,22572.0,10001-50000,Power,,,4.2,3.9,3.8,3.8,3.7,3.3,3.1
ICICI-Home-Finance,3.7,1999.0,"Mumbai, Maharashtra",India,"Mumbai, Maharashtra",India,5936.0,5001-10000,Financial Services,Salary,,3.5,3.6,3.5,3.6,3.4,3.8,3.5
Trident-Group,3.2,1990.0,"Ludhiana, Punjab",India,"Ludhiana, Punjab",India,13804.0,10001-50000,Fashion & Textile,,,2.6,2.9,2.9,3.3,3.0,4.1,3.1
Verizon,3.5,2000.0,,,"Basking Ridge, NJ",,6554.0,100001+,Telecom,Salary,"Promotions, Job security, Work satisfaction",3.0,3.6,3.5,3.4,3.3,3.9,2.8
NeoSOFT,3.3,1996.0,"Mumbai, Maharashtra",India,"Mumbai, Maharashtra",India,3063.0,1001-5000,IT Services & Consulting,"Promotions, Job security, Company culture",,3.0,3.3,3.1,3.4,3.2,3.3,3.0
CSB-Bank,3.3,,,,,,,,,,,,,,,,,
PI-Industries,3.8,1947.0,"Gurgaon/Gurugram, Haryana",India,"Gurgaon/Gurugram, Haryana",India,3566.0,1001-5000,Agro Chemicals,Salary,Promotions,3.7,3.7,3.5,3.7,3.5,3.8,3.2
Torrent-Power,3.8,1996.0,"Ahmedabad, Gujrat",India,"Ahmedabad, Gujrat",India,7969.0,5001-10000,Power,,,4.3,3.9,3.7,3.5,3.5,3.2,3.0
Tata-Tele-Business-Services,3.6,1995.0,"Mumbai, Maharashtra",India,"Mumbai, Maharashtra",India,1378.0,,Telecom,"Promotions, Work satisfaction",,3.5,3.6,3.4,3.5,3.3,3.4,3.0
Jindal-Saw,4.1,1984.0,"Delhi/NCR, New Delhi",India,"Delhi/NCR, New Delhi",India,7511.0,10001-50000,Iron & Steel,"Job security, Work-life balance, Salary",,4.1,3.9,3.7,3.7,3.8,3.8,3.5
Hindustan-Aeronautics,4.3,1940.0,"Bangalore/Bengaluru, Karnataka",India,"Bangalore/Bengaluru, Karnataka",India,36695.0,10001-50000,Defence & Aerospace,"Work-life balance, Job security, Skill development",,4.2,4.3,4.1,4.2,4.2,3.9,3.6
Polycab-Wires,4.0,1996.0,"Mumbai, Maharashtra",India,"Mumbai, Maharashtra",India,5258.0,5001-10000,Electrical Equipment,"Salary, Work-life balance",,3.6,3.8,3.7,3.6,3.6,3.9,3.5
TVS-Sundram-Fasteners,3.6,,,,,,,,,,,,,,,,,
Aragen-Life-Sciences,3.9,2000.0,"Hyderabad/Secunderabad, Telangana",India,"Hyderabad/Secunderabad, Telangana",India,4001.0,1001-5000,Clinical Research,"Job security, Company culture, Work-life balance",Promotions,3.9,3.8,3.8,3.8,3.7,3.5,3.3
KENT-RO-Systems,3.7,1999.0,"Noida, Uttar Pradesh",India,"Noida, Uttar Pradesh",India,3500.0,1001-5000,Consumer Electronics & Appliances,Work-life balance,Promotions,3.5,3.8,3.5,3.4,3.6,3.6,3.2
First-American-(India),3.5,,,,,,,,,,,,,,,,,
Medi-Assist-India,3.5,2000.0,"Bangalore,Karnataka",India,"Bangalore,Karnataka",India,4957.0,1001-5000,Insurance,"Promotions, Salary, Work satisfaction",,3.5,3.4,3.4,3.3,3.3,2.8,2.6
Godrej-Properties,3.7,1990.0,"Mumbai, Maharashtra",India,"Mumbai, Maharashtra",India,4199.0,1001-5000,Real Estate,Salary,"Promotions, Work satisfaction",3.7,3.4,3.5,3.5,3.3,4.0,3.0
AXA-Global-Business-Services,3.7,1946.0,,,"Paris, France",France,1290.0,5001-10000,IT Services & Consulting,"Work-life balance, Company culture, Job security","Promotions, Salary",3.8,3.9,3.8,3.4,3.4,3.1,3.0
Infra.Market,3.9,,,,,,,,,,,,,,,,,
Provana,4.0,2011.0,,,"Lisle, Illinois",United States (USA),1201.0,501-1000,BPO,"Company culture, Work-life balance, Job security",,3.8,3.9,3.9,3.8,3.8,3.6,3.6
Fusion-CX,3.3,,,,,,,,,,,,,,,,,
Capri-Global-Capital,3.6,1997.0,"Mumbai, Maharashtra",India,"Mumbai, Maharashtra",India,8084.0,5001-10000,NBFC,,,3.3,3.5,3.4,3.5,3.4,3.6,3.3
Honda-Cars,4.3,1995.0,,,"Greater Noida, Uttar Pradesh",India,5772.0,"1,001-5,000",Automobile,"Work-life balance, Company culture, Job security",,4.2,4.4,4.2,4.0,4.1,4.1,3.7
AkzoNobel,4.1,1939.0,"Gurgaon / Gurugram, Haryana",India,Amsterdam,Netherlands,1577.0,1001-5000,Chemicals,,,3.7,3.9,4.0,3.8,3.8,3.9,3.3
Haldiram-Foods-International-Limited,3.8,1970.0,"Nagpur, Maharashtra",India,"Nagpur, Maharashtra",India,16001.0,10001-50000,FMCG,Promotions,,3.5,3.6,3.4,3.6,3.5,3.5,3.2
Sterling-&-Wilson,4.0,1927.0,Mumbai,India,Mumbai,India,3001.0,1001-5000,Engineering & Construction,,,3.9,3.9,3.8,3.8,3.8,3.8,3.5
DIVI'S-Laboratories,3.6,1990.0,"Hyderabad/Secunderabad, Telangana",India,"Hyderabad/Secunderabad, Telangana",India,10542.0,10001-50000,Pharma,Salary,"Promotions, Work satisfaction, Company culture",3.7,3.3,3.1,3.3,3.1,3.8,3.0
Innovsource-Services,3.9,2004.0,"Mumbai, Maharashtra",India,"Mumbai, Maharashtra",India,1182.0,1001-5000,Recruitment,Work-life balance,Promotions,3.5,3.8,3.7,3.6,3.6,3.6,3.1
Cafe-Coffee-Day,3.7,1996.0,"Bengaluru, Karnataka",India,"Bengaluru, Karnataka",India,15001.0,5001-10000,Hospitality,"Promotions, Salary",,3.5,3.6,3.4,3.5,3.5,3.3,3.0
Digit-Insurance,3.7,2016.0,"Bengaluru/Bangalore, Karnataka",India,"Bengaluru/Bangalore, Karnataka",India,4534.0,1001-5000,Insurance,Promotions,,3.7,3.6,3.6,3.7,3.6,3.5,3.3
MetLife,4.0,2008.0,,,New York,United States (USA),4000.0,10001-50000,Insurance,"Job security, Work-life balance, Company culture",Promotions,4.1,4.1,4.0,3.7,3.7,3.6,3.3
Hindustan-Petroleum,4.2,1974.0,"Mumbai, Maharashtra",India,"Mumbai, Maharashtra",India,8049.0,5001-10000,Oil & Gas,"Company culture, Job security, Salary",,4.0,4.0,4.0,4.0,3.9,4.0,3.6
Stellar-Migration,1.3,,,,,,,,Other,"Work satisfaction, Promotions, Skill development",,1.3,1.3,1.3,1.3,1.3,1.3,1.3
SS&C-TECHNOLOGIES,3.2,,,,,,,,,,,,,,,,,
Tata-Communications-Transformation-Services,3.8,2006.0,Mumbai,India,Mumbai,India,4001.0,5001-10000,Telecom,Work-life balance,"Promotions, Salary",3.7,3.8,3.7,3.5,3.5,3.2,2.9
Reckitt-Benckiser,4.0,1999.0,,,"Slough,Slough",United Kingdom,3401.0,10001-50000,FMCG,"Salary, Work-life balance",Promotions,3.7,3.9,3.7,3.6,3.7,3.9,3.2
LivSpace,3.3,2014.0,"Bangalore,Karnataka",India,"Bangalore,Karnataka",India,5001.0,1001-5000,Architecture & Interior Design,"Promotions, Work satisfaction, Job security",,3.0,3.1,3.2,3.1,3.0,3.3,2.7
Isgec-Heavy-Engineering,3.8,1933.0,"Noida, Uttar Pradesh",India,"Noida, Uttar Pradesh",India,4000.0,1001-5000,Engineering & Construction,Job security,Promotions,3.9,3.5,3.4,3.5,3.4,3.7,3.1
USHA-International,4.0,1935.0,"Gurgaon/Gurugram, Haryana",India,"Gurgaon/Gurugram, Haryana",India,2319.0,1001-5000,Consumer Electronics & Appliances,"Work-life balance, Company culture, Job security",Promotions,3.9,4.0,3.9,3.9,3.8,3.7,3.3
Air-India,3.4,1932.0,"Gurgaon / Gurugram, Haryana",India,,,12001.0,100001+,Aviation,"Promotions, Work satisfaction, Company culture",,3.4,3.3,3.1,3.3,3.1,3.3,2.8
Adani-Green-Energy,3.9,2015.0,"Ahmedabad, Gujrat",India,"Ahmedabad, Gujrat",India,1247.0,1001-5000,Power,"Salary, Skill development",,3.7,3.6,3.7,3.9,3.7,4.0,3.4
USV,4.0,1961.0,"Mumbai, Maharashtra",India,"Mumbai, Maharashtra",India,7134.0,5001-10000,Pharma,,,3.8,3.8,3.8,3.8,3.7,3.8,3.5
Kalyan-Jewellers,4.4,1993.0,"Thrissur, Kerala",India,"Thrissur, Kerala",India,12534.0,10001-50000,Jewellery,"Salary, Job security, Skill development",,4.3,4.2,4.2,4.3,4.1,4.4,4.1
HDFC-Securities,3.4,2000.0,"Mumbai, Maharashtra",India,"Mumbai, Maharashtra",India,3521.0,1001-5000,Financial Services,"Promotions, Work satisfaction, Company culture",,3.3,3.2,3.1,3.2,3.0,3.4,2.9
BT-Business,3.9,,,,,,,,,,,,,,,,,
Security-and-Intelligence-Services-(India),4.0,,,,,,,,,,,,,,,,,
XBP-Global,3.2,,"Mumbai, Maharashtra",India,"Mumbai, Maharashtra",India,,,Internet,"Promotions, Skill development, Salary",,3.0,3.2,3.0,2.9,3.1,2.9,2.5
Rungta-Mines,4.0,,,,,,,,,,,,,,,,,
Annapurna-Finance,3.8,2009.0,"Bhubaneswar,Odisha",India,"Bhubaneswar,Odisha",India,15709.0,1001-5000,NBFC,Salary,Promotions,3.7,3.6,3.6,3.6,3.6,3.8,3.3
Rungta-Mines,4.0,,,,,,,,,,,,,,,,,
Vedantu,3.3,2011.0,"Bangalore,Karnataka",India,"Bangalore,Karnataka",India,5095.0,5001-10000,EdTech,"Job security, Promotions, Work satisfaction",,2.6,3.0,3.0,3.1,2.9,3.3,2.7
Future-Retail,4.4,1987.0,,,"San Francisco,California",United States,32012.0,10001-50000,Retail,"Company culture, Skill development, Work-life balance",,4.1,4.2,4.3,4.3,4.2,4.1,4.0
Orchids-International-School,3.9,2004.0,"Nasik/Nashik, Maharashtra",India,"Nasik/Nashik, Maharashtra",India,7001.0,1001-5000,Education & Training,Skill development,,3.6,3.7,3.7,4.0,3.7,3.6,3.5
Dhani-Loans-and-Services,3.9,,"New Delhi, Delhi",India,"New Delhi, Delhi",India,1890.0,,NBFC,Work-life balance,"Promotions, Job security",3.2,3.8,3.5,3.6,3.6,3.7,3.2
Bata,3.5,1931.0,,,Lausanne,Switzerland,4073.0,10001-50000,Fashion & Textile,"Promotions, Work satisfaction, Work-life balance",,3.3,3.3,3.3,3.4,3.3,3.4,3.0
BVG-India,4.2,1997.0,"Pune,Maharashtra",India,"Pune,Maharashtra",India,2000.0,10001-50000,Facility Management Services,,,4.0,4.1,4.0,4.0,4.0,3.7,3.6
Granules-India-Limited,3.8,1984.0,"Hyderabad/Secunderabad, Telangana",India,"Hyderabad/Secunderabad, Telangana",India,4066.0,1001-5000,Pharma,Promotions,,3.6,3.6,3.5,3.4,3.4,3.7,3.3
Metro-Cash-&-Carry,4.0,2003.0,"Bangalore/Bengaluru, Karnataka",India,"Bangalore/Bengaluru, Karnataka",India,3500.0,50001-100000,Retail,"Work-life balance, Company culture, Job security",Promotions,3.8,3.9,3.8,3.8,3.7,3.7,3.3
Mother-Dairy-Fruit-&-Vegetable,4.0,1974.0,"Noida, Uttar Pradesh",India,"Noida, Uttar Pradesh",India,2979.0,1001-5000,Food Processing,"Job security, Work-life balance, Company culture",Promotions,4.2,4.0,3.8,3.7,3.8,3.7,3.3
Orange-Business,4.1,1992.0,,,Paris,France,5001.0,10001-50000,IT Services & Consulting,"Work-life balance, Company culture, Job security",Promotions,4.0,4.3,4.1,3.7,3.8,3.6,3.1
Hitachi-Astemo,4.1,,,,,,2729.0,50001-100000,Auto Components,"Company culture, Job security, Work-life balance",Promotions,4.0,4.0,4.0,3.8,3.8,3.5,3.2
TTEC-India,3.7,1984.0,"Ahmedabad, Gujarat",India,"Austin, Texas",United States,3500.0,10001-50000,BPO,,,3.6,3.7,3.8,3.4,3.5,3.3,3.0
Cushman-&-Wakefield,4.1,1917.0,,,Chicago,United States (USA),1661.0,10001-50000,Real Estate,"Company culture, Work-life balance, Job security",,4.0,4.1,4.1,3.9,3.9,3.9,3.4
FactSet,3.7,1978.0,"Hyderabad / Secunderabad, Telangana",India,"Norwalk,Connecticut",United States,5338.0,10001-50000,Analytics & KPO,"Work-life balance, Company culture, Job security","Promotions, Skill development, Salary",3.8,3.9,3.8,3.1,3.3,3.1,2.9
NEC,4.0,2006.0,"New Delhi, Delhi",India,"New Delhi, Delhi",India,6000.0,100001+,IT Services & Consulting,"Work-life balance, Company culture, Salary",,3.8,4.1,4.0,3.9,3.9,3.9,3.7
Indian-Navy,4.6,1950.0,"Delhi/NCR, Delhi",India,"Delhi/NCR, Delhi",India,73869.0,50001-100000,Defence & Aerospace,"Job security, Skill development, Company culture",,4.7,4.3,4.4,4.5,4.4,4.4,4.3
Medanta-the-Medicity,4.0,2009.0,Gurgaon,India,Gurgaon,India,10260.0,10001-50000,Healthcare,"Job security, Skill development, Company culture",,4.1,3.8,3.8,4.0,3.8,3.6,3.4
Sysnet-Global-Technologies,3.7,1999.0,"Delhi/NCR, Delhi",India,"Delhi/NCR, Delhi",India,4001.0,1001-5000,IT Services & Consulting,"Promotions, Salary",,3.5,3.6,3.5,3.5,3.5,3.1,2.9
Health-Care-Global-Enterprises,4.4,2003.0,"Bangalore/Bengaluru, Karnataka",India,"Bangalore/Bengaluru, Karnataka",India,6736.0,5001-10000,Healthcare,"Company culture, Job security, Work-life balance",,4.3,4.3,4.3,4.3,4.2,4.1,4.0
Caterpillar-Inc,4.1,1925.0,,,"Deerfield, Illinois",United States (USA),7300.0,100001+,Industrial Machinery,"Company culture, Work-life balance, Job security",,4.0,4.1,4.1,3.9,3.9,3.9,3.4
HighRadius,2.5,2006.0,"Hyderabad/Secunderabad, Telangana",India,"Houston,Texas",United States,3000.0,1001-5000,Software Product,"Job security, Work satisfaction, Promotions",,2.1,2.4,2.4,2.6,2.3,3.0,2.4
Cavinkare,3.9,1983.0,"Chennai, Tamil Nadu",India,"Chennai, Tamil Nadu",India,1200.0,1001-5000,FMCG,"Salary, Company culture",,3.7,3.7,3.8,3.7,3.6,3.9,3.5
IIFL-SAMASTA,3.7,2008.0,,,"Bangalore / Bengaluru, Karnataka",India,17957.0,"5,001-10,000",NBFC,,,3.6,3.5,3.5,3.7,3.5,3.6,3.4
Frankfinn-Institute-of-Air-Hostess-Training,3.9,1993.0,"Gurgaon/Gurugram, Haryana",India,"Gurgaon/Gurugram, Haryana",India,1575.0,1001-5000,Education & Training,,,3.6,3.8,3.8,3.7,3.7,3.8,3.6
KONE,4.1,1910.0,"Chennai, Tamil Nadu",India,Helsinki - Finland,,5001.0,50001-100000,Industrial Machinery,,,4.0,4.1,4.0,3.8,3.8,3.8,3.4
MagicBricks,4.0,2006.0,"Noida, Uttar Pradesh",India,"Noida, Uttar Pradesh",India,2004.0,1001-5000,Internet,"Salary, Work-life balance, Company culture",,3.7,3.9,3.8,3.8,3.8,3.9,3.5
Yamaha-Motor,4.1,1955.0,,,"Iwata, Shizuoka",Japan,3450.0,50001-100000,Automobile,"Work-life balance, Company culture, Skill development",Promotions,3.8,4.0,3.9,3.9,3.9,3.8,3.3
L.G.Balakrishnan-&-Bros,3.5,,,,,,,,,,,,,,,,,
Rane-(Madras),3.9,,,,,,,,,,,,,,,,,
BA-Continuum,3.9,,,,,,,,,,,,,,,,,
NielsenIQ,3.5,1923.0,,,"Chicago, Illinois",,8534.0,100001+,Analytics & KPO,"Promotions, Skill development, Salary",,3.4,3.7,3.6,3.1,3.2,3.1,2.6
Compass-Group-Support-Services,4.0,2008.0,"Gurgaon / Gurugram, Haryana",India,"London, England",United Kingdom,36618.0,50001-100000,Facility Management Services,,,3.9,4.0,3.9,3.9,3.8,3.8,3.4
DHL-Express,4.1,1979.0,,,Bonn,Germany,3057.0,10001-50000,Logistics,"Job security, Company culture, Work-life balance",Promotions,4.1,4.0,4.0,3.9,3.8,3.7,3.3
JSW-Bhushan-Power-&-Steel,4.0,,,,,,4070.0,,Iron & Steel,"Skill development, Company culture, Job security",Promotions,3.8,3.8,3.8,3.9,3.7,3.6,3.3
Patanjali-Foods,3.7,,,,,,,,,,,,,,,,,
Clover-Infotech,3.4,1994.0,"Mumbai, Maharashtra",India,"Mumbai, Maharashtra",India,4072.0,1001-5000,IT Services & Consulting,,,3.3,3.2,3.1,3.3,3.1,3.2,2.9
Tata-1mg,3.5,,,,,,,,,,,,,,,,,
Vardhman-Fabrics,4.0,,,,,,,,,,,,,,,,,
ReNew,4.2,2011.0,"Gurugram, Haryana",India,"Gurugram, Haryana",India,4336.0,1001-5000,Power,,,4.2,4.1,4.1,4.1,3.9,4.0,3.7
CG-Power-and-Industrial-Solutions,3.8,1937.0,"Mumbai, Maharashtra",India,"Mumbai, Maharashtra",India,3408.0,1001-5000,Electrical Equipment,Promotions,,3.7,3.7,3.5,3.5,3.5,3.5,3.1
Procter-&-Gamble,4.0,1837.0,,,"Cincinnati, Ohio",United States (USA),2501.0,50001-100000,FMCG,"Company culture, Skill development, Salary",,3.8,3.9,4.0,4.0,3.8,3.9,3.5
Johnson-&-Johnson,3.9,1957.0,,,"New Brunswick, New Jersey",United States (USA),3000.0,100001+,Healthcare,"Company culture, Work-life balance, Salary",Promotions,3.6,3.9,3.9,3.8,3.7,3.8,3.2
Matrimony.com,3.9,,,,,,,,,,,,,,,,,
Suryoday-Small-Finance-Bank,4.0,2008.0,"Mumbai,Maharashtra",India,"Mumbai,Maharashtra",India,8649.0,5001-10000,Banking,"Salary, Company culture, Job security",,3.8,3.8,3.8,3.8,3.7,3.9,3.6
Arvind-Group,4.0,1931.0,"Ahmedabad, Gujrat",India,"Ahmedabad, Gujrat",India,25833.0,10001-50000,Fashion & Textile,"Work-life balance, Job security, Company culture",Promotions,3.9,4.0,3.8,3.7,3.7,3.6,3.3
Belrise-Industries,3.7,,,,,,,,,,,,,,,,,
Wipro-Enterprises-Ltd,3.7,1945.0,Bangalore,India,Bangalore,India,4761.0,100001+,FMCG,Job security,"Promotions, Salary",3.8,3.7,3.7,3.6,3.5,3.3,3.1
Chegg,4.1,2005.0,,,"Santa Clara,California",United States,820.0,1001-5000,EdTech,"Work-life balance, Company culture, Salary","Job security, Promotions",3.2,4.3,4.0,3.9,3.9,3.9,3.3
CMA-CGM,3.9,1978.0,,,"Marseille, Marseille",France,601.0,100001+,Ports & Shipping,"Job security, Company culture, Work-life balance",Promotions,4.2,3.8,3.9,3.8,3.7,3.5,3.2
Toyota-Kirloskar-Motor,4.3,1997.0,"Bangalore/Bengaluru, Karnataka",India,"Bangalore/Bengaluru, Karnataka",India,6501.0,5001-10000,Automobile,"Company culture, Skill development, Job security",,4.2,4.1,4.3,4.3,4.1,4.2,3.7
Krishna-Maruti,3.8,1994.0,"Gurgaon/Gurugram, Haryana",India,"Gurgaon/Gurugram, Haryana",India,2185.0,1001-5000,Auto Components,Job security,Promotions,3.8,3.7,3.6,3.6,3.6,3.5,3.2
Shriram-Life-Insurance,3.5,2005.0,"Hyderabad/Secunderabad, Telangana",India,"Hyderabad/Secunderabad, Telangana",India,25585.0,10001-50000,Insurance,"Promotions, Work satisfaction, Skill development",,3.3,3.6,3.4,3.3,3.3,3.4,3.2
Tata-Play,4.0,,,,,,,,,,,,,,,,,
HERE-Technologies,3.8,1985.0,,,"Eindhoven, North Brabant",Netherlands,4193.0,50001-100000,IT Services & Consulting,"Work-life balance, Company culture, Job security","Promotions, Salary",3.9,4.2,4.1,3.4,3.6,3.0,2.7
Goldman-Sachs,3.4,2003.0,,,"New York, New York",United States (USA),9000.0,10001-50000,Financial Services,"Work-life balance, Job security, Promotions",,2.9,2.9,3.3,3.3,3.1,3.4,3.0
Coronis-Ajuba-Solutions,4.0,,,,"Jackson, Michigan",,12000.0,5001-10000,BPO,"Company culture, Job security, Salary",Promotions,3.8,3.8,3.9,3.7,3.7,3.8,3.3
Hero-Motors-Company,3.9,,,,,,,,,,,,,,,,,
Dixon-Technologies,3.9,,,,,,,,,,,,,,,,,
Veritas-Finance,4.3,2015.0,"Chennai,Tamil Nadu",India,"Chennai,Tamil Nadu",India,7796.0,1001-5000,NBFC,"Company culture, Work-life balance, Job security",,4.1,4.2,4.2,4.0,4.1,4.1,4.0
Marico,3.8,1988.0,"Mumbai, Maharashtra",India,"Mumbai, Maharashtra",India,1908.0,1001-5000,FMCG,Promotions,,3.7,3.5,3.7,3.7,3.5,3.7,3.2
Satin-Creditcare-Network,3.9,1990.0,"Gurgaon/Gurugram, Haryana",India,"Gurgaon/Gurugram, Haryana",India,15189.0,10001-50000,NBFC,"Salary, Job security, Work-life balance",,3.8,3.8,3.7,3.8,3.6,3.9,3.6
Welspun-Living-Limited,3.9,,,,,,,,,,,,,,,,,
Godrej-Industries-Group,3.9,1897.0,Mumbai,India,Mumbai,India,1148.0,10001-50000,Real Estate,"Job security, Company culture, Work-life balance",Promotions,4.0,3.8,3.8,3.7,3.7,3.7,3.2
Teva-Pharmaceuticals,3.9,1901.0,,,"Dublin, Dublin",Ireland,3501.0,10001-50000,Pharma,Work-life balance,Promotions,3.6,3.9,3.7,3.6,3.6,3.7,3.1
Emami,3.8,1974.0,"Kolkata, West Bengal",India,"Kolkata, West Bengal",India,3217.0,1001-5000,FMCG,"Job security, Work-life balance",Promotions,3.8,3.8,3.6,3.6,3.6,3.5,3.1
ZF-Commercial-Vehicle-Control-Systems,3.8,,,,,,2488.0,,Auto Components,Promotions,,3.4,3.5,3.6,3.6,3.5,3.7,3.0
Sanofi,4.0,1956.0,"Mumbai, Maharashtra",India,Paris,France,3000.0,100001+,Pharma,,,3.8,4.1,4.0,3.8,3.8,3.6,3.1
PharmEasy,3.7,2015.0,"Mumbai,Maharashtra",India,"Mumbai,Maharashtra",India,2802.0,1001-5000,Internet,"Job security, Promotions",,3.0,3.6,3.5,3.5,3.4,3.5,3.2
iOPEX-Technologies,3.1,2009.0,"Chennai, Tamil Nadu",India,"San Jose, California",India,2000.0,1001-5000,IT Services & Consulting,"Promotions, Salary, Work satisfaction",,3.2,3.0,3.0,3.1,3.0,2.9,2.8
Wockhardt,3.8,1999.0,"Mumbai, Maharashtra",India,"Mumbai, Maharashtra",India,2296.0,5001-10000,Pharma,Work-life balance,Promotions,3.5,3.9,3.7,3.7,3.7,3.4,2.9
Mercer,3.6,1945.0,,,"New York, New York",United States (USA),1448.0,10001-50000,Management Consulting,Job security,"Promotions, Work satisfaction, Skill development",3.8,3.6,3.5,3.2,3.2,3.3,2.9
Asahi-India-Glass,3.8,,,,,,,,,,,,,,,,,
Supreme-Industries,4.0,1942.0,Mumbai,India,Mumbai,India,5374.0,10001-50000,Petrochemicals,"Job security, Work-life balance, Skill development",Promotions,4.1,3.9,3.7,3.8,3.8,3.5,3.3
Urban-Company,3.3,2014.0,"Gurgaon / Gurugram, Haryana",India,"Gurgaon / Gurugram, Haryana",India,1101.0,1001-5000,Internet,,,2.8,3.1,3.2,3.4,3.2,3.4,2.9
Broadridge-Financial-Solutions,3.8,2007.0,,,"New York City,New York",United States,5549.0,10001-50000,FinTech,"Job security, Company culture, Work-life balance",Promotions,3.9,3.8,3.8,3.5,3.5,3.4,3.0
IFB,3.6,1974.0,"Kolkata, West Bengal",India,"Kolkata, West Bengal",India,2375.0,1001-5000,Consumer Electronics & Appliances,"Promotions, Work satisfaction, Salary",,3.5,3.4,3.3,3.5,3.3,3.3,2.9
Cemindia-Projects,4.2,,,,,,2769.0,,Engineering & Construction,"Job security, Salary, Company culture",,4.3,3.9,4.0,3.9,3.9,4.1,3.6
IndiaFirst-Life-Insurance,3.8,2009.0,"Mumbai,Maharashtra",India,"Mumbai,Maharashtra",India,4694.0,1001-5000,Insurance,Salary,,3.5,3.6,3.6,3.6,3.5,3.9,3.6
KFC,4.0,1952.0,,,"Louisville, Kentucky",United States (USA),17001.0,10001-50000,Hospitality,"Skill development, Company culture, Job security",,3.9,3.8,3.9,4.1,3.8,3.8,3.8
Relaxo-Footwear,4.0,1984.0,"New Delhi, Delhi",India,"New Delhi, Delhi",India,7355.0,5001-10000,Fashion & Textile,"Job security, Salary, Work-life balance",Promotions,4.0,3.9,3.8,3.8,3.7,3.9,3.3
Kotak-Mahindra-Prime,3.9,1996.0,"Mumbai, Maharashtra",India,"Mumbai, Maharashtra",India,2804.0,1001-5000,NBFC,"Company culture, Job security, Work-life balance",Promotions,3.8,3.8,3.8,3.8,3.6,3.5,3.2
Marriott-International,4.1,1927.0,,,"Bethesda, Maryland",United States (USA),26828.0,100001+,Hospitality,"Job security, Skill development, Company culture",,4.1,3.9,4.0,4.1,3.9,3.7,3.7
Honda,4.1,1985.0,"Greater Noida, Uttar Pradesh",India,"Greater Noida, Uttar Pradesh",India,5772.0,100001+,Automobile,"Company culture, Job security, Work-life balance",,4.0,4.0,4.0,3.9,3.9,3.9,3.7
Amul-India,4.0,1973.0,Anand,India,Anand,India,1400.0,1001-5000,Food Processing,"Job security, Work-life balance, Company culture",Promotions,4.1,3.9,3.8,3.7,3.7,3.7,3.3
Gujarat-Fluorochemicals,3.9,1987.0,"Noida, Uttar Pradesh",India,"Noida, Uttar Pradesh",India,3405.0,1001-5000,Chemicals,"Job security, Work-life balance",Promotions,4.0,3.9,3.6,3.6,3.6,3.7,3.3
Bajaj-Capital,3.6,1964.0,"Delhi/NCR, New Delhi",India,"Delhi/NCR, New Delhi",India,5101.0,5001-10000,Financial Services,"Promotions, Job security",,3.3,3.6,3.5,3.5,3.4,3.5,3.2
American-Broadcasting-Company,4.0,2020.0,,,,,,2-10,Engineering & Construction,"Company culture, Work-life balance, Skill development",,3.8,3.9,3.9,3.9,3.9,3.8,3.8
Lumax-Industries,3.9,1945.0,"Pune, Maharashtra",India,"Pune, Maharashtra",India,2935.0,5001-10000,Auto Components,"Job security, Skill development",,4.0,3.7,3.7,3.9,3.7,3.6,3.4
Muthoot-Microfin,4.2,2015.0,"Ernakulam,Kerala",India,"Ernakulam,Kerala",India,10646.0,10001-50000,NBFC,"Job security, Work-life balance, Skill development",,4.1,4.1,4.0,4.1,4.0,4.0,3.9
Dainik-Bhaskar-Group,4.1,1958.0,"Bhopal, Madhya Pradesh",India,"Bhopal, Madhya Pradesh",India,5088.0,5001-10000,Printing & Publishing,"Company culture, Skill development, Work-life balance",,3.8,3.9,4.0,4.0,3.9,3.7,3.6
Nayara-Energy,4.2,1989.0,"Mumbai, Maharashtra",India,"Mumbai, Maharashtra",India,3501.0,1001-5000,Oil & Gas,"Salary, Work-life balance, Job security",,4.0,4.1,3.9,3.7,3.8,4.1,3.4
Suguna-Foods,3.9,1984.0,"Coimbatore, Tamil Nadu",India,"Coimbatore, Tamil Nadu",India,6928.0,5001-10000,Food Processing,Company culture,Promotions,3.6,3.7,3.8,3.7,3.7,3.5,3.2
Patra-India,3.5,,,,,,2955.0,,BPO,Job security,"Salary, Promotions, Skill development",3.9,3.6,3.5,3.2,3.3,2.7,2.9
Hinduja-Leyland-Finance,3.9,,,,,,,,,,,,,,,,,
Tesco,3.5,2004.0,"Bangalore / Bengaluru, Karnataka",India,"Bangalore / Bengaluru, Karnataka",India,4000.0,5001-10000,Retail,,,3.8,3.7,3.6,3.2,3.1,3.1,2.7
Tata-Consumer-Products,3.5,1962.0,"Mumbai, Maharashtra",India,"Mumbai, Maharashtra",India,10595.0,1001-5000,FMCG,"Promotions, Work satisfaction, Job security",,3.2,3.3,3.2,3.3,3.2,3.6,3.0
Bisleri,4.2,1965.0,"Mumbai, Maharashtra",India,"Mumbai, Maharashtra",India,2774.0,1001-5000,Beverage,"Job security, Work-life balance, Salary",,4.1,4.1,3.9,3.8,3.9,4.0,3.4
Labmentix,4.5,,,,,,,,,"Work-life balance, Skill development, Company culture",,4.1,4.5,4.4,4.5,4.4,3.6,3.9
Karur-Vysya-Bank,3.5,1916.0,"Karur, Tamil Nadu",India,"Karur, Tamil Nadu",India,9765.0,5001-10000,Banking,"Promotions, Work satisfaction, Skill development",,3.4,3.3,3.3,3.3,3.2,3.4,3.0
SHYAM-METALICS-AND-ENERGY,3.4,1995.0,"Kolkata, West Bengal",India,"Kolkata, West Bengal",India,10138.0,1001-5000,Metals & Mining,,,3.1,3.4,3.1,3.3,3.2,3.2,2.8
Evalueserve,3.0,2000.0,"Bangalore / Bengaluru, Karnataka",India,Switzerland,,4201.0,1001-5000,Analytics & KPO,"Promotions, Salary, Work satisfaction",,3.3,3.3,3.0,2.8,2.8,2.7,2.4
Steel-Strips-Wheels,3.8,1991.0,"Chandigarh, Punjab, India",India,"Chandigarh, Punjab, India",India,3027.0,1001-5000,Auto Components,,,3.5,3.6,3.4,3.6,3.5,3.4,3.4
XL-Dynamics,3.6,2002.0,Navi Mumbai,India,Navi Mumbai,India,1101.0,1001-5000,IT Services & Consulting,Salary,,3.4,3.5,3.4,3.6,3.5,3.9,3.5
Oracle-Cerner,3.3,1979.0,,,"Kansas, Missouri",United States (USA),3497.0,10001-50000,Software Product,Work-life balance,"Promotions, Skill development, Salary",3.1,3.8,3.4,3.0,3.1,3.0,2.4
Canara-Bank,3.6,1906.0,"Bangalore/Bengaluru, Karnataka",India,"Bangalore/Bengaluru, Karnataka",India,81260.0,50001-100000,Banking,Job security,"Work-life balance, Work satisfaction, Company culture",4.0,3.1,3.2,3.4,3.2,3.6,3.5
Piramal-Pharma,3.9,,,,,,,,,,,,,,,,,
SAI-Life-Sciences,3.9,1999.0,Hyderabad,India,Hyderabad,India,3801.0,1001-5000,Clinical Research,"Salary, Company culture",Promotions,3.6,3.7,3.8,3.7,3.6,3.9,3.3
GMR-Group,3.9,1978.0,"Delhi/NCR, New Delhi",India,"Delhi/NCR, New Delhi",India,14040.0,5001-10000,Engineering & Construction,"Job security, Work-life balance, Company culture",Promotions,4.1,4.0,3.8,3.7,3.7,3.5,3.0
GE-VERNOVA,4.1,,,,"Cambridge, MA",,10000.0,10001-50000,Power,,,3.6,4.1,4.1,3.9,3.9,3.9,3.3
HCL-Infosystems,4.0,1976.0,"Noida, Uttar Pradesh",India,"Noida, Uttar Pradesh",India,179.0,100001+,IT Services & Consulting,"Job security, Work-life balance, Company culture",,4.1,4.1,4.0,3.8,3.8,3.6,3.6
Page-Industries,4.1,1994.0,"Bangalore/Bengaluru, Karnataka",India,"Bangalore/Bengaluru, Karnataka",India,20658.0,10001-50000,Fashion & Textile,"Job security, Company culture, Salary",Promotions,4.0,3.9,3.9,3.8,3.8,3.9,3.3
mPokket,4.5,2016.0,"Kolkata, West Bengal",India,"Kolkata, West Bengal",India,2226.0,1001-5000,NBFC,,,4.4,4.4,4.4,4.4,4.4,4.3,4.3
Tata-AutoComp-Systems,3.8,1995.0,"Pune, Maharashtra",India,"Pune, Maharashtra",India,15000.0,10001-50000,Auto Components,,,4.0,3.7,3.5,3.6,3.5,3.4,3.1
QualityKiosk-Technologies,3.2,2000.0,"Mumbai, Maharashtra",India,"Mumbai, Maharashtra",India,3501.0,1001-5000,IT Services & Consulting,"Promotions, Salary, Work satisfaction",,3.2,3.1,3.1,3.2,2.9,2.8,2.5
Ashoka-Buildcon,4.1,,,,,,,,,,,,,,,,,
Sonata-Software,3.4,1986.0,"Bangalore/Bengaluru, Karnataka",India,"Bangalore/Bengaluru, Karnataka",India,6414.0,5001-10000,IT Services & Consulting,"Promotions, Salary, Job security",,3.2,3.6,3.3,3.4,3.3,3.1,2.8
Tanishq,4.1,1994.0,"Bangalore/Bengaluru, Karnataka",India,"Bangalore/Bengaluru, Karnataka",India,2175.0,5001-10000,Jewellery,"Skill development, Company culture, Job security",,3.8,3.8,4.0,4.2,3.8,3.6,3.4
Max-Fashion,4.0,2014.0,"Bengaluru/Bangalore, Karnataka",India,Abu Dhabi,United Arab Emirates (UAE),9001.0,5001-10000,Retail,"Job security, Skill development, Company culture",,4.0,3.8,3.9,4.0,3.8,3.7,3.5
Devyani-International,3.8,1991.0,Gurugram,India,Gurugram,Array,14802.0,10001-50000,Hospitality,Skill development,,3.5,3.5,3.6,3.8,3.5,3.6,3.4
Honeywell-Technology-Solutions,3.6,1994.0,"Bangalore/Bengaluru, Karnataka",India,"Bangalore/Bengaluru, Karnataka",India,5001.0,10001-50000,Industrial Automation,"Promotions, Work satisfaction",,3.7,3.5,3.5,3.4,3.3,3.4,2.9
Wheelseye-Technology,3.4,2017.0,"Gurgaon,Haryana",India,"Gurgaon,Haryana",India,3208.0,11-50,Internet,"Promotions, Job security, Work satisfaction",,3.0,3.4,3.3,3.3,3.3,3.4,2.9
V5-Global-Services,3.9,2005.0,"Delhi/NCR, Delhi",India,"Delhi/NCR, Delhi",India,50001.0,501-1000,Recruitment,Work-life balance,Promotions,3.6,3.8,3.7,3.7,3.7,3.7,3.2
Gland-Pharma,4.0,,,,,,,,,,,,,,,,,
Chandigarh-University,4.3,2012.0,"Mohali, Punjab",India,"Mohali, Punjab",India,5775.0,5001-10000,Education & Training,,,4.1,4.1,4.1,4.1,4.1,4.1,4.0
Acuity-Analytics,3.1,2002.0,"Gurgaon / Gurugram, Haryana",India,"London, United Kingdom",United Kingdom (UK),5000.0,5001-10000,Analytics & KPO,"Promotions, Skill development, Salary",,3.5,3.3,3.0,2.8,2.9,2.8,2.6
Taurus-BPO-Services,4.1,,,,,,,,,,,,,,,,,
Daimler-India-Commercial-Vehicles,3.9,1886.0,"Chennai, Tamil Nadu",India,"Chennai, Tamil Nadu",India,4001.0,1001-5000,Automobile,"Job security, Work-life balance, Company culture",Promotions,4.0,4.0,3.8,3.8,3.7,3.5,3.1
Valeo,4.0,1923.0,,,"Paris, Île-de-France",France,6000.0,10001-50000,Auto Components,"Work-life balance, Company culture, Job security",Promotions,3.9,4.0,3.9,3.6,3.6,3.7,3.3
Aon,3.8,1940.0,,,London,United Kingdom (UK),7000.0,50001-100000,Management Consulting,"Job security, Company culture, Work-life balance","Promotions, Salary",3.9,3.8,3.8,3.5,3.5,3.3,3.1
Airtel-Payments-Bank,3.8,2016.0,"Delhi/NCR, New Delhi",India,"Delhi/NCR, New Delhi",India,1665.0,501-1000,Banking,Promotions,,3.6,3.7,3.7,3.7,3.6,3.7,3.3
ISS-Facility-Services,4.0,2005.0,,,Copenhagen,Denmark,40863.0,100001+,Facility Management Services,"Job security, Work-life balance, Company culture",Promotions,3.9,3.9,3.8,3.7,3.7,3.7,3.3
Apco-Infratech,3.7,1992.0,"Lucknow, Uttar Pradesh",India,"Lucknow, Uttar Pradesh",India,3001.0,1001-5000,Engineering & Construction,"Job security, Company culture",,3.2,3.5,3.3,3.5,3.5,3.7,3.4
Oberoi-Group-of-Hotels,4.0,1934.0,"Delhi/NCR, Delhi",India,"Delhi/NCR, Delhi",India,1001.0,10001-50000,Hospitality,"Job security, Skill development, Company culture",,4.0,3.5,3.8,4.0,3.6,3.6,3.4
Heritage-Foods,4.1,1992.0,"Hyderabad/Secunderabad, Telangana",India,"Hyderabad/Secunderabad, Telangana",India,3353.0,1001-5000,Food Processing,"Company culture, Job security, Salary",,3.9,3.9,3.9,3.8,3.8,3.9,3.6
Indoco-Remedies,3.5,1947.0,"Mumbai, Maharashtra",India,"Mumbai, Maharashtra",India,6051.0,5001-10000,Pharma,"Promotions, Job security, Company culture",,3.0,3.3,3.1,3.3,3.2,3.3,3.0
NIIT,3.5,1981.0,,,,,922.0,5001-10000,Education & Training,"Promotions, Salary, Work satisfaction",,3.7,3.5,3.5,3.4,3.3,2.9,2.7
Amneal-Pharmaceuticals,4.2,2002.0,,,"Bridgewater, New Jersey",United States (USA),5501.0,5001-10000,Pharma,"Work-life balance, Job security, Company culture",,4.1,4.2,4.0,3.8,3.9,3.9,3.5
Apexon,3.3,1996.0,,,"Santa Clara, California",United States (USA),3277.0,5001-10000,IT Services & Consulting,"Promotions, Job security, Work satisfaction",,2.9,3.3,3.3,3.2,3.1,3.2,2.7
PNB-Housing-Finance,3.8,1988.0,"Delhi/NCR, New Delhi",India,"Delhi/NCR, New Delhi",India,2149.0,1001-5000,NBFC,Promotions,,3.7,3.5,3.5,3.6,3.5,3.6,3.3
Narayana-Educational-Society,3.6,1985.0,"Hyderabad/Secunderabad, Telangana",India,"Hyderabad/Secunderabad, Telangana",India,50001.0,50001-100000,Education & Training,"Promotions, Work satisfaction, Work-life balance",,3.4,3.3,3.3,3.6,3.3,3.3,3.0
Bharat-Forge,3.8,1961.0,"Pune, Maharashtra",India,"Pune, Maharashtra",India,3972.0,1001-5000,Auto Components,"Promotions, Salary, Work satisfaction",,3.6,3.6,3.3,3.6,3.3,3.2,2.9
Hyatt-Regency,4.0,1980.0,"New Delhi, Delhi",India,"New Delhi, Delhi",India,3394.0,50001-100000,Hospitality,"Job security, Skill development, Company culture",,4.1,3.7,3.9,4.0,3.7,3.8,3.6
Happiest-Minds-Technologies,3.4,2011.0,"Bangalore / Bengaluru, Karnataka",India,"Bangalore / Bengaluru, Karnataka",India,6548.0,5001-10000,IT Services & Consulting,,,3.4,3.6,3.4,3.3,3.2,3.1,2.8
SBFC-Finance,3.8,,,,,,,,,,,,,,,,,
Altimetrik,3.5,2012.0,"Bangalore / Bengaluru, Karnataka",India,"Southfield, Michigan",United States (USA),4501.0,5001-10000,IT Services & Consulting,"Promotions, Job security, Work satisfaction",,3.0,3.6,3.5,3.5,3.3,3.7,3.0
Acmegrade,3.9,2021.0,,,,,801.0,201-500,EdTech,"Company culture, Skill development, Work satisfaction",,4.1,4.1,4.4,4.2,4.2,4.0,4.1
Jaquar,4.1,1960.0,Gurgaon,India,Gurgaon,India,3602.0,5001-10000,Building Material,"Job security, Work-life balance, Company culture",Promotions,4.1,4.0,3.8,3.6,3.7,3.8,3.2
ALTEN,3.6,1988.0,"Bengaluru/Bangalore, Karnataka",India,France,,8701.0,50001-100000,IT Services & Consulting,"Promotions, Skill development, Work satisfaction",,3.3,3.7,3.6,3.2,3.3,3.3,3.1
Agilus-Diagnostics,4.1,1995.0,,,,,4614.0,,Healthcare,"Work-life balance, Company culture, Job security",,3.8,4.0,3.9,3.8,3.8,3.8,3.4
Aumovio,3.8,,,,,,6000.0,,Auto Components,"Work-life balance, Company culture",Promotions,3.5,4.0,3.8,3.5,3.6,3.4,3.0
Sony,4.2,1994.0,"Delhi/NCR, Delhi",India,"Tokyo, Tokyo Metropolis",Japan,3741.0,10001-50000,Consumer Electronics & Appliances,,,3.9,4.1,4.2,3.9,4.0,3.7,3.3
Morningstar,3.7,1984.0,,,"Chicago,Illinois",United States,4545.0,5001-10000,Financial Services,"Work-life balance, Company culture","Promotions, Salary, Work satisfaction",3.7,4.1,4.0,3.5,3.3,3.2,2.8
AB-InBev-India,3.3,,,,,,,,,,,,,,,,,
CIE-Automotive-India-Limited-(Formerly-known-as-Mahindra-CIE-Automotive-Limited),3.6,,,,,,,,,,,,,,,,,
Indegene,3.2,1998.0,,,Princeton,United States,4153.0,5001-10000,Analytics & KPO,"Promotions, Work satisfaction, Skill development",,3.1,3.1,3.1,3.0,3.0,3.1,2.6
Tieto,4.1,1968.0,"Pune, Maharashtra",India,Helsinki,Finland,2000.0,10001-50000,IT Services & Consulting,,,3.8,4.5,4.3,3.8,4.0,3.6,3.4
Fusion-Finance,3.9,,,,,,15274.0,"5,001-10,000",NBFC,"Company culture, Salary, Work-life balance",,3.7,3.8,3.8,3.7,3.7,3.8,3.6
Amara-Raja-Energy-&-Mobility,4.0,,,,,,,,,,,,,,,,,
Slk-Software-Services,3.2,2000.0,"Bangalore/Bengaluru, Karnataka",India,"Bangalore/Bengaluru, Karnataka",India,2501.0,5001-10000,IT Services & Consulting,"Promotions, Salary, Work satisfaction",,3.2,3.2,3.1,3.0,3.0,2.9,2.7
Tata-Group,4.2,1868.0,Mumbai,India,Mumbai,India,1028000.0,100001+,IT Services & Consulting,"Company culture, Job security, Work-life balance",,4.2,4.1,4.2,4.1,4.0,4.0,3.8
Chetu,3.6,2000.0,,,"Sunrise, FL US",United States (USA),1601.0,1001-5000,Software Product,Skill development,Job security,3.2,3.4,3.4,3.8,3.5,3.5,3.5
Xiaomi,3.8,2010.0,,,"Haidian District, Beijing",China,2196.0,10001-50000,Consumer Electronics & Appliances,Promotions,,3.4,3.7,3.6,3.7,3.5,3.5,3.1
Adobe,3.7,1982.0,,,"San Jose,California",United States,8501.0,10001-50000,Software Product,Company culture,"Promotions, Work satisfaction",3.5,3.7,3.8,3.5,3.3,3.6,2.9
Vfs-Global-Services,3.4,2001.0,"Mumbai, Maharashtra",India,"Mumbai, Maharashtra",India,3601.0,5001-10000,IT Services & Consulting,"Promotions, Salary, Work satisfaction",,3.3,3.3,3.2,3.3,3.2,3.1,2.7
J.-Kumar-Infraprojects,4.1,,,,,,,,,,,,,,,,,
IDC-Technologies,3.1,2003.0,,,"Milpitas, California",United States (USA),2821.0,1001-5000,IT Services & Consulting,"Promotions, Job security, Work satisfaction",,2.6,3.1,2.9,2.9,2.9,3.0,2.6
Tenarai,3.5,1990.0,"Noida, Uttar Pradesh",India,"Los Gatos, California",United States (USA),5001.0,5001-10000,Emerging Technologies,,,3.2,3.7,3.4,3.4,3.3,3.2,2.7
Nykaa,3.4,2012.0,"Mumbai,Maharashtra",India,"Mumbai,Maharashtra",India,3735.0,1001-5000,Internet,"Promotions, Company culture, Work satisfaction",,3.3,3.3,3.1,3.4,3.2,3.4,2.8
VLCC,3.3,1989.0,"Delhi/NCR, New Delhi",India,"Delhi/NCR, New Delhi",India,332.0,1001-5000,Beauty & Personal Care,"Promotions, Work satisfaction, Work-life balance",,3.2,3.1,3.1,3.3,3.1,3.3,2.8
DCM-Shriram,4.1,1990.0,"Delhi/NCR, New Delhi",India,"Delhi/NCR, New Delhi",India,6197.0,5001-10000,Chemicals,"Job security, Salary, Work-life balance",,4.1,3.9,3.8,3.8,3.8,3.9,3.5
Sansera-Engineering,4.0,1981.0,"Bangalore/Bengaluru, Karnataka",India,"Bangalore/Bengaluru, Karnataka",India,2529.0,10001-50000,Auto Components,"Skill development, Company culture, Job security",Promotions,3.8,3.8,3.8,4.0,3.7,3.4,3.2
Unisys,3.5,1986.0,,,"Blue Bell, Pennsylvania",United States (USA),4500.0,10001-50000,IT Services & Consulting,"Promotions, Skill development, Work satisfaction",,3.3,3.6,3.4,3.1,3.2,3.2,2.6
The-Muthoot-Group,3.6,1887.0,"Kochi, Kerala",India,"Kochi, Kerala",India,53001.0,10001-50000,Financial Services,Promotions,,3.7,3.4,3.5,3.4,3.4,3.4,3.2
VOIS,3.8,2007.0,"Pune, Maharashtra",India,"London, England",United Kingdom,15658.0,10001-50000,IT Services & Consulting,,,3.9,4.0,3.7,3.4,3.5,3.5,3.0
AtkinsRealis,3.7,1911.0,,,"Montreal, Canada",,4001.0,10001-50000,Engineering & Construction,Work-life balance,Promotions,3.7,3.8,3.7,3.5,3.4,3.4,3.1
Eaton,4.0,1911.0,"Pune, Maharashtra",India,"Cleaveland, Ohio, USA",,5801.0,50001-100000,Electronics Manufacturing,,,4.0,4.0,4.0,3.7,3.6,3.8,3.2
Oracle-Financial-Services-Software,3.3,1977.0,"Bangalore / Bengaluru, Karnataka",India,"Austin,Texas",United States,57858.0,100001+,Software Product,Work-life balance,"Promotions, Salary, Work satisfaction",3.3,3.8,3.4,3.2,3.2,3.0,2.4
FedEx-Express,4.0,1971.0,,,	Moon Township,United States (USA),3047.0,100001+,Logistics,"Company culture, Job security, Work-life balance",Promotions,4.0,4.0,4.0,3.7,3.6,3.8,3.2
EOSGlobe,2.9,2002.0,"Thane, Maharashtra",India,"Thane, Maharashtra",India,1727.0,10001-50000,BPO,"Promotions, Salary, Work satisfaction",,2.8,2.8,2.8,2.9,2.7,2.5,2.5
Kantar,3.5,2008.0,,,"London, London",United Kingdom (UK),6545.0,10001-50000,Analytics & KPO,"Promotions, Salary, Work satisfaction",,3.6,3.3,3.4,3.1,3.1,3.0,2.8
MedPlus,3.5,2006.0,Uttar Pradesh,India,Uttar Pradesh,,25007.0,10001-50000,Retail,"Promotions, Company culture, Work satisfaction",,3.6,3.4,3.2,3.6,3.3,3.3,3.0
TEKsystems,3.1,1983.0,,,"Hanover, Maryland",United States (USA),1870.0,10001-50000,IT Services & Consulting,"Promotions, Job security, Skill development",,2.8,3.4,3.1,2.9,3.0,3.1,2.7
TCS-iON,3.8,2011.0,Mumbai,India,Mumbai,India,1484.0,1001-5000,IT Services & Consulting,Job security,"Promotions, Salary",3.9,3.7,3.7,3.6,3.6,3.3,3.2
City-Union-Bank,3.0,1904.0,"Thanjavur, Tamil Nadu",India,"Thanjavur, Tamil Nadu",India,7605.0,5001-10000,Banking,"Promotions, Work satisfaction, Work-life balance",,3.4,2.7,2.7,3.0,2.7,2.9,2.6
TÜV-SÜD,4.0,1866.0,"Pune, Maharashtra",India,Munich,Germany,2001.0,10001-50000,"Testing, Inspection and Certification (TIC)",,,3.8,3.9,3.8,3.8,3.8,3.7,3.3
Worley,4.1,1971.0,,,"North Sydney, North Sydney",Australia,6887.0,50001-100000,Engineering & Construction,"Work-life balance, Company culture, Job security",Promotions,3.8,4.2,4.1,3.8,3.8,3.8,3.3
Fino-Payments-Bank,3.8,2017.0,"Mumbai, Maharashtra",India,"Mumbai, Maharashtra",India,2769.0,1001-5000,Banking,Work-life balance,Promotions,3.7,3.8,3.7,3.6,3.6,3.4,3.1
Aerial-Telecom-Solutions,4.2,2010.0,"Mohali, Punjab",India,"Mohali, Punjab",India,10001.0,10001-50000,Telecom,,,4.0,4.2,4.1,4.0,4.1,3.9,3.9
Sharekhan,3.7,2000.0,"Mumbai,Maharashtra",India,"Mumbai,Maharashtra",India,3500.0,5001-10000,Financial Services,"Promotions, Salary",,3.5,3.7,3.6,3.5,3.4,3.3,2.9
Rashmi-Metaliks,3.1,2004.0,"Kolkata, West Bengal",India,"Kolkata, West Bengal",,4667.0,1001-5000,Iron & Steel,,,2.8,2.9,2.7,3.1,2.9,3.0,2.8
Novo-Nordisk,3.7,1923.0,,,"New York City,New York",United States,1600.0,100001+,Pharma,Work-life balance,"Promotions, Job security",3.2,3.8,3.7,3.4,3.4,3.5,3.1
iMerit,3.2,2012.0,"Kolkata, West Bengal",India,"Kolkata, West Bengal",India,5134.0,1001-5000,IT Services & Consulting,"Promotions, Salary, Skill development",,3.3,3.4,3.2,3.0,3.1,2.7,2.4
Sunknowledge-Services,3.4,,,,,,,,,,,,,,,,,
Bajaj-Housing-Finance,3.6,2008.0,"Pune, Maharashtra",India,"Pune, Maharashtra",India,1977.0,1001-5000,NBFC,"Work-life balance, Work satisfaction, Company culture",,3.3,3.0,3.2,3.4,3.2,3.7,3.3
Faurecia,3.9,1997.0,,,Nanterre,France,2491.0,100001+,Auto Components,"Company culture, Work-life balance, Skill development",Promotions,3.7,3.8,3.8,3.8,3.6,3.6,3.3
Aforeserve,3.4,2000.0,"Noida, Uttar Pradesh",India,"Noida, Uttar Pradesh",India,4500.0,1001-5000,IT Services & Consulting,"Promotions, Salary, Job security",,3.1,3.4,3.3,3.2,3.3,2.9,2.7
Paytm-Payments-Bank,3.8,,,,,,,,,,,,,,,,,
Incedo,2.9,2011.0,"Gurgaon / Gurugram, Haryana",India,"Iselin, New Jersey",United States (USA),2887.0,1001-5000,IT Services & Consulting,"Promotions, Work satisfaction, Job security",,2.7,3.0,2.8,2.8,2.7,3.0,2.5
Amity-University,3.6,2005.0,"Noida, Uttar Pradesh",India,"Noida, Uttar Pradesh",India,6000.0,5001-10000,Education & Training,Job security,"Promotions, Skill development, Salary",3.9,3.7,3.4,3.2,3.4,3.2,3.0
Bharat-FIH,3.7,2015.0,,,"Kancheepuram, Tamil Nadu",India,25001.0,"10,001+",Electronics Manufacturing,"Promotions, Salary, Job security",,3.2,3.6,3.5,3.5,3.6,3.2,2.9
Citco,3.1,2016.0,,,Cayman Islands,British Overseas Territory,4340.0,5001-10000,Management Consulting,"Promotions, Work satisfaction, Work-life balance",,3.6,2.8,2.8,3.0,2.8,3.2,2.7
Sheenlac-Paints,4.2,1962.0,"Chennai, Tamil Nadu",India,"Chennai, Tamil Nadu",India,768.0,501-1000,Chemicals,"Salary, Work-life balance, Company culture",,3.9,4.1,4.0,4.0,4.0,4.2,3.9
Iffco-Tokio-General-Insurance-Co.,3.8,,,,,,,,,,,,,,,,,
JSW-Cement,4.1,2009.0,"Mumbai,Maharashtra",India,"Mumbai,Maharashtra",India,1618.0,1001-5000,Building Material,"Job security, Company culture, Salary",,4.0,3.9,3.9,3.8,3.7,3.9,3.4
DEXIT-Global,3.5,,,,,,2274.0,,IT Services & Consulting,"Promotions, Salary, Work satisfaction",,3.2,3.4,3.3,3.2,3.2,3.1,2.7
INDIUM,4.0,1999.0,"Chennai,Tamil Nadu",India,"Cupertino, California",,2915.0,1001-5000,IT Services & Consulting,,,3.9,4.0,4.0,3.9,3.9,3.5,3.4
Unichem-Laboratories,3.7,1944.0,"Mumbai, Maharashtra",India,"Mumbai, Maharashtra",India,3142.0,1001-5000,Pharma,Promotions,,3.7,3.5,3.4,3.5,3.5,3.4,3.0
Burger-King,3.9,2014.0,,,Miami,United States (USA),9900.0,50001-100000,Hospitality,"Salary, Job security, Skill development",,3.8,3.6,3.7,3.8,3.6,3.9,3.6
GE,4.1,1892.0,,,"Boston, Massachusetts",United States (USA),8000.0,100001+,Defence & Aerospace,"Company culture, Work-life balance, Skill development",Promotions,3.8,4.1,4.2,3.9,3.9,3.7,3.3
Aptara,3.1,1988.0,,,"Falls Church, Virginia",United States (USA),4495.0,5001-10000,Content Development,"Promotions, Skill development, Salary",,3.4,3.2,2.9,2.7,3.0,2.7,2.3
Collabera-Talent-Solutions,3.5,1995.0,"Vadodara, Gujarat",India,"Basking Ridge, New Jersey",United States (USA),1000.0,1001-5000,Recruitment,"Promotions, Job security, Salary",,3.1,3.5,3.4,3.3,3.3,3.2,2.9
TE-Connectivity,4.1,1941.0,"Bangalore / Bengaluru, Karnataka",India,"Galway, Ireland",,1172.0,50001-100000,Electronics Manufacturing,,,3.9,4.1,4.2,3.8,3.8,3.7,3.3
Hindware-Limited,3.9,,,,,,,,,,,,,,,,,
JioMart,3.9,,,,,,14358.0,,Retail,"Salary, Work-life balance, Skill development",Promotions,3.6,3.8,3.7,3.8,3.7,3.8,3.3
FDC,3.7,1940.0,"Mumbai, Maharashtra",India,"Mumbai, Maharashtra",India,6857.0,5001-10000,Pharma,"Promotions, Salary",,3.5,3.6,3.5,3.4,3.4,3.3,3.2
The-Ramco-Cements,4.0,1961.0,"Chennai,Tamil Nadu",India,"Chennai,Tamil Nadu",Array,3767.0,1001-5000,Building Material,,,4.3,3.9,3.9,3.7,3.8,3.7,3.4
Big-Bazaar,4.4,2001.0,"Mumbai, Maharashtra",India,"Mumbai, Maharashtra",India,17000.0,10001-50000,Retail,"Skill development, Company culture, Work satisfaction",,4.0,4.0,4.2,4.3,4.2,4.0,4.0
ZF-Steering-Gear,3.7,1915.0,"Pune, Maharashtra",India,"Pune, Maharashtra",India,1000.0,1001-5000,Auto Components,Promotions,,3.5,3.7,3.5,3.5,3.4,3.4,3.0
CreditAccess-Grameen,3.9,1999.0,"Bangalore/Bengaluru, Karnataka",India,"Bangalore/Bengaluru, Karnataka",India,20970.0,10001-50000,NBFC,"Company culture, Job security, Skill development",,3.9,3.7,3.9,3.8,3.7,3.7,3.6
Grant-Thornton,3.4,1924.0,,,"Chicago, Illinois",United States (USA),7501.0,5001-10000,Accounting & Auditing,"Promotions, Work satisfaction, Salary",,3.5,3.3,3.3,3.3,3.1,3.2,2.9
Hatsun-Agro-Product,3.8,1970.0,"Chennai, Tamil Nadu",India,"Chennai, Tamil Nadu",India,3895.0,1001-5000,Food Processing,Skill development,"Promotions, Job security",3.3,3.6,3.5,3.8,3.5,3.6,3.3
Brillio,3.4,2014.0,,,"Dallas, US state of Texas",,3731.0,5001-10000,IT Services & Consulting,"Promotions, Job security, Work satisfaction",,2.9,3.4,3.2,3.3,3.2,3.4,2.8
GEP-Worldwide,3.6,1999.0,,,"Clark, New Jersey",United States (USA),2574.0,1001-5000,IT Services & Consulting,,,3.5,3.5,3.8,3.5,3.4,3.0,2.8
ManpowerGroup,3.6,1997.0,"Gurgaon / Gurugram, Haryana",India,"Gurgaon / Gurugram, Haryana",India,1071.0,1001-5000,Recruitment,,,3.2,3.7,3.5,3.3,3.4,3.4,2.9
Cinépolis,3.8,1971.0,,,Morelia,Mexico,1773.0,10001-50000,Media & Entertainment,"Company culture, Job security",,3.8,3.7,3.8,3.7,3.6,3.4,3.4
RBL-FinServe,3.9,2005.0,"Mumbai,Maharashtra",India,"Mumbai,Maharashtra",India,12538.0,10001-50000,Financial Services,"Salary, Skill development",,3.7,3.7,3.6,3.8,3.7,4.1,3.5
VIBGYOR-Group-of-Schools,3.5,2004.0,Mumbai,India,Mumbai,India,14000.0,10001-50000,Education & Training,"Promotions, Job security, Work satisfaction",,3.0,3.3,3.2,3.4,3.2,3.5,2.9
Nippon-Paint-India,4.0,1881.0,,,Osaka,Japan,1586.0,10001-50000,Chemicals,"Work-life balance, Skill development",,3.7,3.8,3.7,3.8,3.7,3.7,3.4
Shubham-Housing-Development-Finance,3.9,2010.0,"Gurgaon,Haryana",India,"Gurgaon,Haryana",India,3843.0,1001-5000,NBFC,"Company culture, Salary, Work-life balance",,3.7,3.8,3.8,3.8,3.7,3.8,3.6
Baroda-Global-Shared-Services,3.8,2017.0,Mumbai,India,Mumbai,India,6501.0,5001-10000,BPO,Work-life balance,Promotions,3.6,3.9,3.7,3.7,3.7,3.5,3.3
R-Systems-International,3.5,1993.0,,,"El Dorado Hills, California",United States (USA),2933.0,1001-5000,IT Services & Consulting,,,3.1,3.6,3.3,3.3,3.4,3.5,3.0
Punjab-National-Bank,3.8,1894.0,"Delhi/NCR, Delhi",India,"Delhi/NCR, Delhi",India,102746.0,100001+,Banking,Job security,,3.9,3.6,3.5,3.6,3.5,3.6,3.5
Viraj-Profiles,4.0,2000.0,"Mumbai, Maharashtra",India,"Mumbai, Maharashtra",India,9000.0,5001-10000,Iron & Steel,"Skill development, Job security, Salary",,3.9,3.9,3.8,4.0,3.9,3.9,3.6
CenturyPly,3.9,1986.0,"Kolkata, West Bengal",India,"Kolkata, West Bengal",India,7396.0,1001-5000,Furniture & Furnishing,Salary,Promotions,3.6,3.7,3.6,3.6,3.5,3.9,3.3
Atul,3.9,1947.0,Valsad,India,Valsad,India,3359.0,1001-5000,Chemicals,"Job security, Work-life balance, Company culture",Promotions,4.2,4.1,3.8,3.7,3.7,3.5,3.2
Decathlon,3.7,1976.0,"Bangalore / Bengaluru, Karnataka",India,Lille,France,5104.0,50001-100000,Retail,"Job security, Skill development, Company culture","Promotions, Work-life balance, Salary",3.9,3.1,3.8,3.9,3.5,3.2,3.0
Bluestock-™,4.5,,,,,,,,,,,,,,,,,
Fabindia,3.8,1958.0,"Delhi/NCR, Delhi",India,"Delhi/NCR, Delhi",India,1522.0,1001-5000,Retail,"Job security, Work-life balance, Skill development","Promotions, Salary",3.8,3.8,3.7,3.8,3.6,3.3,2.9
Spicejet,3.3,2004.0,"Gurgaon/Gurugram, Haryana",India,"Gurgaon/Gurugram, Haryana",India,4894.0,10001-50000,Aviation,"Promotions, Salary, Job security",,3.1,3.4,3.3,3.5,3.3,2.9,2.9
More-Supermarket,3.7,2007.0,Mumbai,India,Mumbai,India,16000.0,10001-50000,Retail,"Promotions, Job security",,3.2,3.5,3.4,3.6,3.4,3.6,3.2
OM-Logistics,3.9,1999.0,"Delhi/NCR, Delhi",India,"Delhi/NCR, Delhi",India,5001.0,5001-10000,Logistics,"Job security, Work-life balance",Promotions,4.0,3.8,3.6,3.6,3.6,3.5,3.3
Mondelez-International,4.1,2012.0,,,"Greater Chicago Area, IL",United States of America,3501.0,50001-100000,Food Processing,"Salary, Company culture, Work-life balance",,3.9,4.0,4.0,4.0,3.9,4.1,3.4
Astral-Pipe,3.9,1996.0,,,"Ahmedabad, Gujarat",India,4649.0,"1,001-5,000",Building Material,"Job security, Work-life balance",Promotions,3.9,3.9,3.7,3.7,3.7,3.7,3.3
Hindustan-Construction-Company,4.3,1926.0,"Mumbai, Maharashtra",India,"Mumbai, Maharashtra",India,3031.0,1001-5000,Engineering & Construction,"Company culture, Job security, Skill development",,4.2,4.0,4.2,4.2,4.1,4.0,3.7
Troikaa-Pharmaceuticals,4.0,1983.0,"Ahmedabad, Gujarat",India,"Ahmedabad, Gujarat",India,3650.0,11-50,Pharma,"Salary, Work-life balance, Skill development",,3.8,4.0,3.8,4.0,3.9,4.1,3.9
NetAmbit,4.0,2000.0,"Noida, Uttar Pradesh",India,"Noida, Uttar Pradesh",India,40001.0,1001-5000,BPO,"Salary, Work-life balance, Skill development",,3.7,3.9,3.8,3.9,3.8,4.0,3.7
Luminous-Power-Technologies,4.1,1988.0,"Gurgaon/Gurugram, Haryana",India,"Gurgaon/Gurugram, Haryana",India,3743.0,1001-5000,Consumer Electronics & Appliances,"Job security, Work-life balance, Company culture",,4.1,4.1,4.0,3.9,3.9,3.8,3.4
Pantaloons,4.1,1997.0,"Mumbai, Maharashtra",India,"Mumbai, Maharashtra",India,2717.0,5001-10000,Retail,"Job security, Company culture, Skill development",,4.1,3.9,4.0,4.0,3.9,3.7,3.5
Samsung-Research,3.0,,,,,,,,,,,,,,,,,
Ion-Exchange-India,3.7,1964.0,"Mumbai, Maharashtra",India,"Mumbai, Maharashtra",India,2521.0,1001-5000,Waste Management,,,3.8,3.7,3.5,3.6,3.6,3.3,3.2
OpenText-Technologies,3.4,1991.0,,,"Waterloo,Ontario",Canada,6001.0,1001-5000,Software Product,,,2.8,3.7,3.3,3.1,3.1,3.4,2.7
SK-Finance-Limited,3.8,,,,,,,,,,,,,,,,,
Jakson-Group,4.1,1947.0,"Noida, Uttar Pradesh",India,"Noida, Uttar Pradesh",India,3501.0,1001-5000,Power,,,3.8,4.0,3.9,3.9,3.8,4.0,3.5
Globant,3.4,2003.0,"Pune, Maharashtra",India,,,4500.0,10001-50000,IT Services & Consulting,Work-life balance,"Promotions, Job security, Work satisfaction",2.9,3.8,3.6,3.4,3.3,3.5,2.5
Sigma-Electric-Manufacturing-Corporation,4.0,1982.0,,,"Garner, North Carolina",United States (USA),1368.0,1001-5000,Industrial Machinery,"Company culture, Job security, Work-life balance",,3.9,3.9,4.0,3.8,3.8,3.6,3.4
ICICI-Prudential-Mutual-Fund,3.9,,,,,,,,,,,,,,,,,
NxtWave,3.6,2020.0,"Hyderabad / Secunderabad, Telangana",India,"Hyderabad / Secunderabad, Telangana",India,2224.0,1001-5000,EdTech,"Promotions, Job security",,3.3,3.4,3.6,3.6,3.4,3.5,3.3
Centre-for-Development-of-Advanced-Computing,3.7,1988.0,"Pune, Maharashtra",India,"Pune, Maharashtra",India,2700.0,1001-5000,IT Services & Consulting,"Job security, Work-life balance","Promotions, Salary",3.9,3.9,3.4,3.4,3.4,3.2,2.9
AGS-Transact-Technologies,2.8,2002.0,Mumbai,India,Mumbai,India,1106.0,1001-5000,FinTech,"Promotions, Salary, Job security",,2.6,3.0,2.9,3.0,3.0,2.4,2.4
Vestas,4.1,1997.0,"Chennai, Tamil Nadu",India,"Aarhus,Central Denmark Region",Denmark,2996.0,10001-50000,Power,"Company culture, Work-life balance, Skill development",Promotions,3.4,4.2,4.3,3.9,3.9,3.8,3.3
Hire-In-Global,4.9,2008.0,,,,,2800.0,,Recruitment,"Company culture, Job security, Salary",,4.9,4.9,4.9,4.9,4.9,4.9,4.8
Panasonic,4.0,1918.0,,,"Kadoma, Osaka",Japan,11000.0,100001+,Consumer Electronics & Appliances,"Work-life balance, Company culture, Job security",Promotions,3.8,3.9,3.8,3.7,3.7,3.8,3.3
ANZ-Banking-Group,3.8,2007.0,,,"Melbourne, Victoria",Australia,9001.0,10001-50000,Banking,"Work-life balance, Company culture","Promotions, Skill development",3.6,4.0,3.8,3.3,3.5,3.5,3.1
Tenneco,3.6,1940.0,,,"Lake Forest, Illinois",United States (USA),1900.0,50001-100000,Auto Components,"Promotions, Work satisfaction, Skill development",,3.3,3.5,3.3,3.3,3.3,3.4,2.8
Apex-Group,2.7,2003.0,,,Hamilton,United States Of America,6001.0,10001-50000,Financial Services,,,2.3,2.9,2.4,2.7,2.6,2.8,2.2
T-Systems-ICT-India,3.8,,,,,,,,,,,,,,,,,
Automotive-Manufacturers,3.8,1948.0,"Mumbai, Maharashtra",India,"Mumbai, Maharashtra",India,11001.0,10001-50000,Automobile,Promotions,,3.7,3.7,3.7,3.7,3.6,3.7,3.3
Dell-EMC,3.8,1979.0,,,Hopkinton,UnitedStates,6266.0,100001+,IT Services & Consulting,Work-life balance,Promotions,3.5,3.8,3.7,3.6,3.5,3.5,3.1
Aarvee-Associates,3.7,1989.0,"Hyderabad/Secunderabad, Telangana",India,"Hyderabad/Secunderabad, Telangana",India,2500.0,1001-5000,Engineering & Construction,"Promotions, Skill development, Company culture",,3.4,3.7,3.3,3.3,3.5,3.4,3.1
Electronics-Corporation-of-India-Limited,4.2,1967.0,"Hyderabad/Secunderabad, Telangana",India,"Hyderabad/Secunderabad, Telangana",India,1352.0,1001-5000,Electronics Manufacturing,"Work-life balance, Company culture, Work satisfaction",,3.7,4.2,4.1,4.0,4.1,4.0,3.5
Royal-Migration-Solutions,4.9,,,,,,,,,,,,,,,,,
Godrej-Consumer-Products,4.0,2001.0,Mumbai,India,Mumbai,India,2962.0,1001-5000,FMCG,"Work-life balance, Company culture, Job security",Promotions,3.8,3.9,3.8,3.8,3.7,3.7,3.2
SKF,4.0,1923.0,,,Gothenburg,Sweden,1727.0,1001-5000,Auto Components,"Company culture, Work-life balance, Skill development",Promotions,3.6,3.9,4.0,3.9,3.8,3.6,3.2
Fresenius-Kabi,4.0,1999.0,"Pune, Maharashtra",India,"Bad Homburg, Germany ",,3000.0,10001-50000,Pharma,"Work-life balance, Company culture, Job security",Promotions,3.9,4.1,4.0,3.8,3.8,3.4,3.3
PNC-Infratech,3.8,1999.0,"Delhi/NCR, Delhi",India,"Delhi/NCR, Delhi",India,6191.0,5001-10000,Engineering & Construction,Promotions,,3.7,3.7,3.6,3.5,3.6,3.6,3.0
Intertek,3.7,1993.0,"New Delhi, Delhi",India,"New Delhi, Delhi",India,2801.0,10001-50000,"Testing, Inspection and Certification (TIC)",,,3.5,3.6,3.6,3.5,3.5,3.4,3.0
Jindal-X,3.5,1999.0,"New Delhi, Delhi",India,"New Delhi, Delhi",India,5000.0,1001-5000,BPO,"Promotions, Job security, Work satisfaction",,3.2,3.4,3.4,3.4,3.3,3.4,3.2
Spandana-Sphoorty-Financial,3.7,1998.0,"Hyderabad/Secunderabad, Telangana",India,"Hyderabad/Secunderabad, Telangana",India,16454.0,10001-50000,NBFC,,,3.4,3.6,3.4,3.4,3.4,3.7,3.4
KIMS-Hospital,3.8,2012.0,"Hyderabad/Secunderabad, Telangana",India,"Hyderabad/Secunderabad, Telangana",India,5264.0,1001-5000,Healthcare,"Promotions, Salary",,3.7,3.6,3.6,3.7,3.5,3.3,3.3
Mu-Sigma,2.5,2004.0,,,"Northbrook, Illinois",United States (USA),3647.0,1001-5000,Analytics & KPO,"Work-life balance, Job security, Company culture",,1.9,1.9,2.1,3.4,2.5,2.4,2.5
iSON-Xperiences,3.2,,,,,,,,,,,,,,,,,
H.G.-Infra-Engineering,4.0,,,,,,,,,,,,,,,,,
Prodapt,3.5,1999.0,"Chennai, Tamil Nadu",India,"Chennai, Tamil Nadu",India,3012.0,5001-10000,IT Services & Consulting,"Promotions, Salary, Work satisfaction",,3.4,3.5,3.4,3.4,3.2,2.9,2.7
Synchrony,4.3,1932.0,,,Stamford,UnitedStates,5601.0,10001-50000,Financial Services,"Job security, Company culture, Work-life balance",,4.5,4.3,4.4,4.0,4.0,3.8,3.4
Zoho,4.1,1996.0,Chennai,India,"Austin, Texas",,18001.0,100001+,Software Product,"Job security, Company culture, Work-life balance",,4.5,4.1,4.2,3.8,3.9,3.9,3.5
Oil-And-Natural-Gas-Corporation,4.3,1956.0,"Delhi/NCR, Delhi",India,"Delhi/NCR, Delhi",India,24368.0,10001-50000,Oil & Gas,"Work-life balance, Job security, Work satisfaction",,4.2,4.3,4.1,4.0,4.2,4.0,3.6
Dassault-Systemes,3.7,1981.0,,,"Velizy-villacoublay,Yvelines",France,7100.0,10001-50000,Software Product,,,4.3,4.2,4.0,3.3,3.4,3.0,2.8
Shriram-Pistons-&-Rings,4.0,1963.0,"Delhi/NCR, Delhi",India,"Delhi/NCR, Delhi",India,3857.0,1001-5000,Auto Components,"Job security, Company culture, Work-life balance",Promotions,4.1,4.0,4.0,3.8,3.8,3.6,3.0
Kalpataru-Limited,4.2,1969.0,"Mumbai, Maharashtra",India,"Mumbai, Maharashtra",India,1446.0,1001-5000,Real Estate,,,4.2,4.0,3.9,4.0,3.9,4.0,3.6
Rupeek,4.1,2015.0,"Bangalore,Karnataka",India,"Bangalore,Karnataka",India,1301.0,1001-5000,FinTech,"Work-life balance, Company culture, Skill development",,3.7,4.0,3.9,3.9,3.9,3.6,3.5
AIIMS,4.1,1956.0,"Delhi/NCR, New Delhi",India,"Delhi/NCR, New Delhi",India,11953.0,10001-50000,Education & Training,"Skill development, Work satisfaction, Salary",,3.8,3.9,3.8,4.1,4.0,3.9,3.4
Wind-World,4.0,1994.0,,,Mumbai,,5600.0,5001-10000,Power,"Job security, Work-life balance, Skill development",Promotions,4.0,4.0,3.7,3.8,3.8,3.4,3.2
Parexel-International,3.8,1982.0,,,"Raleigh, NC",,5801.0,10001-50000,Clinical Research,Promotions,,3.7,3.7,3.7,3.5,3.5,3.4,3.0
Rockman-Industries,3.8,1960.0,"Delhi/NCR, Delhi",India,"Delhi/NCR, Delhi",India,8501.0,5001-10000,Auto Components,"Job security, Salary, Skill development",,3.8,3.7,3.6,3.8,3.6,3.8,3.5
DP-World,3.8,2005.0,,,"Dubai, Jebel Ali",United Arab Emirates (UAE),3637.0,10001-50000,Logistics,Salary,Promotions,3.6,3.6,3.6,3.6,3.5,3.9,3.2
Qualcomm,3.7,1996.0,,,"San Diego,California",United States,22000.0,10001-50000,Semiconductors,Salary,"Promotions, Work satisfaction, Work-life balance",3.5,3.3,3.4,3.5,3.3,3.9,3.2
DLF,3.9,1946.0,"Gurgaon/Gurugram, Haryana",India,"Gurgaon/Gurugram, Haryana",India,3103.0,1001-5000,Real Estate,"Salary, Work-life balance",,3.7,3.8,3.6,3.7,3.6,4.0,3.4
Diageo,3.8,1997.0,,,London,United Kingdom (UK),3000.0,10001-50000,Beverage,"Work-life balance, Company culture, Salary",Promotions,3.4,3.9,3.8,3.5,3.6,3.8,3.1
EbixCash-Limited,3.6,,,,,,,,,,,,,,,,,
Fidelity-Investments,4.1,1943.0,"Bangalore / Bengaluru, Karnataka",India,"Boston,Massachusetts",United States,4500.0,50001-100000,Financial Services,"Company culture, Work-life balance, Job security",Promotions,3.9,4.1,4.2,3.8,3.8,3.9,3.3
Indostar-Capital-Finance-Limited,4.3,2011.0,"Mumbai, Maharashtra",India,"Mumbai, Maharashtra",India,4304.0,,NBFC,"Company culture, Salary, Work-life balance",,4.0,4.2,4.2,4.2,4.2,4.2,4.0
Colliers-India,3.9,,,,,,,,,,,,,,,,,
Best-Sellers,4.1,,,,,,,,,,,,,,,,,
DENSO,4.1,1947.0,,,"Kariya, Aichi",Japan,4001.0,50001-100000,Auto Components,"Job security, Company culture, Salary",,4.3,4.1,4.1,3.9,3.9,4.1,3.6
PHN-Technology,4.3,2013.0,"Pune, Maharashtra",India,"Pune, Maharashtra",India,3000.0,1001-5000,EdTech,,,4.0,4.2,4.2,4.3,4.2,4.0,3.9
ExcelR,3.7,2013.0,"Bangalore / Bengaluru, Karnataka",India,"Houston, Texas",United States (USA),440.0,,Education & Training,Promotions,,3.5,3.6,3.5,3.6,3.6,3.4,3.3
JTEKT,4.1,2006.0,,,Osaka,Japan,1641.0,10001-50000,Auto Components,"Company culture, Job security, Skill development",,4.1,3.9,4.1,4.0,3.8,3.5,3.4
Kirloskar-Oil-Engines,4.1,1946.0,"Pune, Maharashtra",India,"Pune, Maharashtra",India,2476.0,1001-5000,Industrial Machinery,"Work-life balance, Company culture, Job security",Promotions,3.9,4.1,3.9,3.9,3.8,3.6,3.3
Ahluwalia-Contracts-India,4.0,,,,,,,,,,,,,,,,,
Intel,4.1,1968.0,,,"Santa Clara,California",United States,13001.0,100001+,Semiconductors,"Work-life balance, Company culture, Salary",Job security,3.2,4.4,4.2,3.8,3.8,3.8,3.4
Nielsen,3.1,1923.0,"Vadodara, Gujarat",India,"New York City,New York",United States,6946.0,10001-50000,Analytics & KPO,"Promotions, Job security, Skill development",,2.7,3.4,3.1,2.8,2.9,3.1,2.4
Fidelity-National-Financial,3.7,1847.0,,,"Bangalore Rural, Karnataka",United States (USA),3817.0,1001-5000,Financial Services,Job security,"Promotions, Work satisfaction, Skill development",3.8,3.6,3.6,3.3,3.3,3.4,3.0
Strides-Pharma,3.8,1990.0,"Bangalore/Bengaluru, Karnataka",India,"Bangalore/Bengaluru, Karnataka",India,3301.0,1001-5000,Pharma,Skill development,"Promotions, Job security",3.2,3.6,3.6,3.8,3.6,3.7,3.2
JK-Lakshmi-Cement,3.7,1982.0,"Delhi/NCR, New Delhi",India,"Delhi/NCR, New Delhi",India,1945.0,1001-5000,Building Material,"Promotions, Job security",,3.3,3.6,3.5,3.4,3.4,3.6,3.2
Genius-HRTech,3.8,1993.0,,,,,2078.0,"501-1,000",Recruitment,Work-life balance,Promotions,3.5,3.8,3.6,3.6,3.5,3.5,3.1
ACG-Worldwide,3.8,1961.0,"Mumbai, Maharashtra",India,"Mumbai, Maharashtra",India,1697.0,1001-5000,Pharma,,,3.6,3.5,3.6,3.6,3.4,3.6,3.0
Leadec-India,4.1,1962.0,"Pune, Maharashtra",India,Stuttgart,Germany,3601.0,10001-50000,Facility Management Services,"Work-life balance, Company culture, Job security",,3.9,4.0,3.9,3.9,3.9,3.7,3.5
Baazar-Retail-Private-Limited,4.5,,,,,,,,,,,,,,,,,
Baazar-Retail-Private-Limited,4.5,,,,,,,,,,,,,,,,,
Thyrocare-Technologies,3.7,1996.0,"Mumbai, Maharashtra",India,"Mumbai, Maharashtra",India,1822.0,5001-10000,Healthcare,Promotions,,3.5,3.6,3.6,3.7,3.5,3.5,3.2
Electronica-Finance,4.1,1990.0,"Pune, Maharashtra",India,"Pune, Maharashtra",India,2337.0,1001-5000,NBFC,"Salary, Work-life balance, Skill development",,3.9,4.0,3.9,4.0,3.9,4.2,3.9
Innova-Solutions,3.3,1998.0,"Hyderabad / Secunderabad, Telangana",India,"Atlanta, Georgia",United States Of America,10001.0,50001-100000,IT Services & Consulting,,,2.9,3.4,3.2,3.0,3.1,3.2,2.7
Zetwerk,4.0,2018.0,"Bengaluru/Bangalore, Karnataka",India,"Bangalore,Karnataka",India,2200.0,1001-5000,Industrial Machinery,"Salary, Company culture, Work-life balance",,3.5,3.9,3.9,3.7,3.8,4.1,3.4
PayPal,3.7,1998.0,,,"San Jose,California",United States,6734.0,10001-50000,FinTech,"Salary, Work-life balance, Company culture","Promotions, Job security, Skill development",2.9,3.9,3.8,3.3,3.4,4.0,2.8
Federal-Bank,3.6,1931.0,"Aluva, Kerala",India,"Aluva, Kerala",India,15545.0,10001-50000,Banking,"Salary, Job security","Promotions, Work satisfaction, Skill development",3.9,3.2,3.3,3.2,3.2,4.1,3.1
HFCL-Limited,3.8,,,,,,,,,,,,,,,,,
Barclays-Shared-Services,3.8,2007.0,,,London,United Kingdom (UK),9000.0,5001-10000,Financial Services,"Promotions, Skill development",,3.7,3.7,3.7,3.3,3.4,3.6,3.0
Sri-Chaitanya-Techno-Schools,3.5,1986.0,"Hyderabad/Secunderabad, Telangana",India,"Hyderabad/Secunderabad, Telangana",India,22306.0,10001-50000,Education & Training,"Promotions, Salary, Company culture",,3.4,3.3,3.2,3.6,3.3,3.1,3.0
Salesforce,3.9,1999.0,"San Francisco, California, United States",India,"San Francisco, California, United States",,13001.0,10001-50000,Software Product,"Salary, Work-life balance, Company culture","Promotions, Job security",3.3,3.9,3.8,3.7,3.5,4.4,3.3
Coca-Cola-Company,4.0,1886.0,,,Atlanta,UnitedStates,278.0,10001-50000,Beverage,"Skill development, Work-life balance, Company culture",,3.7,3.9,3.8,4.0,3.8,3.8,3.5
Podar-International-School,4.1,1927.0,"Mumbai, Maharashtra",India,"Mumbai, Maharashtra",India,8000.0,5001-10000,Education & Training,"Skill development, Company culture, Job security",,3.9,3.9,3.9,4.0,3.8,3.8,3.6
Ocwen-Financial-Solutions,3.8,1988.0,,,"West Palm Beach, Florida",United States (USA),3205.0,50001-100000,Financial Services,"Company culture, Work-life balance","Promotions, Skill development",3.6,3.8,3.8,3.3,3.6,3.4,3.0
The-Jaypee-Group,3.8,1979.0,"Noida, Uttar Pradesh",India,"Noida, Uttar Pradesh",India,7830.0,10001-50000,Engineering & Construction,"Job security, Work-life balance",Promotions,4.0,3.9,3.6,3.6,3.7,3.4,3.0
Prism-Johnson,3.7,1992.0,"Mumbai, Maharashtra",India,"Mumbai, Maharashtra",India,5146.0,1001-5000,Building Material,Promotions,,3.5,3.6,3.4,3.4,3.4,3.6,3.1
Meril,3.6,2006.0,"Vapi, Gujarat",India,"Vapi, Gujarat",India,4001.0,10001-50000,Medical Equipment,Job security,"Promotions, Salary, Work satisfaction",3.8,3.6,3.5,3.4,3.3,3.1,3.0
Aptiv,3.4,1917.0,,,Switzerland,,13001.0,100001+,Auto Components,"Promotions, Work satisfaction, Job security",,3.2,3.3,3.2,3.3,3.2,3.5,2.8
Johnson-Lifts,3.8,1981.0,"Chennai, Tamil Nadu",India,"Chennai, Tamil Nadu",India,9001.0,5001-10000,Industrial Machinery,"Job security, Work-life balance",Promotions,3.9,3.8,3.6,3.6,3.6,3.6,3.3
Aparna-Constructions-and-Estates,3.9,1996.0,"Hyderabad/Secunderabad, Telangana",India,"Hyderabad/Secunderabad, Telangana",India,1655.0,1001-5000,Real Estate,"Job security, Salary, Skill development",,4.1,3.7,3.6,3.8,3.7,3.8,3.4
Aparna-Constructions-and-Estates,3.9,1996.0,"Hyderabad/Secunderabad, Telangana",India,"Hyderabad/Secunderabad, Telangana",India,1655.0,1001-5000,Real Estate,"Job security, Salary, Skill development",,4.1,3.7,3.6,3.8,3.7,3.8,3.4
Apollo-Health-and-Lifestyle-Limited,4.3,,,,,,,,,,,,,,,,,
Indira-IVF-Hospital,3.9,2015.0,"Mumbai, Maharashtra",India,"Mumbai, Maharashtra",India,3301.0,1001-5000,Healthcare,"Company culture, Job security, Salary",,3.8,3.8,3.8,3.8,3.7,3.8,3.4
Birla-Corporation,4.1,1919.0,"Kolkata, India",India,"Kolkata, India",India,7071.0,1001-5000,Building Material,"Job security, Work-life balance, Company culture",,4.1,4.1,3.9,3.7,3.9,3.8,3.5
Nilkamal,3.7,1981.0,"Mumbai, Maharashtra",India,"Mumbai, Maharashtra",India,3556.0,1001-5000,Furniture & Furnishing,"Promotions, Skill development",,3.7,3.6,3.5,3.3,3.4,3.5,3.0
MDIndia-Health-Insurance-TPA,3.6,,,,,,,,,,,,,,,,,
Edelweiss,3.6,2017.0,"Mumbai, Maharashtra",India,"Mumbai, Maharashtra",India,4764.0,1001-5000,Financial Services,Promotions,,3.5,3.7,3.6,3.5,3.4,3.5,3.1
CaratLane---A-Tata-Product,4.0,,,,,,,,,,,,,,,,,
Balkrishna-Industries,4.0,1987.0,"Mumbai, Maharashtra",India,"Mumbai, Maharashtra",India,3758.0,5001-10000,Auto Components,"Salary, Job security, Work-life balance",,4.0,3.8,3.6,3.6,3.7,4.1,3.5
DISH-TV,3.4,2003.0,"Noida, Uttar Pradesh",India,,,344.0,1001-5000,Broadcasting,,,3.0,3.4,3.3,3.1,3.2,3.3,2.8
Dhoot-Transmission,3.7,1999.0,"Mumbai, Maharashtra",India,"Mumbai, Maharashtra",India,1034.0,5001-10000,Auto Components,"Promotions, Salary",,3.4,3.5,3.5,3.6,3.4,3.3,3.3
London-Stock-Exchange-Group,3.7,1698.0,,,London,,7164.0,1001-5000,Financial Services,Work-life balance,"Promotions, Skill development",3.7,3.8,3.6,3.3,3.4,3.4,2.9
Bajaj-Motors,3.9,1986.0,,,Gurgaon,,1409.0,10001-50000,Auto Components,"Work-life balance, Skill development, Company culture",,3.7,3.9,3.8,3.9,3.8,3.6,3.5
Motilal-Oswal-Home-Finance,4.3,2014.0,,,"Mumbai, Maharashtra",India,2848.0,"1,001-5,000",NBFC,"Skill development, Company culture, Salary",,4.1,4.2,4.2,4.3,4.1,4.2,4.0
Biocon-Biologics,3.7,,,,,,,,,,,,,,,,,
Imperial-Auto-Industries,3.8,1969.0,"Faridabad, Haryana",India,"Faridabad, Haryana",India,2731.0,1001-5000,Auto Components,"Promotions, Salary",,3.7,3.6,3.4,3.5,3.5,3.3,3.1
Edelweiss-Life-Insurance,3.7,,,,,,,,,,,,,,,,,
Deccan-Fine-Chemicals,3.6,2008.0,"Hyderabad/Secunderabad, Telangana",India,"Hyderabad/Secunderabad, Telangana",India,2893.0,1001-5000,Agro Chemicals,"Promotions, Company culture, Work satisfaction",,3.5,3.4,3.2,3.5,3.3,3.7,3.2
INDO-MIM,4.0,1996.0,"Bangalore/Bengaluru, Karnataka",India,"Bangalore/Bengaluru, Karnataka",India,3711.0,1001-5000,Metals & Mining,"Job security, Work-life balance, Skill development",Promotions,4.2,3.8,3.7,3.8,3.7,3.6,3.3
Barbeque-Nation,3.9,2006.0,"Bangalore/Bengaluru, Karnataka",India,"Bangalore/Bengaluru, Karnataka",India,5616.0,1001-5000,Hospitality,"Company culture, Job security, Skill development",,3.8,3.7,3.9,3.8,3.6,3.7,3.7
Piaggio,3.6,1884.0,,,Pontedera,Italy,1033.0,1001-5000,Automobile,"Promotions, Job security, Work satisfaction",,3.2,3.6,3.3,3.4,3.3,3.3,2.9
Kohler,3.7,1873.0,"Gurgaon / Gurugram, Haryana",India,"Kohler, Wisconsin",United States (USA),3117.0,10001-50000,Building Material,"Promotions, Job security",,3.3,3.6,3.6,3.5,3.4,3.7,3.0
IIFL-Home-Finance,3.8,,,,"Gurgaon / Gurugram, Haryana",India,4562.0,"1,001-5,000",NBFC,Promotions,,3.6,3.7,3.6,3.5,3.6,3.7,3.2
Jacobs-Engineering-Group,4.2,1947.0,,,"Dallas, Texas",United States (USA),3500.0,10001-50000,Engineering & Construction,"Company culture, Work-life balance, Job security",Promotions,3.8,4.2,4.2,3.8,3.8,3.7,3.3
Onward-Technologies-Inc,2.9,1991.0,"Mumbai, Maharashtra",India,"Mumbai, Maharashtra",India,2461.0,1001-5000,IT Services & Consulting,"Job security, Promotions, Skill development",,2.4,3.0,2.7,2.5,2.7,2.9,2.5
Navitasys-India,4.1,2019.0,"Bawal, Haryana",India,"Bawal, Haryana",India,3501.0,1001-5000,Electronics Manufacturing,,,4.0,3.9,3.9,3.9,3.8,4.0,3.6
Jabil-Circuit-India,4.0,1966.0,,,"St Petersburg, Florida",United States (USA),2501.0,1001-5000,Electronics Manufacturing,"Company culture, Skill development, Job security",Promotions,3.8,3.8,4.1,3.9,3.7,3.6,3.3
Wistron,4.0,2001.0,,,Taipei,Taiwan,1291.0,50001-100000,Electronics Manufacturing,"Job security, Company culture, Work-life balance",Promotions,4.0,3.8,3.9,3.8,3.8,3.5,3.1
Wonder-Home-Finance,4.6,2017.0,"jaipur, rajasthan",India,"jaipur, rajasthan",india,2350.0,1001-5000,NBFC,"Skill development, Company culture, Job security",,4.5,4.5,4.5,4.6,4.5,4.5,4.4
Advantmed,4.1,2005.0,"Ahmedabad, Gujarat",India,"Santa Ana, California",United States (USA),2800.0,1001-5000,Healthcare,"Company culture, Skill development, Job security",,4.0,4.0,4.1,4.1,3.9,3.9,3.8
Asirvad-Microfinance,3.8,2007.0,"Chennai,Tamil Nadu",India,"Chennai,Tamil Nadu",India,17506.0,10001-50000,NBFC,"Salary, Promotions",,3.5,3.7,3.5,3.7,3.6,3.8,3.8
Unicharm,3.9,1961.0,,,"Mita, Tokyo",Japan,2174.0,10001-50000,FMCG,Salary,Promotions,3.7,3.6,3.6,3.7,3.6,3.9,3.3
V2-Retail,3.4,2001.0,"Delhi/NCR, Delhi",India,"Delhi/NCR, Delhi",India,6485.0,5001-10000,Retail,"Job security, Company culture, Work satisfaction",,2.9,3.2,3.1,3.5,3.2,3.3,3.4
TK-Elevator,3.8,,,,,,,,,,,,,,,,,
Air-India-Sats-Airport-Services,3.6,2010.0,"Mumbai, Maharashtra",India,"Mumbai, Maharashtra",India,14001.0,5001-10000,Aviation,"Promotions, Salary, Work satisfaction",,3.7,3.5,3.4,3.7,3.3,3.2,2.9
Hyundai-Mobis,3.7,2017.0,"Kanchipuram, Tamil Nadu",India,"Kanchipuram, Tamil Nadu",India,1820.0,10001-50000,Auto Components,"Salary, Job security",Promotions,3.8,3.5,3.4,3.5,3.4,3.9,3.2
Stanza-Living,3.1,2017.0,"New Delhi, Delhi",India,"New Delhi, Delhi",India,2001.0,501-1000,Internet,"Promotions, Job security, Company culture",,2.6,2.9,2.8,3.0,2.9,3.2,2.6
Sundaram-Finance,3.9,1954.0,"Chennai, Tamil Nadu",India,"Chennai, Tamil Nadu",India,5132.0,5001-10000,NBFC,"Job security, Company culture, Work-life balance",Promotions,4.1,3.9,4.0,3.8,3.8,3.4,3.1
MAHLE-ANAND-Filter-Systems,4.0,2005.0,,,"Stuttgart, Germany",Germany,1601.0,50001-100000,Auto Components,"Job security, Company culture, Work-life balance",Promotions,4.1,3.9,3.9,3.8,3.6,3.6,3.2
VMware-Software,4.4,1998.0,,,"Palo Alto,California",United States,5294.0,10001-50000,Software Product,"Salary, Company culture, Work-life balance",,3.5,4.3,4.3,4.1,4.1,4.4,3.8
Hikal,3.8,1988.0,"Mumbai, Maharashtra",India,"Mumbai, Maharashtra",India,2062.0,1001-5000,Pharma,"Job security, Work-life balance","Promotions, Salary",4.1,3.9,3.7,3.7,3.6,3.2,3.0
Sri-Chaitanya-Educational-Institutions,3.6,1986.0,"Hyderabad/Secunderabad, Telangana",India,"Hyderabad/Secunderabad, Telangana",India,62001.0,1001-5000,Education & Training,"Promotions, Salary, Company culture",,3.5,3.4,3.3,3.6,3.4,3.3,3.1
Svatantra-Microfin,3.9,2012.0,"Mumbai, Maharashtra",India,"Mumbai, Maharashtra",India,12043.0,1001-5000,NBFC,"Company culture, Job security, Skill development",,3.8,3.7,3.9,3.8,3.6,3.6,3.5
Zydus-Wellness,4.1,1988.0,Ahmedabad,India,Ahmedabad,India,1247.0,1001-5000,FMCG,,,3.9,3.9,3.8,3.8,3.8,4.1,3.5
Saipem,4.2,1957.0,"Chennai, Tamil Nadu",India,"San Donato Milanese, Milan",Italy,1915.0,10001-50000,Engineering & Construction,,,4.3,4.1,4.0,3.9,4.0,3.8,3.4
Kirloskar-Brothers,3.8,1888.0,Pune,India,Pune,India,2606.0,1001-5000,Industrial Machinery,Work-life balance,"Promotions, Job security",3.3,3.9,3.6,3.7,3.5,3.5,3.2
MG-Motor,3.8,1924.0,"Gurugram, Haryana",India,"Gurugram, Haryana",India,3000.0,2-10,Automobile,Promotions,,3.5,3.7,3.7,3.7,3.6,3.6,3.3
Syngenta,4.2,2000.0,"New Delhi, Delhi",India,"Basel, Basel",Switzerland,1800.0,10001-50000,Agriculture,"Work-life balance, Company culture, Skill development",Promotions,3.9,4.2,4.1,4.0,3.9,3.8,3.3
ICON-Plc,4.0,1990.0,"Chennai, Tamil Nadu",India,Dublin,Ireland,4501.0,10001-50000,Clinical Research,,,4.0,4.2,4.1,3.7,3.8,3.5,3.2
Godrej-Agrovet,3.9,,,,,,2693.0,,Agriculture,"Job security, Company culture",Promotions,3.9,3.7,3.8,3.7,3.6,3.7,3.1
Xyz-Company,3.8,,,,,,,51-200,Financial Services,"Company culture, Job security, Salary",,3.8,3.8,3.8,3.8,3.7,3.8,3.7
Tube-Investments-of-India,3.8,1949.0,Chennai,India,Chennai,India,3219.0,1001-5000,Engineering & Construction,Job security,Promotions,3.8,3.5,3.4,3.7,3.5,3.4,3.1
Aarvi-Encon,3.9,1987.0,"Mumbai, Maharashtra",India,"Mumbai, Maharashtra",India,220.0,201-500,Recruitment,Salary,"Promotions, Job security",3.2,3.7,3.7,3.6,3.7,3.8,3.1
Knorr-Bremse,3.3,2013.0,"Pune, Maharashtra",India,Munich,Germany,1005.0,10001-50000,Auto Components,"Promotions, Skill development, Job security",,3.0,3.5,3.2,3.0,3.1,3.1,2.7
Vedanta-Aluminium,3.8,,,,,,,,,,,,,,,,,
CALIBEHR,4.0,2006.0,"Mumbai, Maharashtra",India,"Mumbai, Maharashtra",India,15000.0,10001-50000,IT Services & Consulting,"Company culture, Work-life balance, Skill development",Promotions,3.6,3.8,3.8,3.8,3.7,3.7,3.3
Northcorp-Software,4.8,,,,,,,,,,,,,,,,,
HPCL-Mittal-Energy-Limited,4.3,,,,,,,,,,,,,,,,,
Metropolis-Healthcare,3.9,1980.0,"Mumbai, Maharashtra",India,"Mumbai, Maharashtra",India,4823.0,1001-5000,Healthcare,"Work-life balance, Skill development",Promotions,3.7,3.8,3.7,3.8,3.6,3.6,3.1
Jet-Airways,4.6,1993.0,"Mumbai, Maharashtra",India,"Mumbai, Maharashtra",India,230.0,201-500,Aviation,"Work satisfaction, Company culture, Work-life balance",,4.0,4.5,4.5,4.5,4.6,4.4,4.1
Adani-Ports-and-SEZ,3.6,,,,,,,,,,,,,,,,,
1point1-Solutions,3.3,2008.0,"Navi Mumbai, Maharashtra",India,"Navi Mumbai, Maharashtra",India,3163.0,1001-5000,BPO,,,3.2,3.3,3.1,3.2,3.1,3.0,2.9
Gmmco,4.0,1967.0,"Chennai, Tamil Nadu",India,"Chennai, Tamil Nadu",India,1972.0,1001-5000,Industrial Machinery,"Skill development, Job security, Work-life balance",Promotions,4.0,3.9,3.8,4.1,3.9,3.7,3.3
Vayona-Energy,4.0,1976.0,"Chennai, Tamil Nadu",India,"Chennai, Tamil Nadu",Spain,2338.0,1001-5000,Power,Work-life balance,Promotions,3.5,4.1,3.7,3.6,3.7,3.7,3.2
GAIL,4.4,1984.0,"Delhi/NCR, Delhi",India,"Delhi/NCR, Delhi",India,5010.0,5001-10000,Oil & Gas,"Company culture, Work-life balance, Skill development",,4.1,4.3,4.3,4.2,4.1,4.1,3.6
Tata-Capital-Housing-Finance,3.9,2008.0,Mumbai,India,Mumbai,India,3832.0,1001-5000,NBFC,"Skill development, Salary",Promotions,3.7,3.7,3.7,3.9,3.6,3.8,3.3
TKIL,4.1,1947.0,"Pune, Maharashtra",India,"Pune, Maharashtra",India,2764.0,1001-5000,Industrial Machinery,,,4.0,4.0,4.0,3.8,3.8,3.9,3.3
Power-Grid-Corporation-of-India,4.3,1989.0,"Gurgaon/Gurugram, Haryana",India,"Gurgaon/Gurugram, Haryana",India,8536.0,5001-10000,Power,"Company culture, Salary, Work-life balance",,3.9,4.1,4.2,4.1,4.1,4.2,3.6
Unity-Small-Finance-Bank,3.6,,"Mumbai,Maharashtra",India,"Mumbai,Maharashtra",India,5235.0,"1,001-5,000",Banking,"Promotions, Job security",,3.3,3.6,3.4,3.4,3.4,3.5,3.1
Klm-Axiva-Finvest,4.4,2000.0,"Aluva, Kerala",India,"Aluva, Kerala",India,2340.0,201-500,NBFC,"Company culture, Work-life balance, Skill development",,4.1,4.3,4.3,4.2,4.2,3.9,4.0
Pernod-Ricard,3.5,1975.0,,,Paris,France,1593.0,10001-50000,Beverage,Salary,"Promotions, Job security, Work satisfaction",3.1,3.5,3.4,3.3,3.2,3.9,2.8
Nexa,4.0,2015.0,"Delhi/NCR, Delhi",India,"Delhi/NCR, Delhi",India,5830.0,10001-50000,Automobile,"Skill development, Work-life balance",,3.4,3.8,3.7,3.9,3.6,3.4,3.4
Bajaj-Capital-Insurance-Broking-Limited,4.4,2004.0,"Gurgaon / Gurugram, Haryana",India,"Gurgaon / Gurugram, Haryana",India,3422.0,1001-5000,Insurance,"Company culture, Skill development, Work-life balance",,4.2,4.3,4.4,4.4,4.3,4.2,4.1
Dana-Anand,4.0,,,,,,,,,,,,,,,,,
Amazon-Sellers-Services,4.0,,,,,,,,,,,,,,,,,
Aspire-Systems,3.8,1996.0,"Chennai, Tamil Nadu",India,"Chennai, Tamil Nadu",India,3945.0,1001-5000,IT Services & Consulting,,,3.9,3.8,3.8,3.7,3.6,3.3,3.2
Greenko-Group,3.9,2004.0,Hyderabad,India,Hyderabad,India,2986.0,1001-5000,Power,"Job security, Work-life balance",Promotions,4.2,3.9,3.6,3.6,3.6,3.6,3.0
Thermo-Fisher-Scientific,3.8,1956.0,,,"Waltham,Massachusetts",United States,4752.0,100001+,Biotechnology,"Job security, Work-life balance",Promotions,3.8,3.8,3.7,3.5,3.5,3.5,3.0
Zf-Rane-Automotive,3.9,,,,,,595.0,,Auto Components,"Skill development, Job security",Promotions,3.8,3.7,3.7,3.9,3.7,3.5,3.3
Hinduja-Housing-Finance,3.7,2015.0,"Chennai, Tamil Nadu",India,"Chennai, Tamil Nadu",Array,2335.0,1001-5000,NBFC,,,3.6,3.5,3.4,3.5,3.4,3.5,3.1
Spencer's-Retail,3.8,1863.0,"Kolkata, West Bengal",India,"Kolkata, West Bengal",India,3279.0,5001-10000,Retail,Promotions,,3.6,3.6,3.7,3.6,3.5,3.6,3.2
Bharat-Sanchar-Nigam,3.9,2000.0,"Delhi/NCR, New Delhi",India,"Delhi/NCR, New Delhi",India,71442.0,50001-100000,Telecom,"Job security, Work-life balance",Promotions,4.0,4.0,3.7,3.7,3.7,3.4,3.3
Nippon-Life-India-Asset-Management,4.6,,,,,,,,,,,,,,,,,
SLMG-Beverages,3.9,2019.0,,,"Lucknow, Uttar Pradesh",India,3533.0,201-500,Beverage,"Work-life balance, Skill development",Promotions,3.6,3.8,3.7,3.8,3.7,3.6,3.3
Fractal-Analytics,4.0,2000.0,"Mumbai, Maharashtra",India,"New York City,New York",United States,5162.0,1001-5000,Analytics & KPO,"Company culture, Job security, Work-life balance",Promotions,4.1,4.0,4.1,4.0,3.7,3.5,3.2
Hindustan-Zinc,3.8,,,,,,,,,,,,,,,,,
TÜV-NORD,3.7,1989.0,"Mumbai, Maharashtra",India,"Mumbai, Maharashtra",India,1500.0,10001-50000,"Testing, Inspection and Certification (TIC)",Promotions,,3.4,3.6,3.4,3.7,3.5,3.5,3.1
GlobalData,3.3,1984.0,"Hyderabad / Secunderabad, Telangana",India,London,United Kingdom (UK),2001.0,1001-5000,Analytics & KPO,"Promotions, Salary, Work satisfaction",,3.5,3.5,3.5,3.1,3.1,2.7,2.6
Netcracker-Technology,3.0,1993.0,,,Waltham,United States (USA),4500.0,5001-10000,IT Services & Consulting,"Promotions, Job security, Work satisfaction",,2.5,3.1,2.7,2.7,2.7,3.2,2.4
Gharda-Chemicals-Limited,4.0,1967.0,"Mumbai, Maharashtra",India,"Mumbai, Maharashtra",India,2501.0,1001-5000,Agro Chemicals,"Job security, Work-life balance, Skill development",Promotions,4.3,3.9,3.7,3.8,3.7,3.7,3.2
ValueMomentum,3.2,2000.0,,,"New Jersey, USA",,3360.0,1001-5000,IT Services & Consulting,"Promotions, Work satisfaction, Company culture",,3.1,3.2,3.0,3.2,3.0,3.1,2.7
Kinara-Capital,4.2,2011.0,"Bangalore,Karnataka",India,"Bangalore,Karnataka",India,2096.0,1001-5000,NBFC,"Company culture, Salary, Work-life balance",,3.8,4.2,4.2,4.1,4.1,4.2,4.0
Wheels,3.9,1962.0,"Chennai, Tamil Nadu",India,"Chennai, Tamil Nadu",India,2595.0,1001-5000,Auto Components,"Job security, Skill development",Promotions,4.1,3.7,3.6,3.8,3.6,3.4,3.3
Otis-Elevator,4.1,1853.0,"Mumbai, Maharashtra",India,"Farmington, Connecticut, United States",United States (USA),5447.0,10001-50000,Industrial Machinery,"Job security, Company culture, Work-life balance",Promotions,4.1,4.0,4.0,3.7,3.8,3.8,3.2
QX-Global-Group,3.1,2003.0,"Noida, Uttar Pradesh",India,"London, England",United Kingdom,3000.0,1001-5000,BPO,,,3.0,3.1,3.0,3.0,2.9,2.9,2.6
Encora,3.4,2005.0,,,"Scottsdale, AZ",United States (USA),3197.0,5001-10000,IT Services & Consulting,"Promotions, Job security, Work satisfaction",,2.9,3.6,3.3,3.3,3.3,3.4,2.8
Allianz-Technology,4.0,1890.0,,,"Munich, Bavaria",Germany,3297.0,10001-50000,IT Services & Consulting,"Work-life balance, Company culture, Job security",Promotions,4.0,4.3,4.1,3.7,3.8,3.4,3.2
Lakshmi-Machine-Works,3.8,1962.0,"Coimbatore, Tamil Nadu",India,"Coimbatore, Tamil Nadu",India,3627.0,1001-5000,Industrial Machinery,Job security,Promotions,3.8,3.7,3.5,3.7,3.6,3.5,3.2
Crompton-Greaves-Consumer-Electricals,3.7,2016.0,"Mumbai, Maharashtra",India,,,2333.0,1001-5000,Consumer Electronics & Appliances,,,3.5,3.5,3.4,3.5,3.4,3.8,3.1
Ceasefire-Industries,3.1,2002.0,"New Delhi, Delhi",India,"New Delhi, Delhi",India,2600.0,1001-5000,Industrial Machinery,,,2.9,3.2,3.0,3.2,2.9,2.9,2.6
BirlaNu,3.9,1946.0,"Hyderabad/Secunderabad, Telangana",India,"Hyderabad/Secunderabad, Telangana",India,1815.0,1001-5000,Building Material,Promotions,,3.7,3.7,3.7,3.7,3.5,3.7,3.3
Crompton-Greaves-Consumer-Electricals,3.7,2016.0,"Mumbai, Maharashtra",India,,,2333.0,1001-5000,Consumer Electronics & Appliances,,,3.5,3.5,3.4,3.5,3.4,3.8,3.1
Malabar-Gold-and-Diamonds,4.0,1993.0,Kozhikode,India,Kozhikode,India,2689.0,10001-50000,Jewellery,"Job security, Company culture, Skill development",,4.0,3.8,3.9,3.9,3.7,3.8,3.5
GVPR-Engineers,3.8,1997.0,"Hyderabad/Secunderabad, Telangana",India,"Hyderabad/Secunderabad, Telangana",India,1312.0,501-1000,Engineering & Construction,"Salary, Work-life balance",Promotions,3.4,3.8,3.5,3.4,3.5,3.8,3.1
Shyam-Steel-Group,3.5,,,,,,,,,,,,,,,,,
Amara-Raja-Group,4.1,1985.0,"Bangalore/Bengaluru, Karnataka",India,"Bangalore/Bengaluru, Karnataka",India,8731.0,100001+,Auto Components,"Job security, Company culture, Work-life balance",Promotions,4.3,4.0,4.0,4.0,3.8,3.5,3.3
IB-Group,3.7,1985.0,"Rajnandgaon, Chhattisgarh",India,"Rajnandgaon, Chhattisgarh",India,15001.0,1001-5000,Food Processing,Promotions,,3.4,3.5,3.4,3.5,3.5,3.5,3.1
Vertiv,3.9,1946.0,"Thane, Maharashtra",India,"Columbus,Ohio",United States,2001.0,10000+,Electronics Manufacturing,Job security,Promotions,3.9,3.7,3.7,3.6,3.6,3.6,3.1
Innodata-India-Private-Limited,3.6,,,,,,,,,,,,,,,,,
ALLEN-Career-Institute,3.8,1988.0,"Kota, Rajasthan",India,"Kota, Rajasthan",India,16001.0,10001-50000,Education & Training,Work-life balance,Promotions,3.6,3.8,3.6,3.5,3.5,3.5,3.1
iQor-Global-Services,3.3,1998.0,,,"Saint Petersburg, Florida",United States (USA),1713.0,10001-50000,BPO,,,2.9,3.3,3.3,3.1,3.2,3.3,2.8
NBC-Bearings,3.9,1946.0,"Jaipur, Rajasthan",India,"Jaipur, Rajasthan",,3000.0,,Auto Components,,,4.1,4.0,3.8,3.8,3.8,3.5,3.1
Uber,4.1,2009.0,,,"San Francisco,California",United States,3727.0,100001+,Internet,"Work-life balance, Company culture, Salary",,3.5,4.1,4.0,3.7,3.8,3.9,3.4
SitusAMC,3.2,,,,,,2407.0,,Financial Services,"Promotions, Work satisfaction, Skill development",,3.1,3.3,3.0,3.0,3.0,3.3,2.8
Incheon-Motors,4.7,2019.0,"Kochi, Kerala",India,"Kochi, Kerala",India,1550.0,1001-5000,Automobile,"Company culture, Job security, Skill development",,4.7,4.6,4.7,4.7,4.6,4.4,4.5
Vistaar-Finance,3.9,2010.0,"Bengaluru/Bangalore, Karnataka",India,"Bengaluru/Bangalore, Karnataka",India,3187.0,1001-5000,NBFC,"Salary, Work-life balance",,3.7,3.8,3.7,3.7,3.7,3.9,3.7
Suzuki-Motorcycle,4.0,1997.0,,,"Hamamatsu-shi, Shizuoka, Japan.",Japan,4701.0,1001-5000,Automobile,"Job security, Work-life balance, Company culture",,4.2,4.0,3.8,3.6,3.7,3.7,3.4
Sahara-India-Pariwar,3.8,1978.0,"Lucknow, Uttar Pradesh",India,"Lucknow, Uttar Pradesh",India,5243.0,10001-50000,Broadcasting,Promotions,,3.6,3.7,3.7,3.5,3.5,3.4,3.3
Temenos,3.1,1993.0,,,"Geneva, Switzerland",Switzerland,3969.0,5001-10000,Software Product,"Promotions, Job security, Skill development",,2.7,3.3,2.9,2.8,2.9,3.1,2.6
Atlas-Copco,4.1,1873.0,"Pune, Maharashtra",India,"Nacka Municipality, Stockholm",Sweden,3400.0,10001-50000,Industrial Machinery,"Company culture, Job security, Work-life balance",Promotions,4.2,4.1,4.2,3.9,3.8,3.7,3.3
Sahara-India-Pariwar,3.8,1978.0,"Lucknow, Uttar Pradesh",India,"Lucknow, Uttar Pradesh",India,5243.0,10001-50000,Broadcasting,Promotions,,3.6,3.7,3.7,3.5,3.5,3.4,3.3
Fortrea-Development-India-Private-Limited,3.9,2023.0,"Bengaluru/Bangalore, Karnataka",India,"Durham, NC",United States (USA),3153.0,10001-50000,Clinical Research,"Work-life balance, Company culture",Promotions,3.6,4.0,3.9,3.5,3.6,3.6,3.0
MakeMyTrip,3.4,2000.0,"Gurgaon/Gurugram, Haryana",India,"Gurgaon,Haryana",India,2533.0,1001-5000,Internet,"Promotions, Work satisfaction, Salary",,3.6,3.5,3.4,3.4,3.3,3.3,2.9
Tata-Cummins,4.4,1993.0,"Pune, Maharashtra",India,"Pune, Maharashtra",India,2556.0,1001-5000,Auto Components,"Company culture, Work-life balance, Salary",,3.8,4.3,4.4,4.1,4.1,4.1,3.4
Perfetti-Van-Melle,4.2,2001.0,,,Lainate,Italy,2077.0,10001-50000,FMCG,"Work-life balance, Company culture, Job security",Promotions,4.0,4.1,4.0,3.9,4.0,3.9,3.2
Syrma-SGS-Technologies,4.0,1978.0,"Mumbai, Maharashtra",India,"Mumbai, Maharashtra",India,1376.0,1001-5000,Electronics Manufacturing,"Job security, Company culture, Work-life balance",,4.0,3.9,3.9,3.9,3.8,3.6,3.4
Visionet-Systems,3.4,1995.0,"Bangalore / Bengaluru, Karnataka",India,"Cranbury, New Jersey",United States (USA),2100.0,1001-5000,IT Services & Consulting,"Promotions, Salary, Work satisfaction",,3.3,3.3,3.2,3.3,3.2,2.9,2.9
Lemon-Tree-Hotels,4.0,2002.0,"Delhi/NCR, Delhi",India,"Delhi/NCR, Delhi",India,2952.0,5001-10000,Hospitality,"Job security, Company culture, Work-life balance",,4.1,3.9,4.0,3.9,3.8,3.6,3.6
Secure-Meters,3.9,1987.0,,,"Udaipur, Rajasthan",England,6001.0,1001-5000,Electronics Manufacturing,"Company culture, Job security, Work-life balance","Promotions, Salary",4.1,3.9,4.1,3.8,3.7,3.3,3.3
United-Breweries,3.3,1857.0,"Bangalore/Bengaluru, Karnataka",India,,,2888.0,1001-5000,Beverage,"Promotions, Job security, Work satisfaction",,2.8,3.2,3.0,3.1,3.0,3.2,2.6
Thomas-Cook,4.0,1881.0,"Mumbai, Maharashtra",India,"Mumbai, Maharashtra",India,2345.0,5001-10000,Travel & Tourism,,,3.9,3.7,3.8,3.8,3.7,3.5,3.3
SYSKA-LED-Lights,2.9,2012.0,"Pune,Maharashtra",India,"Pune,Maharashtra",India,,1001-5000,Consumer Electronics & Appliances,"Promotions, Salary, Job security",,2.5,2.9,2.6,2.8,2.7,2.5,2.5
Bounteous-x-Accolite,3.2,,,,,,,,,,,,,,,,,
TradeIndia-(Infocom-Network-Private-Limited),3.4,,,,,,,,,,,,,,,,,
eClinicalWorks,3.6,1999.0,,,"Westborough, Massachusetts",United States (USA),3652.0,5001-10000,Software Product,Job security,"Promotions, Skill development, Work satisfaction",3.9,3.5,3.5,3.0,3.2,3.6,2.9
Comviva-Technology,2.8,1999.0,"Gurgaon,Haryana",India,"Gurgaon,Haryana",India,2294.0,1001-5000,Software Product,"Promotions, Salary, Work satisfaction",,3.1,2.8,2.7,2.9,2.6,2.5,2.4
Vaco-Binary-Semantics,3.1,,,,,,,,,,,,,,,,,
Pristyn-Care,3.1,2018.0,"Delhi,NCT",India,"Delhi,NCT",India,1580.0,201-500,Internet,"Work-life balance, Job security, Work satisfaction",,2.8,2.8,3.0,3.1,2.9,3.4,3.0
AstraZeneca,3.9,1999.0,,,"Cambridge, Cambridgeshire",United Kingdom (UK),802.0,50001-100000,Pharma,"Salary, Work-life balance, Company culture",Promotions,3.5,4.0,3.8,3.6,3.7,4.0,3.2
Škoda-Auto-Volkswagen,4.0,,,,,,,,,,,,,,,,,
Škoda-Auto-Volkswagen,4.0,,,,,,,,,,,,,,,,,
Colgate-Palmolive,4.0,1937.0,,,"Mumbai, Maharashtra",India,2198.0,"1,001-5,000",FMCG,"Company culture, Work-life balance, Job security",Promotions,3.8,3.9,4.0,3.7,3.6,3.6,3.0
Collins-Aerospace,3.8,1933.0,,,"Charlotte, North Carolina",US,6500.0,50001-100000,Defence & Aerospace,"Job security, Work-life balance",Promotions,3.8,3.8,3.7,3.4,3.4,3.5,3.1
MasterCard,3.8,1966.0,,,"Purchase,New York",United States,7856.0,10001-50000,FinTech,"Company culture, Salary, Work-life balance",Promotions,3.6,3.8,3.8,3.6,3.5,3.8,3.1
BDR-Pharmaceuticals-International,4.1,2002.0,"Mumbai, Maharashtra",India,"Mumbai, Maharashtra",India,1927.0,1001-5000,Pharma,"Company culture, Job security, Salary",,4.1,3.9,4.1,4.1,4.0,4.1,3.8
Mastek,3.5,1982.0,"Mumbai, Maharashtra",India,"Mumbai, Maharashtra",India,4332.0,1001-5000,IT Services & Consulting,"Promotions, Salary",,3.4,3.6,3.5,3.5,3.4,3.2,2.9
Birla-Opus,4.0,,,,,,2818.0,,Chemicals,"Skill development, Work-life balance, Company culture",,3.8,4.0,3.9,4.1,3.8,3.7,3.4
Siemens-Energy,4.1,1847.0,,,Munich,Germany,4201.0,50001-100000,Power,"Work-life balance, Company culture, Job security",Promotions,4.1,4.2,4.1,3.8,3.8,3.5,3.1
Cult.fit,3.6,,,,,,,,,,,,,,,,,
Star-Cement,4.0,2001.0,"Kolkata, West Bengal",India,"Kolkata, West Bengal",India,2274.0,1001-5000,Building Material,"Job security, Work-life balance, Company culture",Promotions,4.0,3.9,3.8,3.8,3.8,3.8,3.3
Arohan-Financial-Services,3.9,2006.0,"Kolkata, West Bengal",India,"Kolkata, West Bengal",India,10252.0,5001-10000,NBFC,Salary,Promotions,3.7,3.7,3.6,3.7,3.6,3.9,3.3
JW-Marriott,4.2,1927.0,,,"Bethesda, Maryland",United States (USA),4024.0,100001+,Hospitality,"Job security, Skill development, Company culture",,4.3,3.9,4.0,4.2,3.9,3.6,3.8
CarDekho-Group,3.6,,,,,,,,,,,,,,,,,
Aparajitha-Corporate-Services,3.8,2000.0,"Madurai, Tamil Nadu",India,"Madurai, Tamil Nadu",India,1700.0,1001-5000,Legal,Skill development,"Promotions, Salary",3.7,3.7,3.6,3.8,3.6,3.2,3.0
Amazon-Web-Services,3.8,2006.0,,,"Seattle, Washington",United States (USA),15243.0,50001-100000,IT Services & Consulting,Salary,"Job security, Promotions",3.1,3.6,3.6,3.7,3.4,3.9,3.2
Mahindra-Automotives,3.8,1948.0,Hyderabad,India,Hyderabad,India,10001.0,100001+,Automobile,"Job security, Skill development",Promotions,4.0,3.6,3.5,3.8,3.6,3.5,3.2
Rebel-Foods,3.7,2012.0,"Mumbai,Maharashtra",India,"Mumbai,Maharashtra",India,5001.0,5001-10000,Hospitality,"Promotions, Work satisfaction",,3.5,3.4,3.5,3.5,3.3,3.6,3.2
Xebia,3.0,2001.0,,,"Atlanta, USA",,2445.0,5001-10000,IT Services & Consulting,,,2.7,3.2,3.0,3.0,2.9,3.1,2.6
Everest-Industries,3.8,1934.0,"Mumbai, Maharashtra",India,"Mumbai, Maharashtra",India,1418.0,1001-5000,Building Material,,,3.6,3.8,3.7,3.7,3.7,3.7,3.2
Softenger,4.0,1999.0,"Pune, Maharashtra",India,"Pune, Maharashtra",India,1200.0,1001-5000,IT Services & Consulting,"Company culture, Work-life balance, Skill development",,3.7,3.9,3.9,3.8,3.8,3.5,3.4
Skipper,3.9,1981.0,"Kolkata, West Bengal",India,"Kolkata, West Bengal",India,3567.0,1001-5000,Industrial Machinery,,,3.7,3.7,3.7,3.7,3.6,3.7,3.4
Tiger-Analytics,3.7,2011.0,"Chennai, Tamil Nadu",India,"Santa Clara, California, US",,4663.0,5001-10000,IT Services & Consulting,,,3.5,3.7,3.7,3.8,3.5,3.8,3.4
C&S-Electric,3.9,,,,,,,,,,,,,,,,,
Pizza-Hut,4.0,1958.0,,,"Plano, Texas",United States (USA),3712.0,100001+,Hospitality,"Skill development, Company culture, Job security",,3.8,3.8,3.8,4.0,3.7,3.7,3.6
Merino-Industries,3.8,1968.0,"Delhi/NCR, Delhi",India,"Delhi/NCR, Delhi",India,7532.0,5001-10000,Building Material,Promotions,,3.5,3.6,3.5,3.5,3.5,3.7,3.2
Entain,3.6,,,,"London, England",United Kingdom,3400.0,"10,001+",IT Services & Consulting,Work-life balance,"Promotions, Job security, Skill development",3.0,3.8,3.5,3.1,3.2,3.6,2.8
Capacit'e-Infraprojects,3.7,2012.0,"Mumbai,Maharashtra",India,"Mumbai,Maharashtra",India,1065.0,1001-5000,Engineering & Construction,Promotions,,3.5,3.4,3.4,3.5,3.4,3.5,3.1
Lumina-Datamatics,3.2,1975.0,"Mumbai, Maharashtra",India,"Mumbai, Maharashtra",India,3850.0,1001-5000,IT Services & Consulting,"Promotions, Salary, Skill development",,3.3,3.2,3.1,2.9,3.0,2.7,2.5
Lowe's,4.1,1946.0,,,Mooresville,UnitedStates,5001.0,100001+,Retail,"Company culture, Work-life balance, Job security",Promotions,3.9,4.1,4.1,3.7,3.7,3.8,3.2
Barclays-Global-Service-Centre,3.9,2007.0,Pune,India,Pune,India,17001.0,201-500,IT Services & Consulting,"Company culture, Work-life balance",Promotions,3.7,3.8,3.8,3.4,3.5,3.7,3.0
General-Mills,4.1,1928.0,,,"Minneapolis, Minnesota",United States (USA),1301.0,10001-50000,Food Processing,"Company culture, Work-life balance, Job security",Promotions,4.1,4.3,4.3,3.8,3.8,3.8,3.3
TechnipFMC,3.9,2009.0,"Hyderabad / Secunderabad, Telangana",India,,,1001.0,100001+,Engineering & Construction,,,3.8,3.9,3.9,3.7,3.7,3.5,3.1
Quantiphi-Analytics-Solutions-Private-Limited,3.1,,,,,,,,,,,,,,,,,
Hiranandani-Financial-Services,4.4,2017.0,"Mumbai,Maharashtra",India,"Mumbai,Maharashtra",India,1603.0,1001-5000,NBFC,"Company culture, Salary, Work-life balance",,4.2,4.3,4.3,4.3,4.2,4.3,4.1
Altisource,3.4,2007.0,"Bangalore/Bengaluru, Karnataka",India,"Bangalore/Bengaluru, Karnataka",India,1142.0,1001-5000,Real Estate,"Promotions, Job security, Skill development",,2.8,3.6,3.2,3.1,3.2,3.2,2.6
J-B-Chemicals-And-Pharmaceuticals,3.9,1976.0,"Mumbai, Maharashtra",India,"Mumbai, Maharashtra",India,5517.0,1001-5000,Pharma,Promotions,,3.7,3.7,3.6,3.6,3.5,3.7,3.3
Natco-Pharma,4.0,1981.0,"Hyderabad/Secunderabad, Telangana",India,"Hyderabad/Secunderabad, Telangana",India,4199.0,1001-5000,Pharma,"Work-life balance, Job security, Salary",Promotions,3.8,3.9,3.6,3.4,3.5,3.8,3.3
Technip-Energies,4.1,1958.0,,,Nanterre - France,,3963.0,10001-50000,Engineering & Construction,"Company culture, Job security, Work-life balance",,3.9,3.9,3.9,3.9,3.8,3.8,3.4
Wonder-Cement,4.2,2010.0,"Ajmer, Rajasthan",India,"Ajmer, Rajasthan",India,1808.0,1001-5000,Building Material,"Salary, Company culture, Job security",,4.0,4.0,4.0,4.0,4.0,4.1,3.7
VIP-Industries,3.7,1971.0,"Mumbai, Maharashtra",India,"Mumbai, Maharashtra",India,4578.0,1001-5000,Retail,"Promotions, Job security",,3.3,3.6,3.4,3.5,3.5,3.6,3.0
Napino-Auto-&-Electronics,3.8,1997.0,"Gurgaon/Gurugram, Haryana",India,"Gurgaon/Gurugram, Haryana",India,6001.0,5001-10000,Auto Components,,,3.6,3.7,3.5,3.5,3.5,3.6,3.3
VeeTechnologies,3.9,2000.0,"Bangalore / Bengaluru, Karnataka",India,"Decatur, Illinois",United States,1000.0,1001-5000,IT Services & Consulting,"Job security, Company culture, Work-life balance",,4.0,3.8,3.8,3.7,3.7,3.6,3.5
Yokohama-Off-Highway-Tires,3.7,2007.0,"Mumbai,Maharashtra",India,"Mumbai,Maharashtra",India,2003.0,,Auto Components,"Promotions, Work satisfaction, Salary",,3.7,3.4,3.4,3.5,3.3,3.3,2.9
Pricol,3.9,1975.0,"Coimbatore, Tamil Nadu",India,"Coimbatore, Tamil Nadu",India,1879.0,5001-10000,Auto Components,"Skill development, Company culture, Work-life balance",Promotions,3.6,3.8,3.8,3.9,3.8,3.5,3.2
Kendriya-Vidyalaya-Sangathan,4.3,1963.0,"Delhi/NCR, Delhi",India,"Delhi/NCR, Delhi",India,43934.0,10001-50000,Education & Training,"Work-life balance, Skill development, Company culture",Promotions,3.4,4.1,4.0,4.1,3.9,3.8,3.2
JSW-Group,3.8,1982.0,Mumbai,India,Mumbai,India,37001.0,50001-100000,Iron & Steel,Job security,Promotions,4.0,3.7,3.7,3.7,3.6,3.6,3.2
Financial-Software-&-Systems,3.6,1991.0,Chennai,India,Chennai,India,1680.0,1001-5000,Software Product,"Promotions, Salary",,3.5,3.5,3.5,3.4,3.4,3.3,2.9
Jyothy-Labs,4.1,,,,,,3035.0,,FMCG,"Salary, Company culture, Job security",,3.9,3.9,3.9,3.8,3.8,4.0,3.4
National-Payments-Corporation-of-India,4.0,2010.0,"Mumbai, Maharashtra",India,"Mumbai, Maharashtra",India,1584.0,1001-5000,FinTech,"Job security, Skill development, Work-life balance",,4.3,3.9,3.8,4.1,3.9,3.8,3.6
LOREAL,3.9,1991.0,,,Clichy,France,1801.0,50001-100000,Beauty & Personal Care,Salary,Promotions,3.6,3.7,3.7,3.7,3.6,3.8,3.1
Guidehouse,3.6,2003.0,"Trivandrum/Thiruvananthapuram, Kerala",India,"Trivandrum/Thiruvananthapuram, Kerala",India,6283.0,5001-10000,Management Consulting,Salary,"Promotions, Work satisfaction, Skill development",3.6,3.4,3.5,3.3,3.3,3.8,3.0
Marsh-McLennan,3.8,,,,,,,,,,,,,,,,,
Shriram-General-Insurance,3.6,2008.0,"Jaipur, Rajasthan",India,"Jaipur, Rajasthan",India,4156.0,1001-5000,Insurance,"Promotions, Salary, Company culture",,3.6,3.6,3.3,3.5,3.4,3.0,3.0
Motherson-Sumi-Wiring,3.7,1986.0,,,"Noida, Uttar Pradesh",India,6041.0,"10,001+",Electrical Equipment,Job security,"Work satisfaction, Company culture",4.2,3.5,3.3,3.4,3.3,3.6,3.4
Salcomp-Manufacturing,4.0,2006.0,,,Salo,Finland,12000.0,10001-50000,Electronics Manufacturing,"Job security, Work-life balance, Skill development",Promotions,4.1,3.9,3.8,3.9,3.8,3.5,3.3
Astral-Adhesives,3.9,1987.0,"Ahmedabad, Gujarat",India,"Ahmedabad, Gujarat",India,916.0,501-1000,Chemicals,Salary,,3.6,3.7,3.6,3.7,3.6,3.9,3.4
Gannon-Dunkerley-&-Co.,3.3,,,,,,,,,,,,,,,,,
KEI-Industries,4.2,1968.0,"Delhi/NCR, Delhi",India,"Delhi/NCR, Delhi",India,2050.0,1001-5000,Electrical Equipment,"Salary, Job security, Work-life balance",,4.0,4.0,3.9,3.7,3.8,4.2,3.8
Defence-Research-&-Development-Organisation,4.5,1958.0,"Delhi/NCR, New Delhi",India,"Delhi/NCR, New Delhi",India,30000.0,10001-50000,Defence & Aerospace,"Work-life balance, Company culture, Skill development",,4.1,4.4,4.3,4.3,4.3,3.7,3.6
Nasser-S.-Al-Hajri-Corporation,3.6,,,,,,,,,,,,,,,,,
Episource,3.9,2006.0,,,"Gardena, California",United States (USA),1001.0,1001-5000,IT Services & Consulting,"Company culture, Job security, Skill development",,4.0,3.7,4.0,3.9,3.7,3.4,3.4
Pramerica-Life-Insurance,3.6,,,,,,,,,,,,,,,,,
Mando-Automotive,4.0,2006.0,"Kanchipuram, Tamil Nadu",India,"Kanchipuram, Tamil Nadu",India,1331.0,1001-5000,Auto Components,"Job security, Skill development, Company culture",,4.1,3.7,3.9,4.0,3.7,3.5,3.4
ICCS,3.0,2005.0,"Delhi/NCR, Delhi",India,"Delhi/NCR, Delhi",India,6000.0,1001-5000,BPO,"Promotions, Job security, Work satisfaction",,2.8,3.0,2.9,3.0,2.9,2.9,2.6
Psp-Projects,3.9,2008.0,"Ahmedabad, Gujarat",India,"Ahmedabad, Gujarat",India,1948.0,1001-5000,Engineering & Construction,"Salary, Skill development",,3.7,3.7,3.6,3.8,3.7,3.8,3.4
Jubilant-Pharmova,3.7,1978.0,"Noida, Uttar Pradesh",India,"Noida, Uttar Pradesh",India,7000.0,5001-10000,Pharma,,,3.5,3.6,3.6,3.5,3.5,3.7,3.1
Amphenol-Interconnect,4.2,1972.0,"Pune, Maharashtra",India,"Pune, Maharashtra",India,3091.0,50001-100000,Electrical Equipment,"Work-life balance, Company culture, Job security",,4.0,4.2,4.1,4.0,4.0,4.0,3.5
Petrofac,4.2,1981.0,,,"Jermyn Street, London",India,3568.0,1001-5000,Oil & Gas,"Salary, Company culture, Work-life balance",,3.4,4.2,4.2,4.0,4.1,4.3,3.8
SFO-Technologies,3.4,1990.0,"Kochi/Cochin, Kerala",India,"Kochi/Cochin, Kerala",India,4142.0,1001-5000,Electronics Manufacturing,"Promotions, Salary, Work satisfaction",,3.4,3.3,3.2,3.4,3.2,2.8,2.6
Signify,3.4,2016.0,,,"Eindhoven, North Brabant",Netherlands,2691.0,10001-50000,Consumer Electronics & Appliances,"Promotions, Work satisfaction, Job security",,3.1,3.4,3.2,3.2,3.1,3.6,2.9
Reliance-Power,4.1,1995.0,"Navi Mumbai, Maharashtra",India,"Navi Mumbai, Maharashtra",India,1267.0,1001-5000,Power,"Job security, Work-life balance, Company culture",,4.2,4.1,3.9,3.9,3.9,3.7,3.8
KMV-Projects-Limited,4.3,,,,,,,,,,,,,,,,,
Tikona-Infinet,3.4,2008.0,"Mumbai,Maharashtra",India,"Mumbai,Maharashtra",India,1242.0,1001-5000,Telecom,"Promotions, Salary, Job security",,3.1,3.4,3.3,3.3,3.3,2.9,2.5
Timken,3.9,1998.0,"Bangalore/Bengaluru, Karnataka",India,"Bangalore/Bengaluru, Karnataka",India,1282.0,10001-50000,Industrial Machinery,Promotions,,3.7,3.7,3.6,3.5,3.6,3.5,3.0
Jaro-Education,3.2,2009.0,"Mumbai, Maharashtra",India,"Mumbai, Maharashtra",India,1340.0,1001-5000,Education & Training,Salary,"Work-life balance, Work satisfaction, Job security",3.0,2.9,3.0,3.2,3.0,3.8,3.2
Xceedance,3.6,2013.0,"Gurgaon / Gurugram, Haryana",India,"Boston, Massachusetts",United States (USA),3206.0,1001-5000,IT Services & Consulting,"Promotions, Salary, Work satisfaction",,3.7,3.6,3.6,3.4,3.3,3.2,3.1
Adani-Enterprises,3.6,1988.0,"Ahmedabad, Gujarat",India,"Ahmedabad, Gujarat",India,11571.0,10001-50000,Metals & Mining,"Promotions, Work satisfaction",,3.7,3.5,3.4,3.5,3.3,3.5,3.1
Velocis-Systems,3.8,1995.0,"Noida, Uttar Pradesh",India,"Noida, Uttar Pradesh",India,1201.0,1001-5000,IT Services & Consulting,"Job security, Work-life balance",Promotions,3.8,3.8,3.6,3.5,3.6,3.6,3.3
FLSmidth,3.6,1882.0,"Chennai, Tamil Nadu",India,"Copenhagen, Valby",Denmark,2500.0,10001-50000,Industrial Machinery,Work-life balance,"Job security, Promotions, Skill development",2.5,3.9,3.5,3.3,3.5,3.5,3.1
Hathway,3.3,1959.0,"Mumbai, Maharashtra",India,"Mumbai, Maharashtra",India,515.0,501-1000,Telecom,"Promotions, Skill development, Work satisfaction",,3.1,3.2,3.1,3.0,3.1,3.1,2.4
Hathway,3.3,1959.0,"Mumbai, Maharashtra",India,"Mumbai, Maharashtra",India,515.0,501-1000,Telecom,"Promotions, Skill development, Work satisfaction",,3.1,3.2,3.1,3.0,3.1,3.1,2.4
FLSmidth,3.6,1882.0,"Chennai, Tamil Nadu",India,"Copenhagen, Valby",Denmark,2500.0,10001-50000,Industrial Machinery,Work-life balance,"Job security, Promotions, Skill development",2.5,3.9,3.5,3.3,3.5,3.5,3.1
Bhanzu,3.8,2020.0,"Hyderabad,Telangana",India,"Hyderabad,Telangana",India,1736.0,1-10,EdTech,,,3.5,3.5,3.7,3.7,3.6,3.7,3.5
Cohance-Lifesciences,3.8,,,,"Hyderabad / Secunderabad, Telangana",India,1212.0,"1,001-5,000",Pharma,Work-life balance,,3.5,3.8,3.6,3.6,3.6,3.7,3.4
Navayuga-Engineering-Company,3.9,1899.0,"Hyderabad/Secunderabad, Telangana",India,"Hyderabad/Secunderabad, Telangana",India,1705.0,1001-5000,Engineering & Construction,Job security,,3.8,3.7,3.5,3.6,3.6,3.6,3.4
Godfrey-Phillips-India,4.0,1933.0,"Delhi/NCR, New Delhi",India,"Delhi/NCR, New Delhi",India,1077.0,1001-5000,FMCG,"Job security, Work-life balance, Company culture",Promotions,3.9,3.9,3.8,3.8,3.8,3.6,3.1
Naukri,4.1,1996.0,Noida,India,Noida,India,4785.0,1001-5000,Internet,"Job security, Company culture, Work-life balance",,4.3,4.1,4.1,4.0,4.0,4.0,3.9
Bayer,4.0,1863.0,,,"Monheim Am Rhein,North Rhine-westphalia",Germany,13001.0,100001+,Pharma,"Work-life balance, Company culture, Salary",Promotions,3.7,4.1,3.9,3.8,3.8,3.8,3.1
Aircel,4.4,1999.0,"Gurgaon/Gurugram, Haryana",India,"Gurgaon/Gurugram, Haryana",India,9192.0,5001-10000,Telecom,"Company culture, Salary, Work-life balance",,4.0,4.2,4.2,4.1,4.2,4.2,4.0
FastInfo,4.2,2019.0,"Kolkata, West Bengal",India,"Kolkata, West Bengal",India,631.0,501-1000,Internet,"Company culture, Salary, Work-life balance",,4.0,4.1,4.2,4.1,4.1,4.1,4.0
Volvo,4.0,1927.0,,,"Gothenburg, Sweden",Sweden,4500.0,100001+,Automobile,"Job security, Work-life balance, Company culture",Promotions,4.1,4.1,4.0,3.7,3.6,3.4,3.0
Tafe-Motors-&-Tractors,3.9,,,,,,1450.0,1001-5000,Industrial Machinery,"Company culture, Job security, Work-life balance",Promotions,3.8,3.8,3.8,3.8,3.7,3.4,3.1
Apotex-Research,3.8,2003.0,,,"Brantford, Ontario",Canada,1181.0,5001-10000,Pharma,Work-life balance,"Promotions, Job security",3.3,3.8,3.6,3.5,3.5,3.7,3.0
Sandhar-Technologies,3.7,1987.0,"Gurgaon/Gurugram, Haryana",India,"Gurgaon/Gurugram, Haryana",India,1645.0,1001-5000,Auto Components,Promotions,,3.7,3.5,3.4,3.5,3.4,3.5,3.2
LanceSoft,3.2,2000.0,,,Herndon,United States (USA),3167.0,1001-5000,Recruitment,"Promotions, Job security, Skill development",,2.8,3.2,3.0,2.9,3.0,3.2,2.6
Sundaram-Clayton,3.9,1962.0,"Chennai, Tamil Nadu",India,"Chennai, Tamil Nadu",India,1416.0,50001-100000,Auto Components,"Salary, Skill development",,3.4,3.5,3.7,3.9,3.6,3.9,3.4
CIEL-HR,3.9,2015.0,"Bengaluru/Bangalore, Karnataka",India,"Bangalore,Karnataka",India,958.0,501-1000,Recruitment,"Work-life balance, Company culture",Promotions,3.6,3.9,3.8,3.7,3.7,3.7,3.3
GE-Healthcare,3.9,1994.0,,,Chicago,UnitedStates,4855.0,50001-100000,Medical Equipment,"Company culture, Job security, Work-life balance",Promotions,3.8,3.8,3.9,3.7,3.7,3.6,3.2
Experis-IT,3.0,1997.0,"Kolkata, West Bengal",India,"Milwaukee, WI",United States,3001.0,1001-5000,Recruitment,,,2.7,3.0,2.8,2.7,2.8,2.9,2.5
Netscribes,2.7,2000.0,,,"New York, New York",United States (USA),1491.0,1001-5000,Analytics & KPO,"Promotions, Salary, Job security",,2.3,2.7,2.7,2.5,2.5,2.3,2.1
Medha-Servo-Drives,4.2,1984.0,"Hyderabad/Secunderabad, Telangana",India,"Hyderabad/Secunderabad, Telangana",India,1100.0,1001-5000,Electrical Equipment,"Job security, Skill development, Company culture",,4.3,3.9,4.0,4.1,3.9,3.8,3.7
Schlumberger,3.8,1926.0,,,"Houston, Texas",United States (USA),1600.0,50001-100000,Oil & Gas,"Work-life balance, Company culture","Promotions, Job security, Skill development",3.1,3.9,3.8,3.3,3.4,3.6,3.0
Nirma,4.2,1990.0,"Ahmedabad, Gujarat",India,"Ahmedabad, Gujarat",India,8001.0,5001-10000,FMCG,"Job security, Work-life balance, Work satisfaction",Promotions,4.6,4.4,4.0,4.0,4.1,3.6,3.2
Nityo-Infotech,3.3,2006.0,,,plainsboro New Jersey,UnitedStates,1345.0,10001-50000,IT Services & Consulting,"Promotions, Skill development, Job security",,2.9,3.3,3.1,2.9,3.1,3.2,2.8
Medhaj-Techno-Concept,4.0,2007.0,"Lucknow, Uttar Pradesh",India,"Lucknow, Uttar Pradesh",India,2501.0,1001-5000,Management Consulting,"Work-life balance, Company culture, Salary",Promotions,3.4,3.9,3.8,3.7,3.8,3.8,3.3
Deepak-Fertilisers-and-Petrochemicals,4.1,1979.0,"Pune, Maharashtra",India,"Pune, Maharashtra",India,1018.0,1001-5000,Chemicals,"Job security, Work-life balance, Company culture",,4.3,4.1,3.9,3.9,3.9,3.8,3.5
SKH-Metals,4.0,2006.0,"Gurgaon/Gurugram, Haryana",India,"Gurgaon/Gurugram, Haryana",India,1936.0,1001-5000,Auto Components,"Company culture, Work-life balance, Skill development",,3.8,3.9,3.9,3.9,3.8,3.8,3.6
Test-Yantra-Software-Solutions,3.0,2007.0,"Bangalore/Bengaluru, Karnataka",India,"Bangalore/Bengaluru, Karnataka",India,2201.0,1001-5000,IT Services & Consulting,"Promotions, Salary, Job security",,2.8,3.0,2.8,3.2,2.9,2.8,2.6
Intellipaat-Software-Solutions,3.9,2011.0,"Bengaluru/Bangalore, Karnataka",India,Jaipur,India,1425.0,1001-5000,EdTech,"Salary, Skill development, Company culture",,3.8,3.8,3.8,3.9,3.8,3.9,3.8
OCS-Group,4.1,1996.0,"Mumbai, Maharashtra",India,"London, England",United Kingdom,10001.0,100001+,Facility Management Services,,,3.9,4.0,4.0,3.9,3.9,3.8,3.5
JSW-Paints,3.8,2016.0,,,"Mumbai, Maharashtra",India,1445.0,1001-5000,Chemicals,Promotions,,3.7,3.6,3.7,3.6,3.5,3.5,3.3
Neel-Metal-Products,4.0,,,India,,,1555.0,,Auto Components,"Job security, Skill development, Work-life balance",,4.1,3.8,3.7,3.9,3.8,3.6,3.4
Target,4.0,1902.0,,,"Minneapolis, Minnesota",United States (USA),4703.0,10001-50000,Retail,"Work-life balance, Company culture, Job security",Promotions,3.9,4.2,4.1,3.7,3.7,3.6,3.1
Re-Sustainability-Limited,3.8,,,,,,,,,,,,,,,,,
Steag-Energy-Services,4.3,2000.0,,,"Essen, Essen",Germany,1100.0,5001-10000,Power,"Job security, Work-life balance, Work satisfaction",,4.4,4.2,4.0,4.0,4.1,4.0,3.6
Aviva-Life-Insurance-India,3.5,2002.0,"Gurugram, Harayana",India,London,United Kingdom (UK),14000.0,1001-5000,Insurance,,,3.2,3.6,3.4,3.4,3.3,3.4,3.1
HomeLane,3.3,2014.0,"Bangalore,Karnataka",India,"Bangalore,Karnataka",India,2501.0,1001-5000,Architecture & Interior Design,"Promotions, Job security, Work-life balance",,2.7,2.9,3.1,3.1,3.0,3.4,2.7
"Commonwealth-Bank-of-Australia,-India",2.8,,,,,,,,,,,,,,,,,
HT-Media,3.1,1924.0,"Delhi/NCR, Delhi",India,"Delhi/NCR, Delhi",India,1587.0,1001-5000,Media & Entertainment,"Promotions, Work satisfaction, Skill development",,2.9,3.0,2.9,2.7,2.7,3.0,2.5
Regulated-Council-of-Immigration-Consultants,4.9,,,,,,,,Other,"Company culture, Job security, Salary",,4.9,4.9,4.9,4.9,4.9,4.9,4.9
Ashirvad-Pipes,3.8,1997.0,"Bangalore/Bengaluru, Karnataka",India,"Bangalore/Bengaluru, Karnataka",India,7301.0,5001-10000,Building Material,Salary,Promotions,3.5,3.7,3.6,3.7,3.5,3.9,3.2
Egis-India-Consulting-Engineers,4.2,2005.0,"Gurgaon/Gurugram, Haryana",India,"Gurgaon/Gurugram, Haryana",India,2270.0,10001-50000,Engineering & Construction,,,3.7,4.3,4.1,3.8,4.0,4.0,3.4
Alok-Industries,3.5,1986.0,"Mumbai, Maharashtra",India,"Mumbai, Maharashtra",India,11851.0,10001-50000,Fashion & Textile,"Promotions, Salary, Company culture",,3.5,3.5,3.3,3.4,3.4,3.2,2.8
Yashoda-Hospitals,3.9,1989.0,,India,,,10000.0,1001-5000,Healthcare,Promotions,,3.7,3.7,3.7,3.7,3.6,3.4,3.2
Bosch-Chassis-Systems,4.1,1951.0,,,Gerlingen,Germany,4105.0,10001-50000,Auto Components,"Company culture, Work-life balance, Skill development",Promotions,3.7,3.9,4.0,3.9,3.9,3.8,3.2
Michelin,3.7,2009.0,,,Clermont-Ferrand,France,2918.0,10001-50000,Auto Components,"Work-life balance, Job security, Company culture",Promotions,3.9,4.0,3.8,3.6,3.4,3.4,3.0
Volkswagen,4.1,2001.0,"Mumbai, Maharashtra",India,"Mumbai, Maharashtra",Germany,2383.0,,Automobile,"Work-life balance, Company culture, Job security",,3.9,4.0,3.9,3.9,3.8,3.7,3.4
Musashi-Auto-Parts,3.8,1938.0,"Gurgaon/Gurugram, Haryana",India,"Gurgaon/Gurugram, Haryana",India,1315.0,1001-5000,Auto Components,Promotions,,3.5,3.7,3.7,3.6,3.5,3.5,3.1
Orient-Electric,3.7,1954.0,"Delhi/NCR, Delhi",India,"Delhi/NCR, Delhi",India,1267.0,1001-5000,Consumer Electronics & Appliances,Promotions,,3.4,3.7,3.5,3.5,3.5,3.6,3.0
Vedanta-Resources,3.7,1976.0,,,London,United Kingdom (UK),17332.0,50001-100000,Metals & Mining,"Salary, Job security","Promotions, Company culture",3.8,3.4,3.3,3.6,3.4,3.9,3.3
Greenlam-Industries,4.1,1993.0,"New Delhi, Delhi",India,"New Delhi, Delhi",India,3383.0,1001-5000,Furniture & Furnishing,,,4.0,4.0,3.9,3.9,3.8,4.1,3.5
Vijay-Sales,4.1,1967.0,"Mumbai, Maharashtra",India,"Mumbai, Maharashtra",India,4000.0,1001-5000,Retail,"Job security, Salary, Company culture",,4.1,3.7,3.8,3.8,3.8,4.0,3.5
Sona-Comstar,4.0,1995.0,"Gurgaon / Gurugram, Haryana",India,"Gurgaon / Gurugram, Haryana",India,1813.0,5001-10000,Auto Components,"Company culture, Job security, Work-life balance",,3.9,3.9,3.9,3.9,3.8,3.7,3.4
Updater-Services,3.7,1985.0,"Chennai, Tamil Nadu",India,"Chennai, Tamil Nadu",India,51813.0,10001-50000,Facility Management Services,Promotions,,3.4,3.6,3.4,3.5,3.5,3.5,3.1
M3M-India,4.0,,,,,,,,,,,,,,,,,
AJIO,3.6,2016.0,Bengaluru,India,Bengaluru,India,2357.0,501-1000,Internet,"Promotions, Company culture",,3.6,3.6,3.3,3.4,3.4,3.4,2.9
ACL-Digital,3.6,1992.0,,,"Santa Clara, California",United States (USA),1828.0,1001-5000,IT Services & Consulting,"Promotions, Job security, Skill development",,3.2,3.7,3.4,3.3,3.4,3.5,3.0
BGR-Energy-Systems,3.9,1985.0,"Chennai, Tamilnadu",India,"Chennai, Tamilnadu",India,2365.0,1001-5000,Engineering & Construction,Work-life balance,Promotions,3.5,3.9,3.6,3.6,3.7,3.4,3.1
TNQ-Tech-Private-Limited,3.5,1998.0,Chennai,India,Chennai,India,3000.0,1001-5000,Printing & Publishing,"Promotions, Salary, Work satisfaction",,3.6,3.5,3.5,3.2,3.2,2.9,2.7
Marks-&-Spencer,3.9,1884.0,,,London,UnitedKingdom,1300.0,50001-100000,Retail,"Job security, Work-life balance",,4.0,3.9,3.7,3.7,3.6,3.7,3.4
MAS-Financial-Services,3.7,1995.0,"Ahmedabad, Gujarat",India,"Ahmedabad, Gujarat",India,1758.0,1001-5000,NBFC,Promotions,,3.4,3.7,3.6,3.5,3.4,3.6,3.3
Wakefit,4.0,2016.0,"Bangalore,Karnataka",India,"Bangalore,Karnataka",India,2085.0,1001-5000,Furniture & Furnishing,"Salary, Work-life balance, Skill development",,3.6,3.8,3.6,3.8,3.7,3.9,3.4
Carborundum-Universal-Limited,3.7,1954.0,"Chennai, Tamil Nadu",India,"Chennai, Tamil Nadu",India,2380.0,1001-5000,Industrial Machinery,Promotions,,3.7,3.6,3.6,3.6,3.4,3.5,3.1
Tata-Chemicals,3.9,1939.0,"Mumbai, Maharashtra",India,"Mumbai, Maharashtra",India,4423.0,1001-5000,Chemicals,"Job security, Work-life balance, Company culture",Promotions,4.3,4.0,3.8,3.8,3.7,3.6,3.3
Zudio,3.9,,,,,,29055.0,,Retail,"Job security, Salary, Skill development",,4.0,3.5,3.7,3.8,3.6,3.8,3.7
RAMTeCH-Software-Solutions,3.7,1992.0,"Noida, Uttar Pradesh",India,"Noida, Uttar Pradesh",India,1839.0,1001-5000,IT Services & Consulting,Job security,"Promotions, Salary, Company culture",4.1,3.7,3.2,3.4,3.4,3.2,2.9
Satya-MicroCapital,3.6,2016.0,"Delhi,NCT",India,"Delhi,NCT",India,8076.0,51-200,NBFC,Salary,"Promotions, Skill development, Work-life balance",3.3,3.3,3.4,3.3,3.4,3.8,3.3
Centum-Electronics,3.5,1994.0,"Bangalore/Bengaluru, Karnataka",India,,,1347.0,1001-5000,Electronics Manufacturing,Job security,"Promotions, Salary, Company culture",3.8,3.3,3.2,3.6,3.3,3.0,2.7
Ageas-Federal-Life-Insurance,3.4,,,,,,,,,,,,,,,,,
WSP,4.2,1959.0,,,Montreal,Canada,4701.0,50001-100000,Management Consulting,"Work-life balance, Company culture, Job security",,4.0,4.3,4.2,3.8,3.8,3.9,3.4
Magna-International,3.8,1957.0,,,Aurora,Canada,1312.0,100001+,Auto Components,Work-life balance,Promotions,3.6,3.8,3.6,3.6,3.5,3.6,3.2
Acme-Cleantech-Solutions,4.0,2003.0,"Gurgaon/Gurugram, Haryana",India,"Gurgaon/Gurugram, Haryana",India,2725.0,1001-5000,Power,"Salary, Work-life balance",,3.5,3.8,3.7,3.7,3.7,4.1,3.4
H&M,3.8,,,,,,,,,,,,,,,,,
Next-Education-India,3.2,2007.0,"Hyderabad/Secunderabad, Telangana",India,"Hyderabad/Secunderabad, Telangana",India,3000.0,1001-5000,EdTech,"Promotions, Job security, Work satisfaction",,2.7,3.0,3.0,3.3,3.0,3.0,2.5
Nibav-Lifts,4.0,2019.0,"Chennai, Tamil Nadu",India,,,1600.0,501-1000,Industrial Machinery,,,3.6,3.9,3.8,3.9,3.9,4.1,3.8
Epsilon,3.6,1969.0,,,Texas,UnitedStates,3335.0,5001-10000,Marketing & Advertising,Work-life balance,"Promotions, Work satisfaction, Skill development",3.4,3.8,3.7,3.3,3.3,3.4,2.9
Athena-BPO,3.3,,,,,,,,,,,,,,,,,
Tata-Starbucks,4.1,1971.0,,,"Mumbai, Maharashtra",,4091.0,1001-5000,Hospitality,"Job security, Company culture, Work-life balance",,4.2,4.0,4.1,4.0,3.8,3.6,3.4
Torry-Harris-Integration-Solutions,4.1,,,,,,,,,,,,,,,,,
Silaris-Informations,3.0,,,,,,,,,,,,,,,,,
Apar-Industries,4.1,1958.0,"Vadodara/Baroda, Gujarat",India,"Vadodara/Baroda, Gujarat",India,2155.0,1001-5000,Semiconductors,"Job security, Salary, Work-life balance",,3.9,3.9,3.8,3.8,3.8,3.9,3.5
IDEMIA,3.8,2017.0,,,"Courbevoie, Courbevoie",France,5000.0,10001-50000,Electronics Manufacturing,Work-life balance,"Promotions, Salary",3.7,3.9,3.7,3.5,3.6,3.3,3.1
Ups-Logistics,3.6,1907.0,,,"Atlanta, Georgia",United States (USA),2773.0,10001-50000,Logistics,"Promotions, Skill development, Work satisfaction",,3.5,3.5,3.4,3.2,3.3,3.7,3.0
Shilpa-Medicare,3.5,1987.0,"Raichur, Karnataka",India,"Raichur, Karnataka",India,998.0,501-1000,Pharma,"Job security, Company culture, Promotions",,3.1,3.4,3.1,3.3,3.3,3.5,3.2
C.R.I.-Pumps,3.9,,,,,,,,,,,,,,,,,
Future-Focus-Infotech,3.3,1997.0,Chennai,India,Chennai,India,5001.0,1001-5000,IT Services & Consulting,,,2.9,3.4,3.2,3.1,3.2,3.1,2.7
Panacea-Biotec,3.6,1984.0,"Delhi/NCR, New Delhi",India,"Delhi/NCR, New Delhi",India,1290.0,1001-5000,Biotechnology,"Promotions, Job security, Work satisfaction",,3.1,3.6,3.4,3.3,3.3,3.6,2.9
Parag-Milk-Foods,4.0,1992.0,"Mumbai, Maharashtra",India,"Mumbai, Maharashtra",India,1969.0,1001-5000,Food Processing,"Work-life balance, Company culture, Salary",,3.7,3.9,3.8,3.8,3.7,3.8,3.4
Parekh-Integrated-Services,4.0,1981.0,"Mumbai, Maharashtra",India,"Mumbai, Maharashtra",India,2750.0,1001-5000,Logistics,"Job security, Work-life balance, Company culture",,4.0,4.0,3.9,3.8,3.7,3.8,3.4
Truhome-Finance,3.7,2010.0,"Mumbai, Maharashtra",India,"Mumbai, Maharashtra",India,4188.0,1001-5000,Financial Services,"Promotions, Work satisfaction",,3.4,3.5,3.5,3.5,3.3,3.7,3.2
Fedbank-Financial-Services,4.0,2010.0,"Mumbai, Maharashtra",India,"Mumbai, Maharashtra",India,4568.0,501-1000,NBFC,"Salary, Work-life balance, Company culture",,3.8,4.0,3.9,3.8,3.7,4.0,3.5
National-Health-Mission,3.4,2005.0,"Guwahati, Assam",India,"Guwahati, Assam",India,571000.0,100001+,Healthcare,"Promotions, Salary, Job security",,2.8,3.4,3.0,3.2,3.1,2.6,2.4
MOURI-Tech,3.6,2005.0,"Hyderabad/Secunderabad, Telangana",India,"Dallas, Texas",United States,2080.0,1001-5000,IT Services & Consulting,"Promotions, Job security, Salary",,3.2,3.6,3.5,3.5,3.5,3.3,3.2
Wipro-PARI,3.3,1990.0,"Pune, Maharashtra",India,Michigan,,1301.0,1001-5000,Industrial Automation,"Promotions, Company culture, Work satisfaction",,3.6,2.9,2.8,3.3,2.9,3.1,2.7
Precision-Infomatic-M-Pvt-Ltd,3.8,1996.0,"Chennai, Tamil Nadu",India,"Chennai, Tamil Nadu",India,2201.0,1001-5000,IT Services & Consulting,,,3.8,3.7,3.7,3.7,3.7,3.3,3.2
Nlb-Services,3.6,2007.0,"New Delhi, Delhi",India,"Alpharetta, Georgia",United States (USA),1744.0,5001-10000,Recruitment,"Promotions, Skill development, Job security",,3.3,3.6,3.5,3.3,3.4,3.6,3.2
LEAD-School,3.2,2013.0,"Mumbai,Maharashtra",India,"Mumbai,Maharashtra",India,1032.0,1001-5000,EdTech,"Job security, Promotions, Work satisfaction",,2.6,3.0,3.0,3.2,3.0,3.5,2.8
Ather-Energy,4.1,2013.0,"Bangalore,Karnataka",India,"Bangalore,Karnataka",India,1617.0,1001-5000,Automobile,"Company culture, Work-life balance, Skill development",,3.7,4.0,4.1,4.0,3.9,3.7,3.4
Bechtel,3.9,1898.0,,,"Reston, Virginia",United States (USA),2713.0,10001-50000,Engineering & Construction,"Salary, Company culture, Work-life balance",Job security,3.0,3.8,3.8,3.6,3.7,4.2,3.4
Simplilearn,3.7,2009.0,,,"San Francisco, California",United States,2873.0,1001-5000,EdTech,Promotions,,3.5,3.6,3.6,3.6,3.5,3.4,3.2
Simplilearn,3.7,2009.0,,,"San Francisco, California",United States,2873.0,1001-5000,EdTech,Promotions,,3.5,3.6,3.6,3.6,3.5,3.4,3.2
Tata-Hitachi-Construction-Machinery,4.0,1999.0,"Bangalore/Bengaluru, Karnataka",India,"Bangalore/Bengaluru, Karnataka",India,1928.0,1001-5000,Industrial Machinery,"Job security, Work-life balance, Company culture",Promotions,4.2,4.0,3.9,3.7,3.7,3.5,3.3
Impact-Infotech-Pvt.-Ltd.,3.4,,,,,,,,,,,,,,,,,
India-Shelter-Finance-Corporation,3.8,2010.0,"Gurgaon,Haryana",India,"Gurgaon,Haryana",India,3818.0,1001-5000,NBFC,"Salary, Skill development",,3.7,3.7,3.6,3.8,3.6,3.8,3.5
Nexdigm,3.7,,"Pune, Maharashtra",India,"Pune, Maharashtra",India,1477.0,"1,001-5,000",Management Consulting,"Promotions, Salary",,3.7,3.6,3.6,3.7,3.5,3.2,3.1
Porter,3.5,2014.0,"Bangalore,Karnataka",India,"Bangalore,Karnataka",India,2201.0,1001-5000,Internet,"Promotions, Job security, Skill development",,3.1,3.6,3.4,3.2,3.3,3.3,2.8
Rico-Auto-Industries,3.8,1983.0,"Gurgaon/Gurugram, Haryana",India,"Gurgaon/Gurugram, Haryana",India,2285.0,1001-5000,Auto Components,Promotions,,3.7,3.7,3.5,3.7,3.6,3.5,3.2
Shaktiman-Tirth-Agro-Technology,3.9,1997.0,"Rajkot, Gujarat",India,"Rajkot, Gujarat",India,2500.0,1001-5000,Industrial Machinery,"Job security, Salary, Work-life balance",,4.1,3.8,3.5,3.7,3.6,3.8,3.4
Swaraj-Tractors,4.0,1962.0,"Mumbai, Maharashtra",India,"Mumbai, Maharashtra",India,1121.0,,Automobile,"Job security, Company culture, Work-life balance",Promotions,4.1,4.0,4.0,3.9,3.9,3.5,3.3
Tata-Power-Solar,4.1,1989.0,"Mumbai, Maharashtra",India,"Mumbai, Maharashtra",India,1214.0,501-1000,Power,"Job security, Skill development, Company culture",,4.3,3.9,3.9,4.0,3.9,3.7,3.4
enGen-Global,3.9,2016.0,"Chennai, Tamil Nadu",India,"Chennai, Tamil Nadu",India,4400.0,1001-5000,IT Services & Consulting,"Work-life balance, Company culture, Job security",Promotions,3.8,4.0,3.8,3.6,3.6,3.7,3.2
Rohan-Builders,4.1,1993.0,"Pune, Maharashtra",India,"Pune, Maharashtra",India,2001.0,1001-5000,Real Estate,"Company culture, Job security, Salary",,4.0,3.8,4.0,4.0,3.8,4.0,3.5
Jaya-Hind-Industries,3.7,1947.0,"Pune, Maharashtra",India,"Pune, Maharashtra",India,2800.0,1001-5000,Auto Components,"Promotions, Job security",,3.3,3.7,3.4,3.4,3.5,3.7,3.1
KGISL,3.0,1996.0,"Coimbatore, Tamil Nadu",India,"Coimbatore, Tamil Nadu",India,1700.0,1001-5000,IT Services & Consulting,"Promotions, Salary, Skill development",,3.0,3.0,2.9,2.8,2.9,2.7,2.5
Mahindra-First-Choice-Wheels,3.8,2007.0,"Mumbai,Maharashtra",India,"Mumbai,Maharashtra",Array,1410.0,,Internet,Work-life balance,Promotions,3.6,3.8,3.7,3.5,3.6,3.6,3.2
Casagrand,3.8,2004.0,"Chennai, Tamil Nadu",India,"Chennai, Tamil Nadu",India,4358.0,1001-5000,Real Estate,,,3.9,3.5,3.7,3.6,3.5,3.4,3.1
Clarivate,3.7,2016.0,"Bangalore / Bengaluru, Karnataka",India,"Philadelphia,Pennsylvania",United States,3066.0,10001-50000,Analytics & KPO,"Work-life balance, Company culture","Promotions, Skill development",3.5,4.0,3.8,3.2,3.5,3.4,2.8
Serco,4.2,1988.0,,,Hook,England,5998.0,50001-100000,Analytics & KPO,"Work satisfaction, Company culture, Skill development",Promotions,4.0,4.0,4.1,4.1,4.2,3.7,3.3
Metso,4.1,,"Gurgaon/Gurugram, Haryana",India,"Espoo, Finland",,2201.0,10001-50000,Metals & Mining,"Company culture, Work-life balance, Job security",Promotions,3.9,4.1,4.1,3.8,3.8,3.8,3.3
Victora-Auto-Private-Limited,3.9,,,,,,,,,,,,,,,,,
Victora-Auto-Private-Limited,3.9,,,,,,,,,,,,,,,,,
Duck-Creek-Technologies,4.5,2000.0,"Mumbai, Maharashtra",India,"Boston,Massachusetts",United States,750.0,1001-5000,Software Product,"Company culture, Work-life balance, Work satisfaction",,4.0,4.6,4.6,4.2,4.4,4.2,3.8
UKG,3.0,2020.0,"Noida, Uttar Pradesh",India,,,3480.0,10001-50000,Software Product,,,2.3,3.1,3.0,2.8,2.8,3.4,2.6
Union-Bank-of-India,3.8,1919.0,"Mumbai, Maharashtra",India,"Mumbai, Maharashtra",India,73945.0,50001-100000,Banking,Job security,Promotions,4.0,3.5,3.5,3.6,3.4,3.6,3.3
AuthBridge-Research-Services,3.2,2005.0,"Gurgaon,Haryana",India,"Gurgaon,Haryana",India,2174.0,501-1000,IT Services & Consulting,"Promotions, Skill development, Job security",,2.9,3.2,3.0,2.9,3.0,3.0,2.6
Mahindra-Tractors,4.1,1945.0,Mumbai,India,Mumbai,India,21100.0,,Automobile,"Company culture, Skill development, Job security",Promotions,3.9,3.9,4.0,4.0,3.8,3.7,3.3
Sanden-Vikas,3.9,1982.0,"Faridabad, Haryana",India,"Faridabad, Haryana",India,645.0,501-1000,Auto Components,"Company culture, Work-life balance, Skill development",,3.7,3.8,3.8,3.8,3.7,3.6,3.4
Fareportal,3.0,1976.0,"Gurgaon / Gurugram, Haryana",India,"New York, New York",United States (USA),2001.0,1001-5000,Internet,,,2.7,3.0,2.8,2.8,2.8,3.0,2.5
Royal-Sundaram-General-Insurance,3.8,2001.0,"Chennai, Tamil Nadu",India,"Chennai, Tamil Nadu",India,2001.0,1001-5000,Insurance,Work-life balance,Promotions,3.6,3.9,3.7,3.4,3.5,3.4,2.9
IBS-Software-Services,3.5,1997.0,"Thiruvananthapuram,Kerala",India,"Thiruvananthapuram,Kerala",India,4013.0,1001-5000,Software Product,"Promotions, Salary, Work satisfaction",,3.7,3.4,3.5,3.3,3.2,3.0,2.9
Sutherland-Healthcare-Solutions,3.7,2002.0,,,"Clifton, New Jersey",United States (USA),3658.0,5001-10000,Analytics & KPO,Job security,"Promotions, Salary",3.9,3.7,3.6,3.4,3.5,3.2,3.0
Arvind-Lifestyle-Brands,4.0,1993.0,"Bangalore / Bengaluru, Karnataka",India,"Bangalore / Bengaluru, Karnataka",,4465.0,,Fashion & Textile,,,3.8,3.9,3.9,3.9,3.8,3.8,3.4
Bank-of-India,3.9,1906.0,"Mumbai, Maharashtra",India,"Mumbai, Maharashtra",India,52209.0,10001-50000,Banking,"Job security, Company culture, Salary",,4.1,3.7,3.8,3.7,3.7,3.8,3.6
FIITJEE,3.2,1992.0,"Delhi,NCT",India,"Delhi,NCT",India,3200.0,1001-5000,Education & Training,"Promotions, Salary, Skill development",,3.3,3.5,3.2,3.1,3.2,3.0,2.8
Greaves-Cotton,4.0,1859.0,"Mumbai, Maharashtra",India,"Mumbai, Maharashtra",India,1756.0,1001-5000,Auto Components,,,3.6,4.0,3.8,3.7,3.6,3.6,3.1
HP-India,3.8,1997.0,Bengaluru,India,Bengaluru,India,8558.0,5001-10000,Consumer Electronics & Appliances,Work-life balance,Promotions,3.5,3.8,3.7,3.6,3.6,3.4,3.0
Lumen-Technologies,3.9,1930.0,,,"Monroe,Louisiana",United States,3664.0,10001-50000,Hardware & Networking,"Work-life balance, Company culture, Job security",Promotions,3.9,4.1,3.9,3.6,3.7,3.7,3.2
Luxoft,3.6,2000.0,,,"Zug, Switzerland",Switzerland,2301.0,10001-50000,IT Services & Consulting,Work-life balance,"Promotions, Job security",3.1,3.9,3.6,3.6,3.5,3.5,2.7
Rockwell-Automation,3.7,1903.0,,,"Milwaukee, Wisconsin",United States (USA),3568.0,10001-50000,Industrial Automation,Work-life balance,Promotions,3.6,3.9,3.7,3.5,3.5,3.4,2.8
Ford-Business-Solutions,4.1,,,,,,,,,,,,,,,,,
Ford-Business-Solutions,4.1,,,,,,,,,,,,,,,,,
Medusind-Solutions,3.4,2002.0,"Mumbai,Maharashtra",India,Miami,United States,3125.0,1001-5000,IT Services & Consulting,,,3.6,3.4,3.4,3.2,3.3,3.2,3.0
Encore-Capital-Group,3.9,1953.0,,,San Diego,United States,1001.0,1001-5000,Financial Services,"Company culture, Work-life balance","Promotions, Salary",3.7,3.9,4.1,3.6,3.7,3.3,3.3
Feedback-Infrastructure-Services,3.4,1990.0,"Gurgaon/Gurugram, Haryana",India,"Gurgaon/Gurugram, Haryana",India,9500.0,5001-10000,Engineering & Construction,"Promotions, Job security, Salary",,2.9,3.5,3.3,3.1,3.3,3.0,2.8
Consolidated-Contractors,4.3,,,,,,,,,,,,,,,,,
Artech-Infosystems,3.3,1992.0,,,"Morristown, New Jersey",United States (USA),1001.0,5001-10000,Recruitment,"Promotions, Job security, Work satisfaction",,2.8,3.3,3.1,3.1,3.1,3.2,2.7
Baxter-International,3.8,1931.0,"Gurgaon / Gurugram, Haryana",India,"Deerfield, Illinois",United States (USA),5000.0,10001-50000,Healthcare,"Work-life balance, Company culture, Salary","Promotions, Job security",3.2,4.0,3.8,3.4,3.5,3.8,2.8
Teamware-Solutions,4.2,2003.0,"Chennai, Tamil Nadu",India,"Chennai, Tamil Nadu",India,1269.0,1001-5000,Recruitment,"Work-life balance, Company culture, Salary",,3.7,4.2,4.1,3.9,4.0,4.1,3.7
Ramco-Systems,3.8,1997.0,Chennai,India,Chennai,Array,1596.0,1001-5000,Software Product,Job security,"Promotions, Salary",3.8,3.6,3.6,3.7,3.6,3.3,3.1
eTeam,3.2,1999.0,,,"South Plainfield, New Jersey",United States (USA),1812.0,501-1000,Recruitment,"Promotions, Job security, Work satisfaction",,2.8,3.2,3.1,3.1,3.0,3.1,2.7
Poly-Medicure,3.5,1997.0,"Delhi/NCR, Delhi",India,"Delhi/NCR, Delhi",India,3082.0,5001-10000,Medical Equipment,"Job security, Promotions, Company culture",,3.1,3.4,3.2,3.4,3.3,3.5,3.2
Y-Axis-Overseas-Careers,4.2,1999.0,"Hyderabad/Secunderabad, Telangana",India,"Hyderabad/Secunderabad, Telangana",India,1501.0,1001-5000,Other,"Work-life balance, Skill development, Company culture",,4.0,4.2,4.0,4.2,4.0,3.9,3.8
Punj-Lloyd,3.9,1982.0,"Gurgaon/Gurugram, Haryana",India,"Gurgaon/Gurugram, Haryana",India,8775.0,5001-10000,Engineering & Construction,"Work-life balance, Company culture, Work satisfaction",,3.6,4.0,3.9,3.7,3.9,3.7,3.4
Bpo-Convergence,3.4,2014.0,"Bhubaneswar, Odisha",India,"Bhubaneswar, Odisha",India,1998.0,1001-5000,BPO,"Promotions, Salary, Work satisfaction",,3.2,3.3,3.2,3.3,3.2,3.0,2.9
Five-Star-Business-Finance,4.1,1984.0,"Chennai,Tamil Nadu",India,"Chennai,Tamil Nadu",India,11929.0,10001-50000,NBFC,"Job security, Company culture, Work-life balance",,4.0,3.9,3.9,3.8,3.8,3.8,3.6
BDO,3.2,1963.0,"Mumbai, Maharashtra",India,"Mumbai, Maharashtra",India,9001.0,50001-100000,Accounting & Auditing,"Promotions, Salary, Work satisfaction",,3.3,3.0,3.0,3.1,3.0,2.9,2.8
Rodic-Consultants,4.2,2000.0,"Delhi/NCR, Delhi",India,"Delhi/NCR, Delhi",India,2001.0,1001-5000,Engineering & Construction,"Work-life balance, Company culture, Salary",,3.7,4.2,4.1,3.9,4.0,4.0,3.6
Sunbeam-Auto,3.9,1986.0,"Gurgaon/Gurugram, Haryana",India,"Gurgaon/Gurugram, Haryana",India,3522.0,1001-5000,Auto Components,"Work-life balance, Skill development",Promotions,3.5,3.8,3.7,3.8,3.7,3.7,3.2
RR-kabel,4.1,,,,,,,,,,,,,,,,,
Qinecsa-Solutions,2.7,2006.0,,,"London, England",United Kingdom,,"1,001-5,000",Clinical Research,"Promotions, Job security, Company culture",,2.2,2.7,2.5,2.6,2.6,2.6,2.2
RR-kabel,4.1,,,,,,,,,,,,,,,,,
Zydus-Healthcare,4.0,1950.0,,,,,8001.0,,Pharma,"Salary, Company culture, Work-life balance",,3.7,3.8,3.8,3.8,3.7,4.0,3.6
Linde-India,3.9,1879.0,,,Pullach,United Kingdom (UK),227.0,201-500,Chemicals,"Company culture, Job security, Work-life balance",Promotions,3.8,3.8,3.8,3.7,3.7,3.7,3.1
Huhtamaki,3.9,1935.0,"Mumbai, Maharashtra",India,Espoo,Finland,1001.0,10001-50000,Packaging,"Work-life balance, Company culture, Skill development",Promotions,3.5,3.9,3.8,3.8,3.7,3.7,3.2
Integra-Software-Services,3.7,1994.0,Pondicherry,India,Pondicherry,India,1400.0,1001-5000,IT Services & Consulting,Job security,"Promotions, Salary",3.8,3.4,3.6,3.5,3.4,3.1,3.0
DBG-Technology,3.7,1995.0,,,Huizhou,China,2000.0,10001-50000,Electronics Manufacturing,Promotions,,3.7,3.5,3.4,3.5,3.4,3.7,3.3
Freshworks,3.4,2010.0,,,"San Mateo,California",United States,4250.0,11-50,Software Product,"Promotions, Job security, Work satisfaction",,2.9,3.5,3.3,3.2,3.2,3.6,2.9
Syneos-Health,3.6,1984.0,"Hyderabad / Secunderabad, Telangana",India,"Morrisville, North Carolina",United States (USA),3300.0,10001-50000,Clinical Research,"Promotions, Skill development",,3.4,3.7,3.5,3.2,3.4,3.5,3.0
Waaree-Energies,4.0,1989.0,"Mumbai,Maharashtra",India,"Mumbai,Maharashtra",India,1804.0,1001-5000,Power,"Salary, Job security, Work-life balance",,3.9,3.8,3.7,3.8,3.8,4.0,3.8
Principal-Global-Services,3.7,1987.0,,,Des Moines,United States (USA),3061.0,100001+,Insurance,,,4.0,3.9,3.5,3.3,3.3,3.6,3.0
Advik-Hi-Tech,3.7,2000.0,"Pune, Maharashtra",India,"Pune, Maharashtra",India,4201.0,1001-5000,Auto Components,Skill development,"Promotions, Salary",3.7,3.5,3.5,3.8,3.5,3.3,3.1
Praj-Industries,4.0,1983.0,"Pune, Maharashtra",India,"Pune, Maharashtra",Array,1844.0,1001-5000,Biotechnology,"Company culture, Job security, Work-life balance",Promotions,3.8,3.8,3.9,3.7,3.7,3.7,3.2
K-Raheja-Corp,4.2,1956.0,Mumbai,India,Mumbai,India,13001.0,10001-50000,Real Estate,"Work-life balance, Company culture, Job security",,4.1,4.2,4.1,3.9,3.9,4.0,3.4
Bill-Gosling-Outsourcing-India,3.5,1955.0,"Gurgaon/Gurugram, Haryana",India,"Gurgaon/Gurugram, Haryana",India,3000.0,5001-10000,,"Promotions, Skill development, Salary",,3.2,3.5,3.5,3.2,3.3,3.2,2.9
Prama-Hikvision-India,3.5,2009.0,,,Hangzhou,China,445.0,201-500,Electronics Manufacturing,"Promotions, Work satisfaction, Skill development",,3.4,3.5,3.3,3.3,3.2,3.5,3.0
Vastu-Housing-Finance,4.2,2015.0,"Mumbai, Maharashtra",India,"Mumbai, Maharashtra",India,3869.0,1001-5000,NBFC,"Salary, Work-life balance, Company culture",,3.9,4.1,4.0,4.0,3.9,4.1,3.8
Investors-Clinic,3.6,2009.0,"Noida, Uttar Pradesh",India,"Noida, Uttar Pradesh",India,2100.0,1001-5000,Real Estate,,,3.5,3.6,3.6,3.7,3.5,3.4,3.5
Vijaya-Diagnostic-Centre,3.8,1981.0,"Hyderabad/Secunderabad, Telangana",India,"Hyderabad/Secunderabad, Telangana",India,2218.0,1001-5000,Healthcare,Skill development,Promotions,3.6,3.7,3.6,3.8,3.7,3.5,3.2
JK-Paper,3.8,1962.0,"Delhi/NCR, Delhi",India,"Delhi/NCR, Delhi",India,2854.0,1001-5000,Pulp & Paper,Job security,Promotions,4.1,3.7,3.6,3.7,3.6,3.4,3.1
Qualitest,3.6,1997.0,,,"London, England",United Kingdom,3600.0,5001-10000,IT Services & Consulting,Work-life balance,"Promotions, Salary, Job security",3.2,3.8,3.5,3.4,3.4,3.2,2.9
Fluor-Corporation,4.1,1912.0,,,"Irving, Texas",United States,,"10,001+",Engineering & Construction,"Work-life balance, Salary, Company culture",Job security,3.1,4.2,4.0,3.8,3.8,4.1,3.6
Eveready-Industries,3.9,1934.0,"Kolkata, West Bengal",India,"Kolkata, West Bengal",India,1953.0,1001-5000,Consumer Electronics & Appliances,"Salary, Company culture, Job security",Promotions,3.8,3.8,3.8,3.6,3.6,3.9,3.2
Border-Security-Force,4.4,1965.0,"Delhi/NCR, New Delhi",India,"Delhi/NCR, New Delhi",India,265000.0,100001+,Law Enforcement & Security,"Job security, Salary, Company culture",,4.5,4.0,4.2,4.1,4.1,4.3,3.5
Zidio-Development,4.4,2024.0,"Belgaum, Karnataka",India,"Belgaum, Karnataka",India,130.0,51-200,IT Services & Consulting,"Work-life balance, Skill development, Company culture",,4.1,4.4,4.3,4.4,4.3,4.0,4.0
PUMA,4.1,1948.0,,,"Herzogenaurach, Herzogenaurach",Germany,1844.0,10001-50000,Fashion & Textile,"Company culture, Skill development, Job security",,3.9,3.9,4.0,4.0,3.8,3.8,3.5
Shivalik-Small-Finance-Bank,4.1,1997.0,"Noida, Uttar Pradesh",India,"Noida, Uttar Pradesh",India,831.0,501-1000,Banking,"Skill development, Company culture, Job security",,4.0,4.0,4.0,4.2,4.0,3.9,3.8
RenewBuy,3.3,2014.0,"Gurgaon,Haryana",India,"Gurgaon,Haryana",Array,2200.0,1001-5000,Internet,"Promotions, Job security, Skill development",,2.8,3.3,3.1,3.0,3.1,3.3,2.8
Chennai-Radha-Engineering-Works,3.9,2005.0,"Chennai, Tamil Nadu",India,"Chennai, Tamil Nadu",India,10001.0,10001-50000,Engineering & Construction,"Job security, Skill development, Work-life balance",Promotions,4.2,3.8,3.7,4.0,3.7,3.4,3.3
Intex-Technologies,3.7,1996.0,"Delhi/NCR, New Delhi",India,"Delhi/NCR, New Delhi",India,2243.0,1001-5000,Consumer Electronics & Appliances,"Promotions, Job security",,3.2,3.6,3.4,3.4,3.4,3.5,3.1
Hitachi,3.9,1910.0,,India,"Tokyo, Japan",India,33000.0,100001+,Industrial Machinery,"Company culture, Job security, Work-life balance",Promotions,3.8,3.8,3.9,3.6,3.8,3.6,3.2
Dineshchandra-R.-Agrawal-Infracon,4.0,,,,,,,,,,,,,,,,,
Aequs,3.4,1997.0,"Belagavi/Belgaum, Karnataka",India,"Belagavi/Belgaum, Karnataka",India,2077.0,1001-5000,Defence & Aerospace,"Promotions, Job security, Company culture",,3.1,3.2,3.1,3.2,3.2,3.2,2.8
Prince-Pipes-&-Fittings,4.2,1987.0,"Mumbai, Maharashtra",India,"Mumbai, Maharashtra",India,2063.0,1001-5000,Building Material,"Salary, Company culture, Job security",,4.0,4.0,4.0,4.0,3.9,4.1,3.6
IFFCO,4.1,1967.0,"Delhi/NCR, Delhi",India,"Delhi/NCR, Delhi",India,4454.0,10001-50000,Agro Chemicals,"Job security, Salary, Company culture",,4.1,4.0,4.0,3.9,4.0,4.1,3.7
Wipro-Consumer-Care-&-Lighting,3.7,1945.0,"Bangalore/Bengaluru, Karnataka",India,"Bangalore/Bengaluru, Karnataka",India,2149.0,5001-10000,FMCG,Promotions,,3.7,3.4,3.5,3.5,3.4,3.4,3.0
THE-LEELA-PALACES-HOTELS-&-RESORTS,4.0,1983.0,"Mumbai, Maharashtra",India,"Mumbai, Maharashtra",India,2499.0,1001-5000,Hospitality,"Skill development, Company culture, Job security",,4.0,3.7,4.0,4.1,3.8,3.7,3.7
Patel-Infrastructure-Limited,4.3,1972.0,"Ahmedabad, Gujarat",India,"Ahmedabad, Gujarat",India,3384.0,1001-5000,Engineering & Construction,,,3.9,4.2,4.2,4.1,4.2,4.0,3.7
Maveric-Systems,3.3,2000.0,"Chennai, Tamil Nadu",India,"Chennai, Tamil Nadu",India,2101.0,1001-5000,IT Services & Consulting,"Promotions, Salary, Work satisfaction",,3.2,3.3,3.3,3.3,3.1,3.0,2.8
Somany-Ceramics,4.2,1968.0,"Noida, Uttar Pradesh",India,"Noida, Uttar Pradesh",India,2000.0,1001-5000,Building Material,"Work-life balance, Company culture, Job security",,3.9,4.1,3.9,3.8,3.9,3.9,3.5
Credence-Resource-Management,3.0,2014.0,,,"Dallas, Texas",United States (USA),3263.0,1001-5000,BPO,"Promotions, Skill development, Company culture",,3.2,2.9,2.7,2.7,2.8,3.1,2.6
Maveric-Systems,3.3,2000.0,"Chennai, Tamil Nadu",India,"Chennai, Tamil Nadu",India,2101.0,1001-5000,IT Services & Consulting,"Promotions, Salary, Work satisfaction",,3.2,3.3,3.3,3.3,3.1,3.0,2.8
Novac-Technology-Solutions,3.6,2006.0,,India,"Chennai, Tamil Nadu",India,3501.0,1001-5000,Software Product,Job security,"Promotions, Salary, Work satisfaction",4.1,3.5,3.4,3.3,3.3,3.0,3.0
Rallis-India,4.0,1948.0,"Mumbai, Maharashtra",India,"Mumbai, Maharashtra",India,1677.0,1001-5000,Agro Chemicals,"Job security, Work-life balance, Company culture",Promotions,4.1,3.9,3.8,3.7,3.7,3.6,3.3
Patel-Infrastructure-Limited,4.3,1972.0,"Ahmedabad, Gujarat",India,"Ahmedabad, Gujarat",India,3384.0,1001-5000,Engineering & Construction,,,3.9,4.2,4.2,4.1,4.2,4.0,3.7
Reliance-BP-Mobility,3.6,2015.0,"Navi Mumbai, Maharashtra",India,"Navi Mumbai, Maharashtra",India,1898.0,100001+,Oil & Gas,"Promotions, Work satisfaction, Company culture",,3.7,3.4,3.3,3.4,3.2,3.4,2.9
Indo-Autotech,3.9,1974.0,"Faridabad, Haryana",India,"Faridabad, Haryana",India,4201.0,1001-5000,Auto Components,"Salary, Skill development",,3.6,3.7,3.6,3.8,3.6,3.9,3.7
Franklin-Templeton-Investments,3.9,1947.0,"Mumbai, Maharashtra",India,San Mateo,UnitedStates,1601.0,5001-10000,Financial Services,"Work-life balance, Company culture",Promotions,3.5,4.1,3.8,3.4,3.5,3.4,2.9
AISIN,4.1,,,,,,1881.0,201-500,Auto Components,"Work-life balance, Company culture, Job security",,4.0,4.1,4.0,4.0,3.9,3.9,3.5
Amber-Enterprises-India,3.9,1990.0,"Mumbai,Maharashtra",India,"Mumbai,Maharashtra",India,3846.0,1001-5000,Electronics Manufacturing,Skill development,,3.7,3.7,3.7,3.8,3.6,3.7,3.5
Ugro-Capital,3.7,2018.0,,India,"Mumbai, Maharashtra",India,2149.0,1001-5000,NBFC,Salary,Job security,3.3,3.6,3.5,3.5,3.5,3.9,3.4
Universal-Sompo-General-Insurance,4.3,2007.0,"Mumbai, Maharashtra",India,"Mumbai, Maharashtra",India,1944.0,1001-5000,Insurance,"Work-life balance, Company culture, Job security",,4.2,4.3,4.2,4.2,4.1,4.2,4.0
Careernet,3.6,1999.0,Bangalore,India,Bangalore,Array,2001.0,1001-5000,Recruitment,"Promotions, Work satisfaction, Salary",,3.3,3.5,3.5,3.3,3.2,3.2,3.0
Cigniti-Technologies,3.8,1998.0,"Hyderabad / Secunderabad, Telangana",India,"Irving, Texas",United States (USA),3444.0,1001-5000,IT Services & Consulting,Promotions,,3.5,3.7,3.5,3.6,3.5,3.6,3.3
Engineers-India,4.2,1965.0,"Delhi/NCR, New Delhi",India,"Delhi/NCR, New Delhi",India,2650.0,1001-5000,Engineering & Construction,"Work-life balance, Company culture, Skill development",,3.9,4.2,4.1,4.1,4.1,3.9,3.4
Microtek-International,3.7,1980.0,"Delhi/NCR, Delhi",India,"Delhi/NCR, Delhi",India,1560.0,501-1000,Consumer Electronics & Appliances,"Promotions, Salary, Company culture",,3.5,3.7,3.3,3.4,3.5,3.3,3.0
Nippon-Koei-India,4.8,2008.0,"Delhi/NCR, Delhi",India,"Delhi/NCR, Delhi",India,1001.0,1001-5000,Engineering & Construction,"Company culture, Work-life balance, Salary",,4.4,4.7,4.7,4.4,4.6,4.6,4.4
NTT,3.8,2006.0,,,"London, England",Australia,37000.0,100001+,IT Services & Consulting,"Job security, Work-life balance, Skill development",Promotions,3.8,3.8,3.7,3.8,3.6,3.5,3.2
Radical-Minds,2.9,2010.0,"Gurgaon/Gurugram, Haryana",India,"Gurgaon/Gurugram, Haryana",India,5500.0,1001-5000,BPO,"Promotions, Salary, Job security",,2.6,2.8,2.7,2.8,2.7,2.6,2.4
Ask-Automotive,4.2,1988.0,"Gurgaon/Gurugram, Haryana",India,"Gurgaon/Gurugram, Haryana",India,1571.0,1001-5000,Auto Components,"Job security, Work-life balance, Company culture",,4.1,4.1,4.0,4.0,4.0,4.0,3.8
Jai-Balaji-Group,3.2,1999.0,"Kolkata, West Bengal",India,"Kolkata, West Bengal",India,4570.0,1001-5000,Iron & Steel,"Promotions, Salary, Company culture",,3.1,3.1,2.9,3.1,3.1,2.8,2.5
Jai-Balaji-Group,3.2,1999.0,"Kolkata, West Bengal",India,"Kolkata, West Bengal",India,4570.0,1001-5000,Iron & Steel,"Promotions, Salary, Company culture",,3.1,3.1,2.9,3.1,3.1,2.8,2.5
Petpooja,4.0,2011.0,"Ahmedabad, Gujarat",India,"Ahmedabad, Gujarat",India,2000.0,1001-5000,Software Product,,,3.6,3.9,3.9,3.9,3.8,3.7,3.5
Edubridge-Learning,3.9,2009.0,"Mumbai,Maharashtra",India,"Mumbai,Maharashtra",India,501.0,501-1000,EdTech,"Skill development, Company culture, Salary",,3.7,3.8,3.8,3.9,3.7,3.8,3.6
Skill-Lync,3.1,2015.0,,,"Palo Alto, California",United States (USA),2109.0,1001-5000,EdTech,"Job security, Promotions, Work satisfaction",,2.5,3.0,3.0,3.0,2.9,3.2,2.8
Action-Construction-Equipment,3.7,1995.0,"Faridabad, Haryana",India,"Faridabad, Haryana",,1492.0,1001-5000,Industrial Machinery,Promotions,,3.4,3.6,3.5,3.4,3.5,3.6,3.2
Hilti,3.4,1997.0,"Gurgaon / Gurugram, Haryana",India,Schaan,Liechtenstein,1121.0,10001-50000,Industrial Machinery,"Promotions, Work satisfaction",,3.4,3.5,3.5,3.5,3.1,3.4,2.8
Denave,3.5,1999.0,"Noida, Uttar Pradesh",India,"Noida, Uttar Pradesh",India,714.0,1001-5000,Marketing & Advertising,"Promotions, Job security, Skill development",,3.0,3.6,3.4,3.1,3.3,3.2,2.8
Axtria,2.8,2010.0,"Gurgaon/Gurugram, Haryana",India,"Berkeley Heights,New Jersey",United States,2818.0,1001-5000,Software Product,"Work satisfaction, Promotions, Work-life balance",,2.8,2.6,2.6,2.7,2.5,3.0,2.6
First-Advantage,3.4,2003.0,,,"Atlanta,Georgia",United States,3700.0,1001-5000,Recruitment,"Promotions, Skill development, Work satisfaction",,3.4,3.4,3.4,3.0,3.2,3.2,2.7
Allied-Digital-Services,3.1,1995.0,"Mumbai, Maharashtra",India,"Mumbai, Maharashtra",India,1783.0,1001-5000,IT Services & Consulting,"Promotions, Skill development, Work satisfaction",,3.1,3.2,3.0,2.8,2.9,2.9,2.5
Ascendion,3.2,2022.0,,India,"Basking Ridge, NJ",,3289.0,10001-50000,IT Services & Consulting,"Promotions, Job security, Work satisfaction",,2.9,3.3,3.2,3.2,3.1,3.2,2.7
Progressive-Infotech,3.3,1998.0,"Noida, Uttar Pradesh",India,"Noida, Uttar Pradesh",India,1001.0,1001-5000,IT Services & Consulting,"Promotions, Salary, Company culture",,3.2,3.1,3.0,3.3,3.1,3.0,2.7
Hitachi-Digital-Services,3.5,2023.0,"Hyderabad/Secunderabad, Telangana",India,Santa Clara,USA,1500.0,5001-10000,IT Services & Consulting,,,3.4,3.7,3.4,3.4,3.2,3.4,2.7
Creative-Synergies-Group,3.9,2011.0,"Bengaluru/Bangalore, Karnataka",India,Okemos (MI),USA,1499.0,501-1000,IT Services & Consulting,"Salary, Work-life balance, Company culture",,3.4,3.9,3.8,3.7,3.7,3.9,3.4
Toyo-Engineering,4.0,1961.0,Mumbai,India,Mumbai,India,2300.0,1001-5000,Engineering & Construction,"Company culture, Job security, Salary",,3.8,3.6,3.8,3.8,3.7,3.8,3.4
Pratap-Technocrats,3.8,1998.0,"Jaipur, Rajasthan",India,"Jaipur, Rajasthan",India,10001.0,10001-50000,Telecom,Promotions,,3.5,3.7,3.5,3.7,3.5,3.4,3.3
Fleetguard-Filters-Private-Limited,4.3,,,,,,,,,,,,,,,,,
People-Tech-Group,2.3,2006.0,,,"Redmond, Washington",,1896.0,1001-5000,IT Services & Consulting,"Job security, Promotions, Salary",,1.8,2.4,2.2,2.4,2.3,2.1,1.9
Reliance-Smart,4.1,,,,,,,,,,,,,,,,,
Ksb-Pumps,3.7,1960.0,"Pune, Maharashtra",India,"Pune, Maharashtra",Germany,2380.0,1001-5000,Industrial Machinery,Job security,Promotions,3.8,3.6,3.5,3.7,3.5,3.4,3.2
Lenovo,4.0,1984.0,"Bangalore / Bengaluru, Karnataka",India,Hong Kong,,1972.0,50001-100000,Consumer Electronics & Appliances,,,3.8,4.0,4.0,3.8,3.8,3.8,3.4
Lea-Associates-South-Asia,4.3,1993.0,"Delhi/NCR, Delhi",India,"Delhi/NCR, Delhi",India,1350.0,201-500,Engineering & Construction,"Work-life balance, Company culture, Job security",,4.0,4.2,4.1,4.0,4.0,3.9,3.6
JioStar,3.5,,,,,,3573.0,,Media & Entertainment,"Promotions, Job security, Skill development",,3.0,3.4,3.3,3.1,3.2,3.3,2.6
Forever-Living-Products,4.3,1978.0,,,"Scottsdale, Arizona",United States (USA),2498.0,10001-50000,Fitness & Wellness,"Company culture, Skill development, Job security",,4.2,4.2,4.3,4.3,4.1,4.1,4.0
Fidelity-International,3.6,1969.0,"New Delhi, Delhi",India,"London, United Kingdom",United Kingdom (UK),4501.0,5001-10000,Financial Services,"Promotions, Job security, Work satisfaction",,3.2,3.7,3.5,3.3,3.3,3.6,3.0
Quatrro-Business-Support-Services,3.3,,,,,,,,Recruitment,"Promotions, Skill development, Salary",,3.2,3.4,3.2,3.0,3.2,3.1,2.8
JM-Financial,3.8,1984.0,"Mumbai, Maharashtra",India,"Mumbai, Maharashtra",India,4680.0,1001-5000,Financial Services,Work-life balance,Promotions,3.6,3.8,3.7,3.4,3.5,3.7,3.2
Alivus-Life-Sciences,3.8,1977.0,Mumbai,India,Mumbai,Array,2014.0,,Pharma,Job security,Promotions,4.0,3.5,3.5,3.6,3.4,3.7,3.1
Neurealm,3.4,1998.0,"Chennai, Tamil Nadu",India,"Princeton, New Jersey",United States (USA),3556.0,1001-5000,IT Services & Consulting,,,3.0,3.4,3.2,3.1,3.1,3.3,2.9
Creambell,3.9,1991.0,"Baddi, Himachal Pradesh",India,"Baddi, Himachal Pradesh",India,1518.0,1001-5000,Food Processing,Salary,Promotions,3.5,3.7,3.5,3.5,3.6,3.9,3.3
Forvia-Hella,3.8,,,,,,,,,,,,,,,,,
VA-Tech-Wabag,3.8,1924.0,"Chennai, Tamil Nadu",India,"Chennai, Tamil Nadu",India,1000.0,1001-5000,Waste Management,Job security,Promotions,4.0,3.7,3.5,3.7,3.5,3.5,3.1
Central-Industrial-Security-Force,4.3,1969.0,"Delhi/NCR, New Delhi",India,"Delhi/NCR, New Delhi",India,220000.0,100001+,Law Enforcement & Security,"Job security, Salary, Skill development",Promotions,4.5,3.8,3.7,3.9,3.7,4.1,3.2
Wabtec,3.9,1872.0,,,"Wilmerding, Pennsylvania",United States (USA),3000.0,10001-50000,Auto Components,"Job security, Work-life balance",Promotions,3.8,3.8,3.6,3.6,3.6,3.7,3.2
BNP-Paribas-India-Solutions,3.6,1848.0,,,Paris,France,6001.0,10001-50000,IT Services & Consulting,"Job security, Work-life balance","Promotions, Salary, Work satisfaction",4.0,3.8,3.5,3.3,3.3,3.1,2.8
Assystem,3.2,1994.0,,,Paris,France,1500.0,5001-10000,Engineering & Construction,"Promotions, Job security, Skill development",,2.9,3.3,3.0,3.0,3.1,3.1,2.7
Bunge-India,3.9,2000.0,,India,"St. Louis, United States",,1705.0,1001-5000,Food Processing,"Job security, Salary, Work-life balance",Promotions,3.9,3.9,3.6,3.6,3.6,3.9,3.1
Bses-Rajdhani-Power,3.8,2001.0,"Delhi/NCR, New Delhi",India,"Delhi/NCR, New Delhi",India,2014.0,5001-10000,Power,"Job security, Work-life balance","Promotions, Salary",4.1,4.0,3.6,3.5,3.6,3.3,2.9
Wapcos,3.2,1969.0,"Gurgaon/Gurugram, Haryana",India,"Gurgaon/Gurugram, Haryana",India,985.0,1001-5000,Engineering & Construction,"Promotions, Salary, Job security",,2.7,3.3,2.9,3.0,3.0,2.7,2.4
ManipalCigna-Health-Insurance,3.7,,,,,,,,,,,,,,,,,
Amadeus,3.7,1987.0,"Bengaluru/Bangalore, Karnataka",India,"Bengaluru/Bangalore, Karnataka",Spain,3406.0,10001-50000,Software Product,"Work-life balance, Job security","Promotions, Work satisfaction, Skill development",4.0,4.1,3.7,3.3,3.3,3.6,3.0
Orion-Edutech,3.3,2006.0,Kolkata,India,Kolkata,India,6130.0,1001-5000,EdTech,"Promotions, Salary, Job security",,3.0,3.4,3.3,3.3,3.1,3.0,2.8
Wipro-Infrastructure-Engineering,3.7,,,,,,,,,,,,,,,,,
Times-Internet,3.5,1999.0,"Gurgaon,Haryana",India,"Gurgaon,Haryana",India,10236.0,10001-50000,Internet,"Promotions, Skill development, Work satisfaction",,3.2,3.7,3.4,3.1,3.2,3.3,2.8
McDermott-International,4.2,1923.0,,,"Houston, Texas",United States (USA),2361.0,10001-50000,Engineering & Construction,"Company culture, Salary, Work-life balance",,3.9,4.1,4.1,3.9,4.0,4.1,3.5
Better.com,3.0,,,,,,,,,,,,,,,,,
Brane-Enterprises,2.1,2017.0,"Hyderabad/Secunderabad, Telangana",India,"Hyderabad/Secunderabad, Telangana",India,600.0,1001-5000,Software Product,,,1.9,2.5,2.1,2.3,2.1,2.4,2.1
Zee-Entertainment-Enterprises,3.4,1992.0,Mumbai,India,Mumbai,India,2486.0,1001-5000,Media & Entertainment,"Promotions, Job security, Work satisfaction",,2.8,3.4,3.2,3.2,3.1,3.2,2.6
National-Informatics-Centre,3.9,1976.0,New Delhi,India,New Delhi,India,1940.0,1001-5000,Government,Work-life balance,"Promotions, Job security",3.2,3.9,3.4,3.4,3.6,3.4,3.0
Celebal-Technologies,3.0,2016.0,"Jaipur, Rajasthan",India,"Jaipur, Rajasthan",India,1961.0,1001-5000,IT Services & Consulting,"Job security, Promotions, Company culture",,2.6,3.0,2.8,3.4,3.0,3.0,2.7
HSBC-Software-Development,4.1,,,,,,10000.0,,Software Product,"Work-life balance, Company culture, Job security",,3.9,4.2,4.1,3.9,3.8,3.7,3.4
TO-THE-NEW,3.6,2008.0,"Noida,Uttar Pradesh",India," Singapore, Malaysia",India,1973.0,1001-5000,IT Services & Consulting,Promotions,,3.5,3.5,3.7,3.5,3.4,3.4,3.1
Protiviti,3.0,2002.0,,,"Menlo Park, California",,4911.0,5001-10000,Management Consulting,"Work satisfaction, Promotions, Skill development",,3.0,3.0,2.9,2.9,2.8,2.9,2.8
Padget-Electronics,3.8,,,,,,2372.0,,Electronics Manufacturing,Promotions,,3.5,3.6,3.5,3.7,3.6,3.5,3.3
Dunzo,3.5,2014.0,"Bangalore,Karnataka",India,"Bangalore,Karnataka",India,2300.0,201-500,Internet,"Job security, Promotions, Skill development",,2.5,3.5,3.4,3.3,3.4,3.5,3.0
India-Japan-Lighting,4.1,1997.0,"Chennai, Tamil Nadu",India,"Tokyo, Tokyo Metropolis",Japan,1060.0,1001-5000,Auto Components,,,4.1,4.0,4.1,4.0,4.0,3.8,3.6
Samsung-E&A,3.9,,,,,,,,,,,,,,,,,
Ameriprise-Financial,3.7,1894.0,,,"Minneapolis, Minnesota",United States (USA),3440.0,10001-50000,Financial Services,"Job security, Work-life balance","Promotions, Skill development",3.8,3.8,3.6,3.3,3.4,3.5,3.1
BCD-Travel,4.3,2006.0,"Mumbai, Maharashtra",India,"Utrecht, Utrecht",Netherlands,2000.0,10001-50000,Travel & Tourism,"Job security, Company culture, Work-life balance",,4.4,4.3,4.3,4.2,4.2,3.7,3.8
CMS-Computers-Limited-(INDIA),3.6,,,,,,,,,,,,,,,,,
Finolex-Cables,3.7,1956.0,Pune,India,Pune,India,1594.0,1001-5000,Electrical Equipment,Job security,"Promotions, Salary",3.8,3.7,3.5,3.4,3.5,3.2,2.9
Sharda-Motor-Industries,3.7,1986.0,"Delhi/NCR, Delhi",India,"Delhi/NCR, Delhi",India,1061.0,1001-5000,Auto Components,Promotions,,3.7,3.7,3.5,3.6,3.5,3.5,3.2
1-India-Family-Mart,4.6,2012.0,"Gurgaon,Haryana",India,"Gurgaon,Haryana",India,3001.0,1001-5000,Retail,"Company culture, Work-life balance, Job security",,4.5,4.6,4.6,4.5,4.5,4.4,4.3
Steel-Authority-Of-India,4.1,1954.0,"Delhi/NCR, Delhi",India,"Delhi/NCR, Delhi",India,11452.0,50001-100000,Iron & Steel,"Job security, Work-life balance, Company culture",,4.2,4.1,3.9,3.9,3.9,3.7,3.5
Vaaman-Engineers,3.8,1990.0,Mumbai,India,Mumbai,India,3501.0,1001-5000,Engineering & Construction,Promotions,,3.6,3.6,3.5,3.6,3.6,3.7,3.3
Veradigm,3.7,,,,,,,,Software Product,Work-life balance,Promotions,3.4,3.8,3.7,3.4,3.5,3.7,2.9
UnitedLex,2.7,2006.0,"Gurgaon / Gurugram, Haryana",India,"New York, New York",United States (USA),1601.0,1001-5000,Analytics & KPO,"Promotions, Job security, Salary",,2.2,2.9,2.7,2.5,2.5,2.4,2.0
Hapag-Lloyd,3.8,1847.0,,,Hamburg,Germany,3001.0,10001-50000,Ports & Shipping,"Company culture, Job security, Work-life balance","Promotions, Salary",3.9,3.8,3.9,3.6,3.6,3.2,3.0
India-Cements,3.8,1946.0,"Chennai, Tamil Nadu",India,"Chennai, Tamil Nadu",India,1719.0,1001-5000,Building Material,Job security,Promotions,3.8,3.7,3.7,3.5,3.6,3.6,3.1
Exicom,4.0,1994.0,"Gurgaon,Haryana",India,"Gurgaon,Haryana",India,863.0,11-50,Semiconductors,"Company culture, Work-life balance, Job security",Promotions,3.9,4.0,4.0,3.7,3.8,3.6,3.3
CADD-Centre-Training-Services,4.0,1988.0,"Chennai, Tamil Nadu",India,"Chennai, Tamil Nadu",India,2784.0,1001-5000,Education & Training,"Skill development, Work-life balance","Promotions, Salary",3.5,3.8,3.7,4.1,3.7,3.3,3.2
Mott-MacDonald,4.0,1989.0,"Mumbai, Maharashtra",India,"Croydon, Surrey",United Kingdom (UK),1500.0,10001-50000,Management Consulting,"Work-life balance, Company culture, Salary",Promotions,3.6,4.1,4.0,3.7,3.8,3.9,3.3
Bitwise-Solutions,3.7,1996.0,,,"Schaumburg, Chicago",United States (USA),1601.0,1001-5000,IT Services & Consulting,Work-life balance,Promotions,3.4,3.8,3.7,3.6,3.5,3.4,3.1
Transrail-Lighting,4.0,2008.0,"Mumbai, Maharashtra",India,"Mumbai, Maharashtra",India,2300.0,1001-5000,Engineering & Construction,"Job security, Salary, Work-life balance",,4.0,3.8,3.7,3.7,3.7,3.9,3.5
Mindsprint,3.6,2007.0,,India,Singapore,Singapore,2681.0,1001-5000,IT Services & Consulting,,,3.7,3.4,3.4,3.6,3.4,3.6,3.1
Livguard,3.9,2014.0,"Gurgaon,Haryana",India,"Gurgaon,Haryana",India,2747.0,501-1000,Electronics Manufacturing,Promotions,,3.7,3.7,3.6,3.6,3.6,3.6,3.2
Integreon,3.2,2000.0,,,"Fargo, North Dakota",United States (USA),1700.0,1001-5000,BPO,"Promotions, Work satisfaction, Salary",,3.2,3.1,3.2,3.1,2.9,2.9,2.5
Aurigo-Software-Technologies,4.6,2003.0,"Bangalore / Bengaluru, Karnataka",India,"Austin, Texas",United States (USA),538.0,501-1000,Software Product,,,4.6,4.7,4.7,4.6,4.6,4.6,4.6
LifeCell-International,3.4,2004.0,"Chennai,Tamil Nadu",India,"Chennai,Tamil Nadu",India,2159.0,1001-5000,Biotechnology,"Promotions, Job security, Work satisfaction",,2.9,3.2,3.2,3.2,3.1,3.2,2.9
ESL-Steel,3.8,2006.0,Jharkhand,India,Jharkhand,India,7500.0,5001-10000,Iron & Steel,"Salary, Skill development",Promotions,3.7,3.7,3.5,3.8,3.5,3.8,3.2
Primus-Global-Technologies,3.7,2002.0,,,"Irving, Texas",United States (USA),25.0,1001-5000,IT Services & Consulting,"Promotions, Job security",,3.2,3.7,3.5,3.4,3.5,3.5,3.1
Religare,3.6,1984.0,"New Delhi, Delhi",India,"New Delhi, Delhi",India,1142.0,1001-5000,Financial Services,"Promotions, Skill development, Salary",,3.6,3.6,3.6,3.2,3.4,3.3,3.0
Neuland-Laboratories,4.0,1984.0,"Hyderabad/Secunderabad, Telangana",India,"Hyderabad/Secunderabad, Telangana",India,2100.0,1001-5000,Pharma,,,3.4,3.8,3.9,3.7,3.7,3.8,3.4
Isuzu-Motors,4.1,2012.0,,,Tokyo,Japan,1600.0,501-1000,Automobile,"Company culture, Job security, Work-life balance",,4.1,4.0,4.1,4.0,3.8,3.5,3.4
Writer-Information-Management-Services,3.1,1987.0,Mumbai,India,Mumbai,India,4501.0,5001-10000,BPO,"Promotions, Salary, Work satisfaction",,2.9,3.1,3.0,2.9,2.9,2.7,2.4
EMERSON-PROCESS-MANAGEMENT,4.1,1890.0,,,"St. Louis, Missouri",United States (USA),1300.0,10001-50000,Industrial Automation,"Company culture, Job security, Work-life balance",Promotions,3.9,3.9,4.1,3.8,3.8,3.6,3.2
Stellantis,3.4,,,,,,2500.0,,Automobile,"Promotions, Job security, Work satisfaction",,3.1,3.5,3.2,3.2,3.2,3.2,2.8
SLK-Global-Services,4.0,,,,,,,,,,,,,,,,,
Greenply,3.8,1984.0,"Gurgaon/Gurugram, Haryana",India,"Gurgaon/Gurugram, Haryana",India,2634.0,1001-5000,Building Material,Salary,,3.4,3.5,3.5,3.5,3.4,4.1,3.4
Sterling-Tools,4.5,1979.0,"Faridabad, Haryana",India,"Faridabad, Haryana",India,636.0,501-1000,Auto Components,"Company culture, Job security, Salary",,4.5,4.5,4.5,4.5,4.5,4.5,4.4
Deepak-Nitrite,3.9,,,,,,,,,,,,,,,,,
Galfar,3.9,1972.0,,,Muscat,Oman,2430.0,10001-50000,Engineering & Construction,"Job security, Work-life balance, Skill development",Promotions,3.9,3.9,3.7,3.8,3.7,3.6,3.0
Google-Operations-Center,3.5,,,,,,3361.0,,BPO,Work-life balance,"Promotions, Work satisfaction",3.4,3.8,3.6,3.4,3.2,3.5,2.7
Boeing,3.8,1916.0,,,"Arlington, VA",UnitedStates,7001.0,100001+,Aviation,Work-life balance,Promotions,3.6,4.1,3.7,3.5,3.5,3.6,3.0
Mswipe-Technologies,3.2,2011.0,"Mumbai,Maharashtra",India,"Mumbai,Maharashtra",India,2250.0,1001-5000,FinTech,"Promotions, Job security, Work satisfaction",,2.8,3.1,3.0,3.2,3.0,3.0,2.7
Care-Hospital,4.1,1997.0,"Hyderabad/Secunderabad, Telangana",India,"Hyderabad/Secunderabad, Telangana",India,5025.0,5001-10000,Healthcare,"Skill development, Company culture, Job security",,4.0,4.0,4.0,4.1,3.9,3.7,3.5
Smollan-Group,3.9,1931.0,,,Johannesburg,SouthAfrica,23225.0,50001-100000,Marketing & Advertising,"Company culture, Work-life balance",Promotions,3.7,3.8,3.8,3.7,3.6,3.4,3.2
OLX-India,3.7,2006.0,"Gurgaon / Gurugram, Haryana",India,"Gurgaon / Gurugram, Haryana",India,500.0,201-500,Internet,Salary,"Promotions, Job security",3.2,3.7,3.6,3.5,3.5,3.9,3.2
Sun-Life-Financial,3.8,1865.0,,,"Toronto, Ontario",Canada,3084.0,10001-50000,Financial Services,"Job security, Work-life balance, Company culture",Promotions,4.1,4.0,3.9,3.4,3.5,3.5,3.1
Rackspace,3.8,1998.0,,,"San Antonio,Texas",United States,2200.0,5001-10000,IT Services & Consulting,"Work-life balance, Company culture, Salary","Promotions, Job security",3.1,4.1,3.8,3.6,3.6,3.8,3.1
RITES,3.9,1974.0,"Gurgaon/Gurugram, Haryana",India,"Gurgaon/Gurugram, Haryana",India,1755.0,1001-5000,Engineering & Construction,"Work-life balance, Skill development, Work satisfaction",Promotions,3.6,3.9,3.7,3.8,3.8,3.6,3.1
GirnarSoft,3.6,2007.0,"Jaipur,Rajasthan",India,"Jaipur,Rajasthan",India,2501.0,1001-5000,IT Services & Consulting,"Promotions, Job security, Skill development",,3.1,3.6,3.6,3.3,3.4,3.5,3.0
ASG-Eye-Hospital,3.5,2005.0,Jodhpur,India,Jodhpur,India,589.0,501-1000,Healthcare,"Promotions, Work satisfaction, Salary",,3.1,3.3,3.1,3.3,3.1,3.1,2.7
Indusind-Marketing-&-Financial-Services,3.7,2002.0,"Chennai, Tamil Nadu",India,"Chennai, Tamil Nadu",India,940.0,501-1000,Financial Services,"Promotions, Salary",,3.5,3.7,3.5,3.6,3.5,3.3,3.1
The-Akshaya-Patra-Foundation,4.4,,,,,,,,,,,,,,,,,
Electrosteel-Casting,3.6,1955.0,"Kolkata, West Bengal",India,"Kolkata, West Bengal",India,3015.0,1001-5000,Building Material,Job security,"Promotions, Salary",3.9,3.7,3.5,3.4,3.5,3.1,3.0
Volkswagen-Group-Digital-Solutions-[India],3.9,,,,,,,,,,,,,,,,,
LG-Soft-India,2.8,1996.0,"Bangalore/Bengaluru, Karnataka",India,"Bangalore/Bengaluru, Karnataka",India,2556.0,1001-5000,IT Services & Consulting,"Promotions, Work satisfaction, Skill development",,3.5,3.0,2.5,2.5,2.5,2.7,2.4
V-Trans,3.8,1958.0,"Mumbai, Maharashtra",India,"Mumbai, Maharashtra",India,3237.0,1001-5000,Logistics,Job security,Promotions,3.8,3.7,3.7,3.5,3.6,3.6,3.1
Redcliffe-Labs,4.0,,,,,,,,,,,,,,,,,
Evision-Technoserve,4.8,2012.0,"Delhi/NCR, Delhi",India,"Delhi/NCR, Delhi",India,56.0,51-200,IT Services & Consulting,"Company culture, Work-life balance, Work satisfaction",,4.3,4.6,4.6,4.4,4.5,4.4,4.3
Delta-Electronics,3.9,1992.0,"Gurgaon/Gurugram, Haryana",India,"Gurgaon/Gurugram, Haryana",India,3500.0,50001-100000,Electronics Manufacturing,"Job security, Work-life balance",Promotions,3.9,3.8,3.6,3.6,3.6,3.6,3.1
Lavender-Technology,4.9,2010.0,"Mumbai, Maharashtra",India,USA,,10000.0,10001-50000,IT Services & Consulting,"Company culture, Skill development, Promotions",,4.3,4.4,4.5,4.5,4.3,4.3,4.5
BDO-India-LLP,3.2,1973.0,"Mumbai, Maharashtra",India,New Delhi,India,10001.0,5001-10000,Accounting & Auditing,"Promotions, Work satisfaction, Salary",,3.3,3.1,3.0,3.0,2.9,2.9,2.7
Vertex-Customer-Solutions,3.5,2010.0,Panchkula,India,Panchkula,India,5001.0,5001-10000,IT Services & Consulting,"Salary, Work satisfaction, Promotions",,3.3,3.4,3.5,3.5,3.2,3.1,3.2
McKinsey-&-Company,3.8,1926.0,,,New York,,850.0,100001+,Management Consulting,,,3.5,3.5,3.9,3.7,3.6,3.8,3.2
B.-G.-Shirke-Construction-Technology,4.2,,,,,,,,,,,,,,,,,
Sterlite-Power,4.0,2010.0,"Delhi/NCR, Delhi",India,"Delhi/NCR, Delhi",India,556.0,501-1000,Power,"Salary, Company culture, Work-life balance",,3.7,3.9,3.9,3.9,3.8,4.1,3.6
Turtlemint,3.7,2015.0,"Mumbai,Maharashtra",India,"Mumbai,Maharashtra",India,2463.0,51-200,Internet,"Promotions, Job security",,3.3,3.7,3.6,3.6,3.5,3.7,3.2
Eugia-Pharma-Specialities,4.0,2013.0,,,"Hyderabad / Secunderabad, Telangana",India,2274.0,1001-5000,Pharma,"Job security, Salary, Work-life balance",,4.4,3.8,3.5,3.7,3.7,4.0,3.4
Molex,3.8,1938.0,,,"Lisle, Illinois",United States (USA),920.0,10001-50000,Electronics Manufacturing,"Company culture, Work-life balance",Promotions,3.7,3.8,3.8,3.6,3.6,3.7,3.0
Expleo-Solutions,3.5,1982.0,"Chennai, Tamil Nadu",India,,,3948.0,10001-50000,IT Services & Consulting,"Promotions, Salary, Job security",,3.2,3.5,3.4,3.3,3.3,3.2,3.0
AI-Airport-Services,3.3,,,,,,14000.0,,Aviation,"Promotions, Company culture, Work satisfaction",,3.1,3.2,3.0,3.3,3.1,3.1,2.6
Ag-Industries,3.9,1991.0,"Delhi/NCR, New Delhi",India,"Delhi/NCR, New Delhi",India,3153.0,1001-5000,Auto Components,"Work-life balance, Job security, Work satisfaction",,3.8,3.9,3.7,3.7,3.8,3.4,3.4
Mitsubishi-Electric-India,4.2,2010.0,"Gurgaon / Gurugram, Haryana",India,"Chiyoda City, Tokyo",Japan,1000.0,100001+,Electronics Manufacturing,"Work-life balance, Company culture, Job security",,4.1,4.2,4.1,3.8,3.9,3.8,3.4
Adidas,3.9,1949.0,"Gurgaon / Gurugram, Haryana",India,"Herzogenaurach, Bavaria",Germany,2344.0,50001-100000,Fashion & Textile,"Salary, Work-life balance",Promotions,3.4,4.0,3.7,3.6,3.6,4.1,3.1
Nvidia,3.5,1993.0,,,"Santa Clara, California",United States (USA),4522.0,10001-50000,Hardware & Networking,"Promotions, Work satisfaction, Skill development",,3.2,3.3,3.4,3.1,3.1,3.1,2.7
Home-First-Finance-Company-India,3.5,,,,,,,,,,,,,,,,,
DuPont,4.2,1802.0,,,"Wilmington, Delaware Valley",United States (USA),1072.0,10001-50000,Waste Management,"Company culture, Job security, Work-life balance",Promotions,4.3,4.3,4.4,3.9,4.0,3.7,3.3
Koch-Business-Solutions,3.1,1940.0,,,"Wichita, Kansas",US,1749.0,100001+,IT Services & Consulting,,,2.7,3.4,3.0,3.0,3.0,3.5,2.7
TDK-India-Private-Limited,3.9,,,,,,,,,,,,,,,,,
Bristlecone,3.7,1998.0,"Pune, Maharashtra",India,"Pune, Maharashtra",India,2571.0,1001-5000,IT Services & Consulting,Work-life balance,Promotions,3.5,3.8,3.6,3.4,3.4,3.4,3.1
R.V.R.-PROJECTS,3.9,,,,,,,,,,,,,,,,,
ffreedom-app,3.5,2020.0,"Bengaluru/Bangalore, Karnataka",India,"Bengaluru/Bangalore, Karnataka",,1000.0,201-500,Internet,"Job security, Work satisfaction, Promotions",,3.1,3.4,3.4,3.5,3.3,3.4,3.3
Trianz,3.5,2001.0,"Bangalore / Bengaluru, Karnataka",India,"Santa Clara, California",US,2053.0,1001-5000,IT Services & Consulting,,,3.2,3.7,3.4,3.4,3.4,3.6,3.2
Bikanervala,3.9,1950.0,"Delhi/NCR, New Delhi",India,"Delhi/NCR, New Delhi",India,1821.0,1001-5000,FMCG,Work-life balance,Promotions,3.7,3.8,3.6,3.7,3.6,3.6,3.3
BSH-Home-Appliances-Group,3.8,,,,,,,,,,,,,,,,,
Tavant-Technologies,3.8,2000.0,,,"Santa Clara, California",United States (USA),1736.0,1001-5000,IT Services & Consulting,"Work-life balance, Company culture",Promotions,3.6,3.9,3.8,3.6,3.5,3.6,3.1
JSW-Energy,4.1,1994.0,Mumbai,India,Mumbai,India,3129.0,1001-5000,Power,"Job security, Salary, Work-life balance",,4.3,4.0,3.8,3.9,3.8,4.0,3.4
URC-Construction,3.6,,,,,,,,,,,,,,,,,
JSW-Energy,4.1,1994.0,Mumbai,India,Mumbai,India,3129.0,1001-5000,Power,"Job security, Salary, Work-life balance",,4.3,4.0,3.9,3.9,3.8,4.0,3.4
Razorpay,3.4,2014.0,"Bangalore,Karnataka",India,"Bangalore,Karnataka",India,3933.0,1001-5000,FinTech,"Promotions, Work satisfaction, Job security",,3.2,3.3,3.4,3.4,3.1,3.3,2.8
uFaber,2.2,2013.0,"Mumbai,Maharashtra",India,"Mumbai,Maharashtra",India,3000.0,1001-5000,Education & Training,"Promotions, Salary, Job security",,2.0,2.4,2.1,2.4,2.2,2.0,1.9
Medreich,3.9,1976.0,"Bangalore/Bengaluru, Karnataka",India,"Bangalore/Bengaluru, Karnataka",India,3500.0,1001-5000,Pharma,,,4.2,3.7,3.5,3.7,3.6,3.7,3.5
Biba-Apparels,3.5,1986.0,Gurgaon,India,Gurgaon,India,3200.0,1001-5000,Fashion & Textile,"Promotions, Work satisfaction, Salary",,3.4,3.5,3.3,3.4,3.3,3.3,3.0
Eastman-Auto-and-Power-Limited,3.9,,,,,,,,,,,,,,,,,
Genus-Power-Infrastructures,3.9,,,,,,,,,,,,,,,,,
Rentokil-Pest-Control,3.6,1954.0,"Mumbai, Maharashtra",India,"Mumbai, Maharashtra",India,6617.0,5001-10000,Facility Management Services,"Promotions, Salary, Work satisfaction",,3.7,3.5,3.4,3.5,3.3,3.2,2.8
XcelServ-Solutions,4.4,,,,,,,,,,,,,,,,,
Bahwan-CyberTek,3.3,1999.0,"Chennai, Tamil Nadu",India,"Chennai, Tamil Nadu",India,2392.0,1001-5000,IT Services & Consulting,"Promotions, Job security, Skill development",,3.0,3.4,3.2,3.1,3.2,3.2,2.7
Diebold-Nixdorf,3.6,1992.0,,,"North Canton, Ohio",United States (USA),2058.0,10001-50000,Software Product,"Promotions, Skill development, Work satisfaction",,3.3,3.6,3.4,3.1,3.3,3.3,2.8
Goodyear,3.5,1898.0,,,"Akron, OH",United States,949.0,100001+,Auto Components,"Promotions, Work satisfaction, Skill development",,3.3,3.3,3.2,3.2,3.2,3.5,2.9
Gartner,3.8,1979.0,,,"Stamford, CT",United States,3452.0,10001-50000,Management Consulting,,,3.6,4.1,4.0,3.4,3.5,3.5,2.9
Thriveni-Earthmovers,3.9,1991.0,"Salem, Tamil Nadu",India,"Salem, Tamil Nadu",India,7279.0,5001-10000,Metals & Mining,"Job security, Skill development, Salary",,3.9,3.5,3.6,3.9,3.6,3.8,3.5
Cotiviti,3.5,1979.0,"Hyderabad / Secunderabad, Telangana",India,South Jordan,United States (USA),2478.0,5001-10000,Analytics & KPO,"Promotions, Skill development",,3.4,3.6,3.5,3.3,3.4,3.6,2.9
Lovely-Professional-University,3.3,2005.0,"Phagwara, Punjab",India,"Phagwara, Punjab",India,1750.0,1001-5000,Education & Training,"Promotions, Work satisfaction, Work-life balance",,3.3,3.1,3.1,3.3,3.0,3.2,2.9
Amrit-Cement,3.9,2008.0,"Kolkata, West Bengal",India,"Kolkata, West Bengal",India,1001.0,1001-5000,Building Material,,,3.7,3.8,3.7,3.8,3.7,3.7,3.5
Visteon,3.1,2000.0,,,"Van Buren Township, MI",,2001.0,10001-50000,Auto Components,"Work-life balance, Promotions, Work satisfaction",,3.0,2.7,2.9,3.2,2.9,3.4,2.8
Raychem-RPG,3.7,1989.0,"Mumbai, Maharashtra",India,"Mumbai, Maharashtra",India,750.0,1001-5000,Electrical Equipment,,,3.4,3.7,3.5,3.6,3.4,3.4,2.9
Wow-Momo-Foods,4.1,2008.0,"Kolkata, West Bengal",India,"Kolkata, West Bengal",India,6029.0,1001-5000,Hospitality,"Job security, Company culture, Skill development",,4.1,3.9,4.0,4.0,3.9,3.9,3.8
Wow-Momo-Foods,4.1,2008.0,"Kolkata, West Bengal",India,"Kolkata, West Bengal",India,6029.0,1001-5000,Hospitality,"Job security, Company culture, Skill development",,4.1,3.9,4.0,4.0,3.9,3.9,3.8
Ness-Digital-Engineering,3.2,1999.0,"Mumbai, Maharashtra",India,"New York, NY",,1500.0,1001-5000,IT Services & Consulting,"Promotions, Job security, Work satisfaction",,2.8,3.4,3.2,3.2,3.1,3.2,2.7
ReSource-Pro,3.8,2004.0,"Bangalore/Bengaluru, Karnataka",India,"New York, New York",United States,3180.0,5001-10000,BPO,,,3.6,3.6,3.6,3.5,3.4,3.5,3.4
Shalby-Hospitals,4.2,1994.0,"Ahmedabad, Gujarat",India,"Ahmedabad, Gujarat",India,2592.0,1001-5000,Healthcare,"Skill development, Company culture, Work-life balance",,4.0,4.1,4.1,4.2,4.0,3.9,3.9
Kissht-Finance,4.0,2015.0,"Mumbai,Maharashtra",India,"Mumbai,Maharashtra",India,1278.0,201-500,FinTech,"Salary, Work-life balance, Company culture",,3.7,3.9,3.8,3.8,3.8,4.0,3.7
KreditBee,3.4,2016.0,"Bengaluru, Karnataka",India,"Bengaluru, Karnataka",Array,3699.0,,Internet,"Promotions, Work satisfaction, Skill development",,3.3,3.4,3.3,3.2,3.2,3.4,2.8
Apple,4.3,1976.0,,,"Cupertino, California",United States (USA),12257.0,100001+,Consumer Electronics & Appliances,,,4.1,4.2,4.2,4.2,4.1,4.2,3.7
Mynd-Solutions-Private,3.7,2002.0,,,"Kelowna,British Columbia",Canada,1456.0,501-1000,BPO,"Promotions, Salary",,3.7,3.6,3.6,3.5,3.5,3.2,3.1
Wolters-Kluwer,3.8,1836.0,"Gurgaon / Gurugram, Haryana",India,"Alphen Aan Den Rijn,South Holland",Netherlands,3527.0,10001-50000,Software Product,"Work-life balance, Job security",Promotions,3.8,3.9,3.6,3.4,3.5,3.5,2.8
Infor-Global-Solution,3.9,2002.0,,,New York,United States,4500.0,10001-50000,Software Product,"Work-life balance, Job security, Company culture",Promotions,4.0,4.1,3.9,3.4,3.6,3.4,3.1
PrimEra-Medical-Technologies,3.6,2015.0,"Hyderabad/Secunderabad, Telangana",India,"Hyderabad/Secunderabad, Telangana",India,4050.0,1001-5000,IT Services & Consulting,"Promotions, Work satisfaction, Skill development",,3.7,3.5,3.3,3.3,3.3,3.5,3.2
Ramky-Infrastructure,4.2,1994.0,Hyderabad,India,Hyderabad,India,1097.0,1001-5000,Engineering & Construction,"Job security, Salary, Company culture",,4.3,4.0,4.0,3.9,3.9,4.2,3.7
Asb-International,3.6,1997.0,"Thane, Maharashtra",India,"Thane, Maharashtra",India,1673.0,1001-5000,Industrial Machinery,Job security,"Promotions, Work satisfaction",3.9,3.5,3.4,3.7,3.3,3.6,2.8
LEAP-India-Limited,4.6,,,,,,,,,,,,,,,,,
Sykes-Business-Services-Of-India,3.4,1977.0,,,"Tampa, Florida",United States (USA),30000.0,50001-100000,BPO,"Promotions, Salary, Company culture",,3.3,3.3,3.2,3.3,3.3,3.1,3.0
Moglix,3.3,2015.0,,,"Singapore,Singapore",Singapore,1600.0,1001-5000,Internet,"Job security, Promotions, Work satisfaction",,2.8,3.3,3.2,3.1,3.1,3.3,3.0
HRH-Next-Services,2.9,2007.0,"Hyderabad/Secunderabad, Telangana",India,"Hyderabad/Secunderabad, Telangana",India,1092.0,1001-5000,BPO,"Salary, Promotions, Work satisfaction",,2.8,2.9,2.8,2.9,2.8,2.4,2.7
Patel-Engineering,4.1,1949.0,"Mumbai, Maharashtra",India,"Mumbai, Maharashtra",India,4647.0,1001-5000,Engineering & Construction,"Job security, Work-life balance, Work satisfaction",,4.0,3.9,3.8,3.8,3.9,3.8,3.6
TCNS-Clothing-Company,4.1,2001.0,"Delhi/NCR, Delhi",India,"Delhi/NCR, Delhi",India,948.0,501-1000,Fashion & Textile,"Skill development, Work-life balance, Company culture",,3.9,4.0,3.9,4.1,3.9,3.8,3.4
Kaar-Tech,4.3,2005.0,"Chennai, Tamil Nadu",India,"Chennai, Tamil Nadu",,1620.0,501-1000,IT Services & Consulting,,,4.5,4.1,4.3,4.5,4.3,4.3,4.0
Central-Bank-of-India,3.9,1911.0,"Mumbai, Maharashtra",India,"Mumbai, Maharashtra",India,33081.0,10001-50000,Banking,"Work-life balance, Skill development",Promotions,3.6,3.8,3.7,3.8,3.7,3.7,3.3
CtrlS,3.6,2007.0,"Hyderabad, Telangana",India,"Hyderabad, Telangana",India,1243.0,1001-5000,IT Services & Consulting,Salary,Promotions,3.6,3.5,3.4,3.6,3.4,3.8,3.3
Transsion,4.0,2006.0,,,Shenzhen,Hong Kong,653.0,1001-5000,Consumer Electronics & Appliances,"Work-life balance, Company culture, Job security",Promotions,3.8,3.9,3.8,3.7,3.8,3.6,3.1
Radico-Khaitan,4.0,1943.0,"Delhi/NCR, Delhi",India,"Delhi/NCR, Delhi",India,1494.0,1001-5000,Beverage,,,4.1,3.9,3.8,3.9,3.8,3.7,3.6
Technotask-Business-Solutions,3.5,2020.0,,,"Bhopal, Madhya Pradesh",India,1933.0,"1,001-5,000",BPO,"Promotions, Salary, Job security",,3.3,3.5,3.5,3.5,3.4,3.2,3.2
Csc-E-Governance-Services,3.8,2009.0,"Delhi,NCT",India,"Delhi,NCT",India,3810.0,51-200,Government,Work-life balance,"Promotions, Salary",3.4,3.8,3.4,3.6,3.5,3.3,3.0
Samunnati,4.5,2014.0,"Chennai, Tamil Nadu",India,"Chennai, Tamil Nadu",India,464.0,201-500,NBFC,"Company culture, Work-life balance, Skill development",,4.2,4.5,4.5,4.3,4.3,4.0,4.0
Bharat-Serums-and-Vaccines,4.0,1971.0,"Mumbai, Maharashtra",India,"Mumbai, Maharashtra",India,2500.0,1001-5000,Pharma,"Company culture, Work-life balance, Skill development",Promotions,3.6,3.8,3.8,3.8,3.6,3.6,3.2
Jubilant-Ingrevia,3.7,2020.0,"Noida,Uttar Pradesh",India,"Noida,Uttar Pradesh",India,2139.0,,Chemicals,Promotions,,3.7,3.7,3.5,3.4,3.5,3.7,3.1
Vindhya-Telelinks,4.0,,,,,,,,,,,,,,,,,
HSBC-Bank,4.0,,,,,,41068.0,10000+,Banking,"Company culture, Job security, Work-life balance",Promotions,3.9,3.9,3.9,3.8,3.8,3.6,3.3
North-East-Small-Finance-Bank,3.5,2016.0,"Guwahati, Assam",India,"Guwahati, Assam",India,2073.0,1001-5000,Banking,"Promotions, Job security, Work satisfaction",,3.2,3.5,3.3,3.3,3.3,3.5,3.0
TTK-Prestige,3.8,1955.0,"Bangalore/Bengaluru, Karnataka",India,"Bangalore/Bengaluru, Karnataka",India,1470.0,1001-5000,Consumer Electronics & Appliances,Job security,Promotions,3.8,3.6,3.7,3.6,3.5,3.6,3.0
Flash-Electronics,3.5,1989.0,"Pune, Maharashtra",India,"Pune, Maharashtra",India,1750.0,1001-5000,Electronics Manufacturing,"Promotions, Salary, Work satisfaction",,3.4,3.5,3.4,3.3,3.3,3.2,2.8
Micro-Turners,3.8,1969.0,"Panchkula, Haryana",India,"Panchkula, Haryana",India,6000.0,5001-10000,Auto Components,Skill development,Promotions,3.7,3.7,3.5,3.8,3.6,3.4,3.3
Writer-Corporation,3.4,1953.0,"Mumbai, Maharashtra",India,"Mumbai, Maharashtra",India,943.0,5001-10000,Logistics,"Promotions, Work satisfaction, Salary",,3.3,3.3,3.2,3.2,3.1,3.1,2.7
NSB-Bpo-Solutions,2.8,1993.0,"Bhopal, Madhya Pradesh",India,"Bhopal, Madhya Pradesh",India,2500.0,1001-5000,BPO,"Promotions, Salary, Job security",,2.7,2.9,2.8,2.9,2.8,2.5,2.5
Nomura-Holdings,3.7,1925.0,"Mumbai, Maharashtra",India,"Mumbai, Maharashtra",India,3254.0,10001-50000,Investment Banking / Venture Capital / Private Equity,Job security,"Promotions, Work satisfaction, Salary",3.8,3.6,3.6,3.4,3.2,3.3,2.9
PPG-Asian-Paints,3.9,1997.0,"Mumbai, Maharashtra",India,"Mumbai, Maharashtra",India,1347.0,1001-5000,Chemicals,"Job security, Salary",Promotions,3.8,3.6,3.6,3.7,3.4,3.8,3.2
Leverage-Edu,4.1,2017.0,"Delhi,NCT",India,"Delhi,NCT",India,943.0,51-200,EdTech,"Salary, Company culture, Skill development",,3.8,3.8,4.0,4.0,3.9,4.1,3.8
Lohia-Corp,4.0,1981.0,"Kanpur, Uttar Pradesh",India,"Kanpur, Uttar Pradesh",India,1584.0,51-200,Industrial Machinery,,,3.9,3.8,3.8,4.0,3.8,3.7,3.4
Wuerth,3.5,1994.0,"Mumbai, Maharashtra",India,"Mumbai, Maharashtra",India,1001.0,1001-5000,Industrial Machinery,"Promotions, Work satisfaction, Skill development",,3.4,3.6,3.5,3.2,3.2,3.3,2.8
IHG,3.5,2003.0,"Gurgaon/Gurugram, Haryana",India,"Windsor, Berkshire, England",,4132.0,10001-50000,Hospitality,"Promotions, Skill development, Salary",,3.5,3.5,3.3,3.2,3.3,3.2,3.0
Titan-Eye-Plus,4.1,2007.0,"Bangalore/Bengaluru, Karnataka",India,"Bangalore/Bengaluru, Karnataka",India,,100001+,Other,"Skill development, Company culture, Work-life balance",Promotions,3.6,3.9,4.0,4.1,3.8,3.6,3.3
Dodla-Dairy,4.2,1995.0,"Hyderabad/Secunderabad, Telangana",India,"Hyderabad/Secunderabad, Telangana",India,3142.0,1001-5000,Food Processing,"Job security, Company culture, Work-life balance",,4.2,4.1,4.1,3.9,3.9,3.9,3.6
TransUnion,3.6,1968.0,,,"Chicago, Illinois",United States,4000.0,100001+,Financial Services,"Promotions, Skill development, Job security",,3.2,3.7,3.6,3.2,3.3,3.7,2.9
Autoliv,3.9,1953.0,,,"Klarabergsviadukten 70, Stockholm",Sweden,4253.0,50001-100000,Auto Components,"Job security, Company culture, Salary",,4.0,3.7,3.9,3.7,3.6,3.9,3.4
Embibe,3.4,2012.0,"Bangalore,Karnataka",India,"Bangalore,Karnataka",India,1658.0,501-1000,EdTech,"Job security, Promotions, Company culture",,2.8,3.3,3.2,3.4,3.3,3.5,2.9
Cohesity,3.9,2013.0,,,"San Jose,California",United States,,1001-5000,Software Product,"Work-life balance, Company culture, Salary",Promotions,3.4,4.0,3.9,3.6,3.6,3.8,3.2
Nephroplus,3.8,2009.0,Hyderabad,India,Hyderabad,India,3230.0,1001-5000,Healthcare,Skill development,Promotions,3.5,3.7,3.7,3.8,3.6,3.4,3.1
Emami-Agrotech,3.9,1974.0,"Kolkata, West Bengal",India,"Kolkata, West Bengal",India,3217.0,1001-5000,FMCG,"Job security, Work-life balance",Promotions,3.8,3.8,3.6,3.6,3.6,3.5,3.1
Toppr,3.4,2013.0,"Mumbai,Maharashtra",India,"Mumbai,Maharashtra",India,1623.0,1001-5000,EdTech,"Job security, Promotions, Work satisfaction",,2.7,3.1,3.2,3.4,3.1,3.3,3.0
Kurlon,4.3,1962.0,"Bangalore/Bengaluru, Karnataka",India,"Bangalore/Bengaluru, Karnataka",India,502.0,5001-10000,Furniture & Furnishing,"Work-life balance, Company culture, Salary",,3.7,4.1,4.0,3.9,3.9,4.0,3.6
Vizag-Steel,4.0,1971.0,"Visakhapatnam/Vizag, Andhra Pradesh",India,"Visakhapatnam/Vizag, Andhra Pradesh",India,15773.0,10001-50000,Iron & Steel,"Work-life balance, Job security, Skill development",Promotions,4.0,4.1,3.7,3.8,3.8,3.5,3.1
Caparo-Engineering-India,4.0,1968.0,"Gurgaon/Gurugram, Haryana",India,"Gurgaon/Gurugram, Haryana",India,1464.0,1001-5000,Auto Components,"Job security, Salary, Work-life balance",,3.8,3.8,3.7,3.8,3.8,3.8,3.4
Neeyamo-Enterprise-Solutions,3.6,2009.0,"Chennai, Tamil Nadu",India,"Chennai, Tamil Nadu",India,3000.0,1001-5000,,Job security,"Promotions, Salary, Work-life balance",3.8,3.3,3.6,3.6,3.4,2.9,2.9
Quislex-Legal-Services,4.1,2004.0,,,"New York, New York",United States (USA),1001.0,1001-5000,Legal,"Company culture, Work-life balance, Skill development",,3.8,4.0,4.2,4.0,4.0,3.8,3.7
Teamlease-Digital,3.3,2016.0,"Bangalore, Karnataka",India,"Bangalore, Karnataka",India,7301.0,"1,001-5,000",Recruitment,"Promotions, Job security, Skill development",,2.9,3.4,3.2,3.0,3.2,3.1,2.7
Keventer,3.7,1986.0,Kolkata,India,Kolkata,India,4501.0,1001-5000,FMCG,Promotions,,3.7,3.7,3.5,3.5,3.6,3.4,2.9
BASF,4.2,1943.0,"Mumbai, Maharashtra",India,Ludwigshafen,Germany,2411.0,100001+,Chemicals,"Work-life balance, Company culture, Job security",Promotions,3.9,4.1,4.0,3.9,3.9,3.9,3.3
Progressive-Infovision,3.8,2001.0,"Delhi/NCR, Delhi",India,"Delhi/NCR, Delhi",India,1500.0,1001-5000,Recruitment,Work-life balance,Promotions,3.6,3.8,3.7,3.6,3.6,3.4,3.0
Doosan-Power-Systems,4.3,2010.0,,,Crawley,United Kingdom (UK),718.0,5001-10000,Power,"Company culture, Work-life balance, Work satisfaction",,3.5,4.1,4.1,4.0,4.1,4.0,3.4
ChannelPlay,3.9,2006.0,"Gurgaon/Gurugram, Haryana",India,"Gurgaon/Gurugram, Haryana",India,11241.0,5001-10000,Marketing & Advertising,"Company culture, Work-life balance, Skill development",Promotions,3.5,3.8,3.8,3.8,3.7,3.6,3.3
Orient-Cement,4.4,1979.0,"Hyderabad/Secunderabad, Telangana",India,"Hyderabad/Secunderabad, Telangana",India,1304.0,1001-5000,Building Material,"Company culture, Work-life balance, Job security",,4.2,4.3,4.3,4.1,4.1,4.1,3.8
BASF,4.2,1943.0,"Mumbai, Maharashtra",India,Ludwigshafen,Germany,2411.0,100001+,Chemicals,"Work-life balance, Company culture, Job security",Promotions,3.9,4.1,4.0,3.9,3.9,3.9,3.3
Bisk-Farm,4.0,2000.0,"Kolkata, West Bengal",India,"Kolkata, West Bengal",India,869.0,1001-5000,Food Processing,,,3.9,3.9,3.9,3.9,3.8,3.7,3.2
Bayer-Crop-Science-Vegetable-Seeds,4.1,,,,,,,,,"Work-life balance, Company culture, Skill development",Promotions,3.7,4.1,4.0,4.0,4.0,3.9,3.3
Office-Beacon,4.6,2001.0,,,California,USA,1032.0,1001-5000,BPO,"Company culture, Job security, Skill development",,4.5,4.4,4.5,4.5,4.4,4.4,4.3
TVS-Electronics,3.8,1986.0,"Chennai, Tamil Nadu",India,"Chennai, Tamil Nadu",India,948.0,501-1000,Electronics Manufacturing,Work-life balance,Promotions,3.6,3.8,3.7,3.6,3.6,3.4,3.1
YOKOGAWA,3.8,1987.0,"Bangalore / Bengaluru, Karnataka",India,"Musashino, Tokyo, Japan",,2173.0,10001-50000,Industrial Automation,,,4.1,3.7,3.5,3.5,3.5,3.3,3.1
SG-Analytics,2.6,2006.0,Pune,India,Pune,India,1283.0,201-500,Analytics & KPO,"Promotions, Job security, Work satisfaction",,2.3,2.6,2.6,2.4,2.4,2.4,2.1
Surya-Roshni,4.1,1973.0,"Delhi/NCR, Delhi",India,"Delhi/NCR, Delhi",India,3328.0,1001-5000,Building Material,"Job security, Work-life balance, Company culture",,4.1,4.1,3.9,3.7,3.9,3.8,3.5
Testbook.com,3.3,,,,,,,,,,,,,,,,,
Capco-Technologies,3.7,1998.0,"Bengaluru/Bangalore, Karnataka",India,"London, United Kingdom",United Kingdom (UK),1401.0,5001-10000,IT Services & Consulting,,,3.3,4.1,3.8,3.6,3.5,3.6,3.1
InternEzy,4.9,,,,,,137.0,,EdTech,"Company culture, Job security, Salary",,4.9,4.9,4.9,4.9,4.9,4.9,4.9
Rane-NSK-Steering-Systems,4.0,,,,,,595.0,,Auto Components,"Skill development, Job security",Promotions,3.8,3.7,3.7,3.9,3.7,3.5,3.3
Orient-Technologies,3.7,1992.0,,,"Chiyoda-ku,Tokyo-to",Japan,1432.0,1001-5000,IT Services & Consulting,"Promotions, Salary",,3.4,3.6,3.5,3.5,3.4,3.3,3.1
Medtronic,3.9,1979.0,"Mumbai, Maharashtra",India,"Minneapolis, MN",,850.0,100001+,Medical Equipment,"Company culture, Salary, Work-life balance",Promotions,3.6,3.8,3.8,3.7,3.6,3.8,3.2
Bridgestone---Global-Capability-Center,4.0,,,,,,,,,,,,,,,,,
Elite-Elevators,4.2,,,,,,,,,,,,,,,,,
Blue-Yonder,3.6,1985.0,,,"Scottsdale, Arizona",United States (USA),3819.0,5001-10000,Software Product,"Promotions, Skill development, Salary",,3.7,3.7,3.6,3.3,3.4,3.3,2.8
Solv,3.5,2019.0,"Bangalore,Karnataka",India,"Bangalore,Karnataka",India,2000.0,1-10,Internet,Salary,"Job security, Work satisfaction, Promotions",2.8,3.4,3.2,3.2,3.1,3.8,3.1
Livpure,3.8,2010.0,"Gurgaon,Haryana",India,"Gurgaon,Haryana",India,1001.0,1001-5000,Consumer Electronics & Appliances,,,3.6,3.7,3.7,3.6,3.5,3.7,3.3
Quess-IT-Staffing-Solutions,3.2,1997.0,,,"Bangalore / Bengaluru, Karnataka",India,,"10,001+",,"Promotions, Work satisfaction, Skill development",,2.9,3.2,3.0,2.9,2.9,3.0,2.7
Lionbridge-Technologies,3.5,1996.0,,,"Waltham, Massachusetts",China,1800.0,5001-10000,Content Development,Work-life balance,"Promotions, Skill development, Salary",3.5,3.8,3.3,3.1,3.3,3.1,2.7
Wissen-Infotech,3.6,2000.0,"Hyderabad/Secunderabad, Telangana",India,"Hyderabad/Secunderabad, Telangana",India,2288.0,5001-10000,IT Services & Consulting,"Promotions, Job security",,3.3,3.6,3.5,3.4,3.4,3.4,3.2
MPS-Limited,3.5,,,,,,,,,,,,,,,,,
Redington,4.0,1999.0,,,"Dubai, Dubai",United Arab Emirates (UAE),3983.0,1001-5000,Hardware & Networking,"Job security, Company culture, Work-life balance",Promotions,4.1,3.9,3.9,3.8,3.7,3.5,3.3
R.S.-Infraprojects,4.0,,,,,,,,,,,,,,,,,
Dhanuka-Agritech,3.7,1982.0,"Gurgaon/Gurugram, Haryana",India,"Gurgaon/Gurugram, Haryana",India,1107.0,1001-5000,Agro Chemicals,Promotions,,3.6,3.6,3.5,3.6,3.5,3.6,3.3
Osource-Global,3.5,2004.0,"Mumbai, Maharashtra",India,"Mumbai, Maharashtra",India,2501.0,"1,001-5,000",BPO,Job security,"Promotions, Salary, Work satisfaction",3.8,3.3,3.3,3.6,3.3,3.0,3.0
NextComm-Corporation,4.8,2017.0,"Ahmedabad, Gujarat",India,"Ahmedabad, Gujarat",,1001.0,5001-10000,Software Product,"Work-life balance, Company culture, Salary",,4.2,4.4,4.3,4.3,4.3,4.3,4.3
Mahindra-Integrated-Business-Solutions,3.4,2011.0,"Mumbai, Maharashtra",India,"Mumbai, Maharashtra",India,3301.0,1001-5000,BPO,"Promotions, Work satisfaction, Job security",,3.2,3.4,3.3,3.3,3.2,3.3,2.6
Triveni-Engineering-&-Industries,4.2,1932.0,"Mysore/Mysuru, Karnataka",India,"Mysore/Mysuru, Karnataka",India,2850.0,1001-5000,Food Processing,"Job security, Work-life balance, Salary",,4.3,4.1,3.9,3.8,3.9,4.0,3.5
CJ-Darcl-Logistics-Limited,4.0,,,,,,,,,,,,,,,,,
Magic-EdTech,3.5,1990.0,"New York, United States",India,"New York, United States",,1301.0,1001-5000,EdTech,,,3.2,3.6,3.6,3.3,3.3,3.2,3.0
L&T-Power,3.9,,,,,,,,,,,,,,,,,
Tejas-Networks,3.8,2000.0,"Bangalore,Karnataka",India,"Bangalore,Karnataka",India,2370.0,1001-5000,Hardware & Networking,,,3.5,3.7,3.5,3.5,3.5,3.5,3.0
EPL-Limited,3.8,,,,,,,,,,,,,,,,,
Vasudha-Pharma-Chem,4.0,1995.0,"Hyderabad/Secunderabad, Telangana",India,"Hyderabad/Secunderabad, Telangana",India,4789.0,1001-5000,Pharma,"Company culture, Job security, Work-life balance",Promotions,4.0,4.0,4.0,3.7,3.8,3.6,3.3
PCBL-Chemical-Limited,3.9,,,,,,,,,,,,,,,,,
Housing.com,3.6,,,,,,,,,,,,,,,,,
DAV-Public-School,4.0,1886.0,"Delhi/NCR, New Delhi",India,"Delhi/NCR, New Delhi",India,100001.0,100001+,Education & Training,"Skill development, Salary",Promotions,3.5,3.7,3.7,3.9,3.6,3.8,3.2
Future-Supply-Chain-Solutions,4.4,2006.0,"Mumbai, Maharashtra",India,"Mumbai, Maharashtra",India,1713.0,1001-5000,Logistics,"Company culture, Skill development, Work satisfaction",,3.9,4.1,4.3,4.2,4.2,4.0,3.9
Snapdeal,3.8,2010.0,"Delhi,NCT",India,"Delhi,NCT",India,1234.0,1001-5000,Internet,"Company culture, Work-life balance","Promotions, Job security",3.1,4.0,4.0,3.6,3.6,3.4,3.0
Government-of-India,4.2,1950.0,New Delhi,India,New Delhi,India,3555000.0,100001+,Government,"Job security, Work-life balance, Skill development",,4.2,4.0,3.9,4.0,3.9,3.9,3.6
SMC-Global-Securities,3.5,1994.0,,,SMC Global Securities Ltd.,United States (USA),2859.0,1001-5000,Financial Services,"Promotions, Work satisfaction, Skill development",,3.3,3.5,3.3,3.2,3.2,3.2,3.0
Saint-Gobain-Glass,3.9,,,,,,6500.0,,Building Material,"Job security, Company culture, Skill development","Promotions, Salary",4.2,3.8,3.9,3.9,3.6,3.2,3.2
HCL-Healthcare,4.6,2014.0,"Noida, Uttar Pradesh",India,"Noida, Uttar Pradesh",India,1200.0,1001-5000,Healthcare,,,4.5,4.5,4.5,4.5,4.5,4.1,4.1
BDO-RISE-Private-Limited,3.6,,,,,,,,,,,,,,,,,
Ingram-Micro,3.6,1979.0,,,"Irvine, California",United States (USA),2960.0,10001-50000,IT Services & Consulting,Promotions,,3.5,3.5,3.5,3.4,3.4,3.6,3.1
Corteva-Agriscience,4.3,2019.0,,,"Wilmington,Delaware",United States,2000.0,10001-50000,Agro Chemicals,"Company culture, Job security, Work-life balance",,4.2,4.2,4.2,4.1,4.1,3.9,3.4
Optimum-Infosystem,3.2,,,,,,,,,,,,,,,,,
CSC,3.6,1899.0,"Bengaluru/Bangalore, Karnataka",India,"Delaware, USA",,2500.0,5001-10000,Financial Services,,,3.8,3.8,3.5,3.3,3.4,3.2,2.9
JoulestoWatts-Business-Solutions,3.4,2015.0,"Bangalore,Karnataka",India,"Bangalore,Karnataka",India,336.0,1001-5000,IT Services & Consulting,"Promotions, Job security, Work satisfaction",,3.2,3.4,3.3,3.3,3.3,3.4,3.0
bp,3.7,1908.0,"Mumbai, Maharashtra",India,London,United Kingdom,7500.0,100001+,Oil & Gas,,,3.5,4.0,3.7,3.4,3.4,3.8,2.9
ANAROCK-Property-Consultants,3.5,2017.0,"Mumbai,Maharashtra",India,"Mumbai,Maharashtra",Array,2201.0,1001-5000,Real Estate,"Promotions, Job security, Work satisfaction",,3.2,3.4,3.5,3.3,3.3,3.5,3.0
Omaxe,4.2,1989.0,"Delhi/NCR, New Delhi",India,"Delhi/NCR, New Delhi",India,484.0,201-500,Real Estate,"Salary, Work-life balance, Company culture",,3.9,4.1,4.0,3.8,4.0,4.1,3.6
Welspun-World,3.6,,,,,,,,,,,,,,,,,
Magic-Bus-India-Foundation,3.8,,,,,,,,,,,,,,,,,
Kutumbh-Care,4.0,2007.0,"Noida, Uttar Pradesh",India,"Noida, Uttar Pradesh",India,6275.0,5001-10000,Recruitment,"Work-life balance, Work satisfaction, Company culture",Promotions,3.5,3.9,3.8,3.8,3.9,3.8,3.3
Licious,3.6,2015.0,"Bangalore,Karnataka",India,"Bangalore,Karnataka",India,3150.0,1001-5000,Internet,"Promotions, Salary, Job security",,3.3,3.5,3.5,3.5,3.4,3.3,3.0
Epicenter-Technologies,3.4,2001.0,"Mumbai, Maharashtra",India,"Mumbai, Maharashtra",India,1243.0,1001-5000,BPO,"Promotions, Salary, Work satisfaction",,3.2,3.3,3.4,3.3,3.2,3.1,2.8
Krsnaa-Diagnostics,3.6,2010.0,"Pune, Maharashtra",India,"Pune, Maharashtra",Array,3471.0,1001-5000,Healthcare,"Promotions, Salary",,3.4,3.5,3.4,3.7,3.4,3.0,2.9
BrightCHAMPS,4.3,2020.0,"Bangalore,Karnataka",India,"Bangalore,Karnataka",India,700.0,501-1000,EdTech,"Work-life balance, Company culture, Skill development",,4.1,4.3,4.2,4.2,4.2,4.1,4.0
Indorama,3.9,1975.0,,,Jakarta,Singapore,1300.0,10001-50000,Agro Chemicals,"Job security, Company culture, Work-life balance",Promotions,3.9,3.8,3.8,3.7,3.7,3.5,3.1
PeopleStrong,3.4,2006.0,"Gurgaon,Haryana",India,"Gurgaon,Haryana",India,1340.0,1001-5000,Recruitment,"Promotions, Work satisfaction, Salary",,3.4,3.1,3.3,3.3,3.0,3.0,2.8
My-Home-Industries,4.0,1997.0,"Hyderabad/Secunderabad, Telangana",India,"Hyderabad/Secunderabad, Telangana",India,1381.0,1001-5000,Building Material,"Work-life balance, Company culture, Job security",,3.9,4.0,3.9,3.7,3.8,3.7,3.6
DeHaat,3.6,2012.0,"Patna,Bihar",India,"Patna,Bihar",India,1819.0,201-500,Internet,"Job security, Promotions",,3.0,3.4,3.4,3.5,3.4,3.6,3.2
Narayana-e-Techno-School,3.6,2012.0,Hyderabad,India,Hyderabad,India,50001.0,10001-50000,Education & Training,"Promotions, Work-life balance, Company culture",,3.4,3.3,3.3,3.7,3.4,3.4,3.1
Cogoport,3.2,2016.0,"Mumbai,Maharashtra",India,"Mumbai,Maharashtra",India,67.0,201-500,Internet,"Job security, Work satisfaction, Promotions",,3.0,3.3,3.2,3.4,3.2,3.4,3.2
Healthians,4.1,2013.0,"Gurgaon,Haryana",India,"Gurgaon,Haryana",India,1730.0,1001-5000,Internet,"Salary, Work-life balance, Skill development",,3.9,4.0,3.9,4.0,4.0,4.0,3.7
Celebi-Aviation-Holding,4.0,,,,,,,,,,,,,,,,,
TCI-Express,3.9,1996.0,Gurugram ,India,Gurugram ,India,2541.0,1001-5000,Logistics,"Job security, Work-life balance, Skill development",,4.0,3.9,3.7,3.8,3.7,3.6,3.6
Nihilent,3.1,2000.0,"Pune, Maharashtra",India,"Pune, Maharashtra",India,1672.0,1001-5000,IT Services & Consulting,"Promotions, Job security, Work satisfaction",,2.9,3.2,3.0,3.1,3.0,3.1,2.7
Quality-Austria-Central-Asia,3.5,2010.0,"Delhi/NCR, Delhi",India,"Delhi/NCR, Delhi",India,1801.0,201-500,Other,"Promotions, Salary, Work satisfaction",,3.2,3.2,3.3,3.3,3.2,3.0,2.8
BankBazaar,3.2,2008.0,"Chennai,Tamil Nadu",India,"Chennai,Tamil Nadu",India,3000.0,1001-5000,FinTech,"Promotions, Work satisfaction, Skill development",,3.2,3.2,3.1,2.9,2.9,3.1,2.7
Centaur-Pharmaceuticals,3.5,1978.0,"Mumbai, Maharashtra",India,"Mumbai, Maharashtra",India,2700.0,1001-5000,Pharma,"Promotions, Company culture, Work satisfaction",,3.5,3.4,3.2,3.3,3.3,3.3,2.9
Sintex-BAPL,3.6,2007.0,Pune,India,Pune,India,1774.0,5001-10000,Petrochemicals,Salary,"Promotions, Job security, Work satisfaction",3.1,3.4,3.3,3.4,3.3,3.8,3.1
Careon-Healthcare-Solutions,3.9,,,,"Indianapolis, Indiana",United States,651.0,"10,001+",Medical Equipment,"Company culture, Work-life balance, Job security",Promotions,3.8,3.9,3.9,3.5,3.6,3.7,3.0
Marlabs,3.5,1996.0,,,"Piscataway, New Jersey",United States (USA),1727.0,1001-5000,IT Services & Consulting,"Promotions, Job security, Work satisfaction",,3.0,3.7,3.5,3.3,3.3,3.3,2.9
Qatar-Airways,3.5,1993.0,,,Doha,Qatar,3689.0,50001-100000,Aviation,Salary,"Promotions, Work satisfaction, Work-life balance",3.3,3.2,3.2,3.4,3.2,4.0,2.8
Tata-Power-Delhi-Distribution,3.8,2002.0,"New Delhi, Delhi",India,"New Delhi, Delhi",India,3400.0,1001-5000,Power,,,4.2,3.9,3.7,3.6,3.6,3.3,3.3
TIAA-Global-Business-Services,3.7,,,,,,,,,,,,,,,,,
Surin-Automotive,3.9,1974.0,"Bangalore/Bengaluru, Karnataka",India,"Bangalore/Bengaluru, Karnataka",India,3501.0,1001-5000,Industrial Machinery,"Salary, Job security, Skill development",,3.8,3.6,3.6,3.8,3.6,3.9,3.5
Carrier,3.7,1915.0,,,Florida,United States (USA),1291.0,10001-50000,Industrial Machinery,Work-life balance,Promotions,3.5,3.8,3.6,3.4,3.4,3.5,3.1
Grihum-Housing-Finance,3.7,,,,"Pune, Maharashtra",India,4131.0,"1,001-5,000",NBFC,Salary,Promotions,3.4,3.6,3.5,3.6,3.4,3.9,3.3
Videocon-d2h,3.8,2009.0,Mumbai,India,Mumbai,India,501.0,5001-10000,Internet,"Skill development, Company culture, Work-life balance",,3.5,3.8,3.8,3.9,3.7,3.6,3.5
Impetus-Technologies,3.3,1991.0,"Indore, Madhya Pradesh",India,"Los Gatos, CA, USA",,3180.0,1001-5000,IT Services & Consulting,,,3.6,3.3,3.3,3.4,3.1,3.5,3.1
Fiat-India-Automobiles,3.6,1997.0,"Mumbai, Maharashtra",India,"Mumbai, Maharashtra",India,2600.0,1001-5000,Automobile,"Promotions, Work-life balance, Company culture",,3.5,3.3,3.3,3.4,3.4,3.6,3.1
Pennar-Industries,3.5,1988.0,"Hyderabad/Secunderabad, Telangana",India,"Hyderabad/Secunderabad, Telangana",India,2825.0,1001-5000,Engineering & Construction,"Promotions, Salary, Company culture",,3.5,3.5,3.2,3.3,3.3,3.0,2.8
NiCE,3.5,1986.0,"Pune, Maharashtra",India,"Hoboken, New Jersey",,2615.0,5001-10000,Software Product,,,3.4,3.5,3.6,3.4,3.3,3.6,2.9
Hetero-Healthcare,3.5,2006.0,"Hyderabad/Secunderabad, Telangana",India,"Hyderabad/Secunderabad, Telangana",India,4001.0,1001-5000,Pharma,"Promotions, Salary, Work satisfaction",,3.4,3.5,3.3,3.3,3.3,3.2,2.9
Times-Group,3.8,1838.0,"Mumbai, Maharashtra",India,"Mumbai, Maharashtra",India,8344.0,5001-10000,Printing & Publishing,Work-life balance,Promotions,3.6,3.9,3.6,3.5,3.5,3.4,2.9
Yatra,3.3,2006.0,"Gurgaon,Haryana",India,"Gurgaon,Haryana",India,959.0,1001-5000,Travel & Tourism,"Promotions, Skill development, Work satisfaction",,3.1,3.2,3.1,3.0,3.1,3.1,2.6
Forbes-Marshall,3.9,1946.0,"Pune, Maharashtra",India,"Pune, Maharashtra",India,2081.0,1001-5000,Industrial Machinery,,,4.3,3.7,4.0,3.8,3.6,3.8,3.2
ICA-Edu-Skills,3.8,1999.0,"Kolkata, West Bengal",India,"Kolkata, West Bengal",India,1982.0,1001-5000,Education & Training,"Work-life balance, Skill development","Promotions, Salary, Job security",3.3,3.8,3.6,3.8,3.6,3.3,3.1
TDS-Lithium-Ion-Battery,4.2,,,,,,,,,,,,,,,,,
Corporate-Infotech,3.7,,,,,,,,,,,,,,,,,
Ramboll,3.9,1945.0,,,"Copenhagen, Denmark",Denmark,1900.0,10001-50000,Engineering & Construction,"Company culture, Work-life balance, Job security",Promotions,3.9,4.1,4.1,3.6,3.6,3.6,3.2
Revolut,2.6,2015.0,,,"London,England",United Kingdom,3431.0,10001-50000,FinTech,"Job security, Work satisfaction, Promotions",,1.7,2.6,2.5,2.6,2.4,3.7,2.5
Inspirisys-Solution,3.7,1991.0,Chennai,India,Chennai,India,1627.0,1001-5000,IT Services & Consulting,"Promotions, Salary",,3.7,3.7,3.6,3.5,3.5,3.3,3.1
Sandvik-Asia,4.0,1862.0,,,"Stockholm, Stockholm",Sweden,,10001-50000,Industrial Machinery,"Job security, Salary, Work-life balance",,3.9,3.9,3.8,3.7,3.7,3.9,3.4
Alshaya-Group,3.7,1890.0,,,"Kuwait City, Kuwait",United Arab Emirates (UAE),878.0,1001-5000,Retail,Promotions,,3.7,3.7,3.4,3.4,3.4,3.6,2.9
Uno-Mindarika,4.0,,,,,,,,,,,,,,,,,
Anudip-Foundation,4.1,2007.0,"Kolkata, West Bengal",India,"Kolkata, West Bengal",India,972.0,201-500,Non-Profit,"Salary, Work-life balance, Skill development",,3.7,4.0,3.9,4.0,3.9,4.0,3.5
Collegedunia,3.2,2014.0,"Gurgaon/Gurugram, Haryana",India,"Gurgaon/Gurugram, Haryana",India,1554.0,201-500,Internet,"Job security, Promotions, Work satisfaction",,2.7,3.2,3.1,3.0,3.0,3.2,2.9
Talentpro,3.8,2000.0,"Chennai, Tamil Nadu",India,"Chennai, Tamil Nadu",India,201.0,201-500,Recruitment,Promotions,,3.5,3.7,3.5,3.5,3.5,3.5,3.0
Vikram-Solar,3.6,2006.0,"Kolkata, West Bengal",India,"Kolkata, West Bengal",India,1612.0,1001-5000,Power,"Promotions, Company culture, Work satisfaction",,3.4,3.5,3.2,3.4,3.3,3.4,3.0
3M,4.0,1987.0,,,"Saint Paul, Minnesota",United States (USA),1108.0,100001+,Electronics Manufacturing,"Company culture, Work-life balance, Salary",Promotions,3.4,3.9,3.9,3.7,3.6,3.8,3.0
MAQ-Software,3.2,2000.0,"Noida, Uttar Pradesh",India,Redmond,United States,1800.0,1001-5000,IT Services & Consulting,"Work-life balance, Company culture, Work satisfaction",,3.4,3.0,3.0,3.4,3.1,3.5,3.4
Welspun-Corp,3.9,1985.0,Mumbai,India,Mumbai,India,2698.0,10001-50000,Iron & Steel,Skill development,,3.5,3.6,3.7,3.9,3.7,3.7,3.4
RealPage,3.6,1998.0,,,"Richardson, Texas",United States (USA),2220.0,5001-10000,Software Product,"Promotions, Job security",,3.3,3.7,3.7,3.4,3.4,3.5,3.0
FCC-Clutch,3.8,1939.0,,,Hamamatsu,Japan,836.0,10001-50000,Auto Components,"Job security, Work-life balance",Promotions,3.8,3.8,3.6,3.6,3.5,3.7,3.1
Mount-Litera-Zee-School,3.7,1994.0,Mumbai,India,Mumbai,India,1146.0,501-1000,Education & Training,"Promotions, Salary, Job security",,3.3,3.6,3.5,3.6,3.5,3.3,3.2
National-Stock-Exchange-of-India,3.6,1992.0,"Mumbai, Maharashtra",India,"Mumbai, Maharashtra",India,1757.0,1001-5000,Financial Services,Job security,"Promotions, Work satisfaction, Skill development",4.0,3.5,3.3,3.2,3.1,3.4,3.0
Philips-Innovation-Campus,3.7,1998.0,,,Amsterdam,Netherlands,9001.0,5001-10000,Software Product,Work-life balance,"Promotions, Job security",3.3,4.1,3.7,3.4,3.4,3.6,3.0
GKN,3.9,1985.0,,,"Redditch, Worcestershire",United Kingdom (UK),1300.0,10001-50000,Defence & Aerospace,Work-life balance,Promotions,3.7,3.8,3.7,3.7,3.7,3.6,3.1
Wissen-Technology,3.7,2015.0,"Bengaluru, Karnataka",India,"Bengaluru, Karnataka",India,1979.0,1001-5000,IT Services & Consulting,,,3.7,3.7,3.6,3.7,3.6,3.7,3.3
Global-Healthcare-Billing-Partners,3.3,1999.0,"Chennai, Tamil Nadu",India,"Chennai, Tamil Nadu",India,2794.0,1001-5000,BPO,"Promotions, Company culture, Work satisfaction",,3.4,3.3,3.0,3.2,3.2,3.3,3.0
Gainwell-Commosales,4.0,1944.0,"Kolkata, West Bengal",India,"Kolkata, West Bengal",India,2001.0,1001-5000,Industrial Machinery,"Job security, Company culture, Skill development",,4.0,3.8,3.9,3.9,3.8,3.8,3.4
The-Lalit,3.5,1981.0,New Delhi,India,New Delhi,India,2050.0,1001-5000,Hospitality,"Promotions, Salary, Job security",,3.2,3.3,3.3,3.4,3.3,3.2,2.9
Kaizen-IT-Services,3.9,1999.0,"Kolkata, West Bengal",India,"Kolkata, West Bengal",India,1201.0,1001-5000,IT Services & Consulting,"Work-life balance, Company culture, Work satisfaction",Promotions,3.7,4.0,3.8,3.6,3.8,3.5,3.3
Ferrero,3.9,2004.0,"Pune, Maharashtra",India,"Pune, Maharashtra",India,4000.0,10001-50000,Food Processing,"Salary, Skill development, Job security",,3.8,3.5,3.7,3.9,3.5,4.2,3.4
Sigma-Engineered-Solutions,3.9,,,,,,1473.0,,Industrial Machinery,"Company culture, Skill development, Job security",Promotions,3.8,3.8,3.9,3.9,3.7,3.4,3.2
NoBrokerHood,2.8,2018.0,,,"Bangalore / Bengaluru, Karnataka",India,1005.0,1001-5000,Software Product,"Job security, Work satisfaction, Promotions",,2.3,2.8,2.6,2.6,2.5,3.2,2.6
ExportersIndia,4.9,1997.0,New Delhi,India,New Delhi,India,1001.0,1001-5000,Internet,"Company culture, Job security, Salary",,4.9,4.9,4.9,4.9,4.9,4.9,4.9
Geojit-Financial-Services,3.3,1987.0,Kochi,India,Kochi,India,2550.0,1001-5000,Financial Services,"Promotions, Work satisfaction, Salary",,3.3,3.3,3.3,3.3,3.1,3.2,2.7
Me-n-Moms,4.2,1994.0,"Mumbai, Maharashtra",India,"Mumbai, Maharashtra",Array,701.0,501-1000,Retail,"Skill development, Company culture, Salary",,3.9,4.0,4.0,4.2,4.0,4.0,3.8
Danfoss-Industries,3.8,1993.0,"Chennai, Tamil Nadu",India,"Nordborg, Als",Denmark,3500.0,10001-50000,Industrial Machinery,"Work-life balance, Company culture",Promotions,3.5,4.1,3.9,3.7,3.6,3.5,3.1
NRB-Bearings,4.1,1965.0,"Mumbai, Maharashtra",India,"Mumbai, Maharashtra",India,1138.0,1001-5000,Auto Components,"Work-life balance, Job security, Company culture",,3.9,4.0,3.8,3.8,3.8,3.6,3.4
Khazana-Jewellery,3.9,1993.0,"Chennai, Tamil Nadu",India,"Chennai, Tamil Nadu",India,3429.0,1001-5000,Jewellery,"Company culture, Salary, Skill development",,3.6,3.6,3.8,3.8,3.6,3.8,3.4
Ebixcash-Global-Services,3.1,,,,,,11001.0,,BPO,"Promotions, Salary, Job security",,2.9,3.1,3.0,3.0,3.0,2.8,2.5
TVS-Eurogrip,3.7,1982.0,Madurai,India,Madurai,India,2785.0,1001-5000,Auto Components,"Promotions, Job security, Company culture",,3.3,3.5,3.3,3.5,3.4,3.4,2.9
UKB-Electronics-Limited,3.5,,,,,,,,,,,,,,,,,
Electrotherm,4.1,1983.0,"Ahmedabad, Gujarat",India,"Ahmedabad, Gujarat",India,2610.0,1001-5000,Iron & Steel,"Job security, Work-life balance, Company culture",,4.2,4.1,4.0,4.0,4.0,3.9,3.6
Continental,3.6,1871.0,"Bangalore / Bengaluru, Karnataka",India,Hanover,Germany,10001.0,100001+,Auto Components,Work-life balance,"Promotions, Job security",3.3,3.8,3.6,3.4,3.4,3.5,3.0
Chaitanya-India-Fin-Credit,4.1,2009.0,"Bangalore,Karnataka",India,"Bangalore,Karnataka",India,11247.0,10001-50000,NBFC,"Company culture, Skill development, Work-life balance",,3.8,3.9,4.1,4.0,3.9,3.6,3.7
Belstar-Microfinance,4.0,,,,,,13076.0,501-1000,NBFC,"Company culture, Work-life balance, Work satisfaction",,3.7,3.8,3.8,3.7,3.8,3.5,3.4
Airports-Authority-of-India,4.2,1995.0,"Delhi/NCR, New Delhi",India,"Delhi/NCR, New Delhi",India,16188.0,10001-50000,Aviation,"Work-life balance, Company culture, Job security",,4.1,4.2,4.1,4.0,4.1,4.0,3.7
Finova-Capital,3.8,2015.0,"Jaipur,Rajasthan",India,"Jaipur,Rajasthan",India,4483.0,1001-5000,NBFC,Salary,,3.6,3.7,3.7,3.7,3.6,3.8,3.6
Avalon-Technologies,3.8,2000.0,"Chennai, Tamil Nadu",India,"Chennai, Tamil Nadu",India,1142.0,1001-5000,Electronics Manufacturing,,,3.9,3.6,3.4,3.8,3.5,3.2,3.1
Varthana,4.0,2013.0,"Bangalore,Karnataka",India,"Bangalore,Karnataka",India,752.0,501-1000,NBFC,"Work-life balance, Company culture, Salary",,3.6,4.0,3.9,3.8,3.7,3.9,3.5
B.L.-Kashyap-&-Sons,3.7,,,,,,,,,,,,,,,,,
Suroj-Buildcon,4.1,2013.0,"Pune, Maharashtra",India,"Pune, Maharashtra",India,1301.0,1001-5000,Engineering & Construction,,,4.1,3.7,4.1,4.0,3.8,4.0,3.7
Data-Entry,4.2,1999.0,New Delhi,India,New Delhi,India,96.0,201-500,BPO,"Company culture, Salary, Skill development",,4.2,4.2,4.3,4.3,4.3,4.3,4.1
Turbo-Energy,4.1,1983.0,"Chennai, Tamil Nadu",India,"Chennai, Tamil Nadu",India,1001.0,1001-5000,Auto Components,"Work-life balance, Skill development, Work satisfaction",Promotions,3.9,4.0,3.9,4.0,4.0,3.6,3.2
Suraksha-Diagnostic,3.7,1992.0,Kolkata,India,Kolkata,India,439.0,501-1000,Healthcare,Skill development,Promotions,3.6,3.6,3.5,3.8,3.5,3.4,3.2
Sl-Lumax,3.4,1997.0,"Sriperumbudur, Tamil Nadu",India,"Sriperumbudur, Tamil Nadu",India,1500.0,1001-5000,Auto Components,"Work-life balance, Promotions, Work satisfaction",,3.5,2.9,3.1,3.5,3.1,3.1,3.0
Reliance-Jewels,3.9,2007.0,"Mumbai, Maharashtra",India,"Mumbai, Maharashtra",India,2000.0,5001-10000,Jewellery,"Job security, Skill development, Company culture",Promotions,4.0,3.8,3.8,3.9,3.7,3.5,3.3
Sir-H.-N.-Reliance-Foundation-Hospital-and-Research,4.2,,,,,,,,,,,,,,,,,
InsuranceDekho,3.5,2016.0,,,,,2147.0,,Internet,"Promotions, Job security, Work satisfaction",,3.2,3.3,3.4,3.4,3.3,3.4,3.1
NetConnectGlobal,3.1,1997.0,"Bengaluru/Bangalore, Karnataka",India,"Bangalore/Bengaluru, Karnataka",India,1801.0,1001-5000,IT Services & Consulting,"Promotions, Job security, Skill development",,2.7,3.2,2.9,2.8,2.9,3.0,2.6
Monte-Carlo,4.2,1984.0,,,"San Francisco,California",United States,2198.0,1001-5000,Fashion & Textile,"Salary, Work-life balance, Company culture",,4.0,4.1,4.0,3.9,3.9,4.2,3.6
ACKO,3.4,2016.0,"Bengaluru/Bangalore, Karnataka",India,"Bengaluru/Bangalore, Karnataka",India,1280.0,1001-5000,Insurance,"Promotions, Skill development, Work satisfaction",,3.2,3.4,3.3,3.1,3.2,3.5,2.9
Annalect,3.4,2010.0,,,"New York, New York",United States (USA),1900.0,1001-5000,Marketing & Advertising,Work-life balance,"Promotions, Job security, Skill development",3.1,3.8,3.5,3.2,3.3,3.2,2.8
SOLAR-INDUSTRIES-INDIA,3.6,,,,,,,,,,,,,,,,,
Varun-Motors,3.8,1993.0,"Hyderabad/Secunderabad, Telangana",India,"Hyderabad/Secunderabad, Telangana",India,1750.0,1001-5000,Automobile,"Job security, Skill development",Promotions,3.9,3.6,3.7,3.8,3.6,3.4,3.3
Sapphire-Foods-India,3.8,,,,,,,,,,,,,,,,,
Manjushree-Technopack,3.5,,,,,,,,,,,,,,,,,
South-Indian-Bank,3.3,1929.0,"Thrissur/Trichur, Kerala",India,"Thrissur/Trichur, Kerala",India,9355.0,5001-10000,Banking,"Salary, Job security","Work satisfaction, Work-life balance, Company culture",3.8,2.9,2.9,3.1,2.8,3.9,3.0
Crowne-Plaza,4.1,1983.0,,,"Atlanta, Georgia",United States (USA),640.0,10001-50000,Hospitality,"Job security, Company culture, Work-life balance",,4.0,3.9,3.9,3.9,3.9,3.5,3.6
Suma-Soft,3.5,2000.0,Pune,India,Pune,India,1222.0,1001-5000,IT Services & Consulting,"Promotions, Salary, Work satisfaction",,3.4,3.4,3.4,3.3,3.2,3.0,2.8
IDBI-Intech-Limited,3.2,,,,,,,,,,,,,,,,,
Tecnimont,3.9,2005.0,"Mumbai, Maharashtra",India,"Milan, Italy",India,3101.0,1001-5000,Engineering & Construction,"Job security, Salary",Promotions,3.8,3.5,3.5,3.6,3.6,3.8,3.3
Karvy-Stock-Broking,3.6,1990.0,"Hyderabad/Secunderabad, Telangana",India,"Hyderabad/Secunderabad, Telangana",India,2392.0,10001-50000,,"Promotions, Work-life balance, Work satisfaction",,3.3,3.2,3.3,3.5,3.3,3.3,3.0
Serum-Institute-of-India,4.1,1966.0,Pune,India,Pune,India,4721.0,1001-5000,Biotechnology,"Job security, Salary, Work-life balance",Promotions,4.4,3.9,3.6,3.5,3.7,4.0,3.1
Sasken,3.6,1989.0,"Bangalore/Bengaluru, Karnataka",India,"Bangalore/Bengaluru, Karnataka",India,1693.0,1001-5000,IT Services & Consulting,"Promotions, Job security, Work satisfaction",,3.2,3.6,3.5,3.3,3.3,3.4,3.1
Kiya.ai,3.9,,,,,,,,,,,,,,,,,
Maharashtra-Seamless,3.5,,,,,,,,,,,,,,,,,
Motilal-Oswal-Wealth-Management,4.4,,,,,,436.0,1001-5000,Financial Services,"Skill development, Company culture, Job security",,4.2,4.2,4.4,4.5,4.2,4.2,4.0
IRB-Infrastructure,3.9,1998.0,"Mumbai, Maharashtra",India,"Mumbai, Maharashtra",India,3258.0,1001-5000,Engineering & Construction,"Work-life balance, Salary",Promotions,3.5,4.0,3.7,3.5,3.7,3.8,3.0
Medcode,3.8,,,,,,311.0,11-50,IT Services & Consulting,Skill development,,3.7,3.6,3.7,3.9,3.7,3.7,3.6
Shriram-Automall,4.0,2011.0,"Delhi/NCR, Delhi",India,"Delhi/NCR, Delhi",India,1451.0,1001-5000,Internet,"Job security, Company culture, Salary",,3.9,3.8,3.8,3.7,3.8,3.8,3.7
Trigent-Software,3.4,1995.0,,,"Southborough, Massachusetts",United States (USA),2342.0,1001-5000,IT Services & Consulting,"Promotions, Job security, Skill development",,3.0,3.4,3.2,3.1,3.2,3.4,2.9
Emids-Technologies-Limited,3.6,,,,,,,,,,,,,,,,,
Pyramid-IT-Consulting,3.1,1996.0,,,"Atlanta, Georgia",United States (USA),1537.0,1001-5000,Recruitment,,,2.6,3.1,2.9,2.8,2.8,3.1,2.6
Okaya-Power,3.8,1980.0,"Delhi/NCR, Delhi",India,"New Delhi, Delhi",India,800.0,1001-5000,Electrical Equipment,Promotions,,3.6,3.7,3.5,3.5,3.5,3.5,3.2
Hamilton-Housewares,3.8,,,,,,,,,,,,,,,,,
Vedanta-Limited,3.8,,,,,,17332.0,10001-50000,Metals & Mining,Salary,,3.7,3.4,3.4,3.6,3.4,4.0,3.4
Aster-Dm-Healthcare,3.7,,,,,,,,,,,,,,,,,
Super-Smelters,3.7,1995.0,"Kolkata, West Bengal",India,"Kolkata, West Bengal",India,3692.0,1001-5000,Iron & Steel,Skill development,"Promotions, Salary",3.6,3.7,3.6,3.8,3.6,3.2,3.1
Central-Reserve-Police-Force,4.6,1939.0,"Delhi/NCR, New Delhi",India,"Delhi/NCR, New Delhi",India,313634.0,100001+,Government,"Job security, Salary, Company culture",,4.7,4.2,4.3,4.2,4.2,4.6,3.8
Blackrock,3.5,1988.0,,,"New York City, New York",United States (USA),3501.0,10001-50000,Financial Services,"Promotions, Work satisfaction",,3.4,3.4,3.4,3.4,3.1,3.4,2.8
Action-Tesa,3.9,1970.0,New Delhi,India,New Delhi,India,2402.0,1001-5000,Building Material,"Job security, Skill development",Promotions,3.8,3.7,3.7,3.8,3.6,3.5,3.3
CSM-Technologies,4.0,1998.0,"Bhubaneswar, Odisha",India,"Bhubaneswar, Odisha",India,1196.0,1001-5000,IT Services & Consulting,"Job security, Work-life balance",,3.8,3.8,3.6,3.7,3.7,3.6,3.6
Shivam-Autotech,3.6,1998.0,"Gurgaon/Gurugram, Haryana",India,"Gurgaon/Gurugram, Haryana",India,651.0,501-1000,Auto Components,Skill development,"Promotions, Salary",3.7,3.7,3.5,3.8,3.6,3.1,3.0
HDFC-Asset-Management-Company,4.1,1999.0,Mumbai,India,Mumbai,India,1618.0,1001-5000,Financial Services,"Job security, Work-life balance, Skill development",Promotions,4.3,4.1,4.0,4.1,3.9,3.6,3.3
Nucleus-Software-Exports,3.4,1986.0,"Noida, Uttar Pradesh",India,"Noida, Uttar Pradesh",India,1851.0,1001-5000,Software Product,Job security,"Work satisfaction, Promotions, Skill development",4.0,3.1,3.3,3.1,3.0,3.2,3.0
Renovision-Automation-Services,3.3,2006.0,New Delhi,India,New Delhi,India,1600.0,1001-5000,IT Services & Consulting,"Promotions, Salary, Work satisfaction",,3.1,3.3,3.1,3.1,3.1,2.9,2.6
Kajaria-Ceramics,3.9,1985.0,"Delhi/NCR, New Delhi",India,"Delhi/NCR, New Delhi",India,4794.0,1001-5000,Building Material,"Salary, Work-life balance",Promotions,3.5,3.8,3.6,3.4,3.6,3.8,3.2
Sapiens,3.1,1982.0,,,"Holon,Tel Aviv",Israel,2378.0,1001-5000,Software Product,"Promotions, Skill development, Work satisfaction",,3.0,3.2,3.0,2.6,2.7,3.0,2.5
Royaloak-Incorporation,3.6,,,,,,,,,,,,,,,,,
Schwing-Stetter,3.8,1998.0,"Chennai, Tamil Nadu",India,"Chennai, Tamil Nadu",Germany,2269.0,1001-5000,Industrial Machinery,Job security,Promotions,3.9,3.6,3.6,3.7,3.7,3.6,3.2
Hitachi-Systems-Micro-Clinic,4.0,1991.0,,,"Chiyoda City, Tokyo",Japan,3383.0,1001-5000,IT Services & Consulting,"Work-life balance, Job security, Company culture",Promotions,3.9,4.0,3.8,3.8,3.7,3.6,3.3
Einfochips,3.5,1994.0,,,"San Jose, California",United States (USA),3210.0,1001-5000,IT Services & Consulting,"Promotions, Salary, Work satisfaction",,3.6,3.6,3.5,3.5,3.3,3.0,2.8
Dr.-Batras'-Positive-Health-Clinic,3.8,,,,,,,,,,,,,,,,,
EaseMyTrip.com,4.1,,,,,,,,,,,,,,,,,
Myk-Laticrete,3.9,2000.0,"Hyderabad/Secunderabad, Telangana",India,"Hyderabad/Secunderabad, Telangana",India,800.0,1001-5000,Building Material,"Salary, Skill development",,3.7,3.7,3.6,3.8,3.6,4.0,3.4
ThoughtWorks,3.9,1993.0,,,"Chicago, Illinois",United States (USA),3818.0,10001-50000,IT Services & Consulting,"Work-life balance, Company culture, Skill development",Promotions,3.5,4.1,4.0,4.0,3.7,3.5,3.0
Sintex-Industries,3.9,1931.0,"Kalol, Gujarat",India,"Kalol, Gujarat",India,5026.0,5001-10000,Industrial Machinery,"Job security, Work-life balance, Skill development",Promotions,4.0,3.8,3.7,3.8,3.8,3.7,3.3
Becton-Dickinson,4.0,2001.0,,,"Franklin Lakes, New Jersey",United States (USA),1026.0,50001-100000,Medical Equipment,"Company culture, Work-life balance, Job security",Promotions,3.8,3.9,3.9,3.7,3.7,3.7,3.2
Agrostar,4.0,2013.0,"Pune,Maharashtra",India,"Pune,Maharashtra",India,1456.0,501-1000,Internet,"Company culture, Skill development, Salary",,3.4,3.6,4.2,4.0,3.7,3.8,3.6
Finastra,3.7,2017.0,,,"Paddington, London",United States (USA),2511.0,1001-5000,Software Product,,,3.4,3.9,3.7,3.4,3.5,3.5,2.8
Cashify,3.8,2013.0,"Gurgaon,Haryana",India,"Gurgaon,Haryana",India,1486.0,1001-5000,Internet,Work-life balance,,3.5,3.8,3.7,3.7,3.6,3.7,3.4
Avaada-Group,4.3,2009.0,"Mumbai,Maharashtra",India,"Mumbai,Maharashtra",India,641.0,1001-5000,Power,,,4.2,4.2,4.1,3.9,4.0,4.2,4.0
Kirloskar-Ferrous-Industries,3.7,1991.0,"Koppal, Karnataka",India,"Koppal, Karnataka",India,3253.0,1001-5000,Iron & Steel,Job security,"Promotions, Salary",3.8,3.5,3.5,3.6,3.4,3.0,3.0
Mavenir-Systems,3.3,2017.0,,,"Richardson,Texas",United States,2810.0,1001-5000,IT Services & Consulting,"Promotions, Job security, Work-life balance",,2.8,3.1,3.1,3.3,3.2,3.4,2.6
Fiem-Industries,3.6,1989.0,New Delhi,India,New Delhi,India,2583.0,5001-10000,Auto Components,Salary,"Job security, Company culture, Promotions",3.1,3.4,3.2,3.4,3.4,3.9,3.3
Godrej-Industries,4.0,,"Mumbai, Maharashtra",India,"Mumbai, Maharashtra",India,1148.0,1001-5000,Real Estate,"Job security, Work-life balance, Company culture",Promotions,4.1,4.0,3.9,3.9,3.8,3.6,3.2
Gestamp,3.6,1997.0,,,"Madrid, Spain	",,1119.0,10001-50000,Auto Components,,,3.4,3.5,3.3,3.5,3.3,3.4,3.0
Sudarshan-Chemical-Industries,3.9,1952.0,"Pune, Maharashtra",India,"Pune, Maharashtra",India,1350.0,1001-5000,Chemicals,Skill development,Promotions,3.6,3.7,3.6,3.9,3.6,3.6,3.2
BMC-Software,4.0,1980.0,"Pune, Maharashtra",India,"Houston, Texas",United States (USA),2513.0,5001-10000,Software Product,"Company culture, Work-life balance, Salary",Promotions,3.4,4.0,4.0,3.7,3.7,3.9,3.2
Family-Health-Plan,3.7,,,,,,,,,,,,,,,,,
Finolex-Industries,3.7,1981.0,"Pune, Maharashtra",India,"Pune, Maharashtra",India,1499.0,"1,001-5,000",Building Material,Work-life balance,"Promotions, Skill development, Work satisfaction",3.5,3.8,3.4,3.2,3.3,3.5,2.9
ITC-Limited-Foods-Division,3.9,1910.0,Kolkata,India,Kolkata,India,25513.0,10001-50000,Food Processing,Job security,"Promotions, Salary",4.1,3.5,3.5,3.7,3.5,3.3,3.1
Holiday-Inn,4.0,1952.0,,,"Memphis, Buckinghamshire",United States (USA),1936.0,10001-50000,Hospitality,"Job security, Skill development",,3.9,3.7,3.7,3.9,3.7,3.7,3.6
Netmeds.com,3.9,,,,,,,,,,,,,,,,,
Royal-Caribbean-International,4.2,1969.0,,,"Miami, Florida",United States (USA),711.0,50001-100000,Sports & Recreation,"Salary, Company culture, Skill development",,4.0,4.0,4.2,4.2,4.0,4.3,3.9
BT-E-Serv,3.9,2007.0,"Delhi/NCR, New Delhi",India,"Delhi/NCR, New Delhi",India,514.0,51-200,BPO,"Work-life balance, Company culture, Job security",Promotions,3.8,4.2,3.9,3.5,3.7,3.7,3.1
Ongc-Petro-Additions,4.1,2006.0,"Vadodara/Baroda, Gujarat",India,"Vadodara/Baroda, Gujarat",India,1083.0,1001-5000,Petrochemicals,"Job security, Work-life balance, Company culture",,4.5,4.3,3.9,3.8,3.9,3.5,3.6
Mrs-Bector's-Food-Specialities,3.8,1978.0,Gurgaon,India,Gurgaon,India,2710.0,1001-5000,Food Processing,,,3.6,3.7,3.4,3.5,3.5,3.7,3.2
Nspira-Management-Services,3.7,2013.0,"Hyderabad/Secunderabad, Telangana",India,"Hyderabad/Secunderabad, Telangana",India,2000.0,10001-50000,Management Consulting,Promotions,,3.5,3.6,3.5,3.4,3.4,3.4,3.1
MothersonSumi-INfotech-&-Designs,3.4,2000.0,Noida,India,Noida,India,2195.0,1001-5000,IT Services & Consulting,Job security,"Promotions, Skill development, Salary",3.9,3.4,3.1,3.0,3.1,3.0,2.7
Grab-A-Grub-Services,3.9,,,,,,,,,,,,,,,,,
CSG-International,3.4,1994.0,,,"Englewood,Colorado",United States,2320.0,5001-10000,IT Services & Consulting,"Promotions, Skill development, Job security",,3.1,3.7,3.5,3.0,3.2,3.3,2.7
Cyfuture,3.0,2001.0,Noida,India,Noida,India,201.0,1001-5000,IT Services & Consulting,"Promotions, Salary, Work satisfaction",,2.9,3.0,2.9,2.9,2.9,2.7,2.6
Vyapar,3.6,2017.0,"Bengaluru/Bangalore, Karnataka",India,"Bengaluru/Bangalore, Karnataka",India,1382.0,1001-5000,Software Product,"Work satisfaction, Promotions, Job security",,3.3,3.4,3.7,3.4,3.3,3.6,3.3
Jain-Irrigation-Systems,3.7,1963.0,"Jalgaon, Maharashtra",India,"Jalgaon, Maharashtra",India,6654.0,10001-50000,Agriculture,"Promotions, Salary",,3.7,3.6,3.6,3.6,3.5,3.0,2.9
Rocket-India,4.0,1994.0,,,"Dallas, Texas",United States (USA),2198.0,5001-10000,Financial Services,"Job security, Company culture, Work-life balance",Promotions,4.3,4.1,4.1,3.8,3.9,3.4,3.3
Infinity-Learn,4.2,2021.0,"Hyderabad,Telangana",India,"Hyderabad,Telangana",India,1201.0,,EdTech,"Salary, Company culture, Skill development",,4.1,4.1,4.2,4.2,4.1,4.3,4.1
Polaris-Consulting,4.2,1993.0,"Chennai, Tamil Nadu",India,"Chennai, Tamil Nadu",India,4716.0,1001-5000,IT Services & Consulting,"Job security, Work-life balance, Skill development",,4.0,4.0,3.9,4.0,3.9,3.8,3.6
Carnival-Cruise-Lines,4.2,1972.0,,,"Miami, Florida",United States (USA),3237.0,100001+,Sports & Recreation,"Company culture, Job security, Work-life balance",,3.9,3.9,4.2,3.9,3.9,3.8,3.6
Dhani-Services,3.7,2017.0,"Mumbai,Maharashtra",India,"Mumbai,Maharashtra",India,375.0,,,"Promotions, Job security",,3.1,3.6,3.4,3.4,3.4,3.6,3.1
DHL-Global-Forwarding,3.9,1815.0,,,Bonn,Germany,3646.0,10001-50000,Logistics,"Company culture, Job security, Work-life balance",Promotions,3.9,3.9,3.9,3.7,3.7,3.6,3.1
Jayaswal-Neco-Industries,4.1,1972.0,"Nagpur, Maharashtra",India,"Nagpur, Maharashtra",India,4197.0,1001-5000,Iron & Steel,"Job security, Work-life balance, Skill development",,4.2,4.0,3.8,3.9,3.8,3.6,3.5
AML-RightSource,2.6,,,,"Cleveland, Ohio",United States,1468.0,"1,001-5,000",IT Services & Consulting,"Job security, Company culture, Work satisfaction",,2.2,2.9,2.3,2.5,2.4,3.1,2.4
Blackberrys,3.7,1991.0,"Gurgaon/Gurugram, Haryana",India,"Gurgaon/Gurugram, Haryana",India,1526.0,501-1000,Fashion & Textile,,,3.1,3.6,3.5,3.6,3.5,3.6,3.1
Bharat-Biotech-International,3.1,,,,,,,,,,,,,,,,,
Toyoda-Gosei-Minda,4.2,2008.0,,,Aichi,Japan,1100.0,10001-50000,Auto Components,"Job security, Company culture, Work-life balance",,4.2,4.1,4.1,3.9,3.9,3.7,3.5
Sterling-Oil-Exploration-&-Energy-Production,3.5,2005.0,,,Lagos ,Nigeria,485.0,10001-50000,Oil & Gas,"Promotions, Work satisfaction, Skill development",,3.3,3.3,3.4,3.3,3.3,3.5,3.1
VDA-Infosolutions,3.8,2010.0,"Mumbai, Maharashtra",India,"Mumbai, Maharashtra",India,1201.0,1001-5000,IT Services & Consulting,"Job security, Work-life balance",Promotions,3.8,3.8,3.7,3.7,3.7,3.5,3.3
Hpl-Electric-&-Power,3.7,1992.0,"Noida, Uttar Pradesh",India,"Noida, Uttar Pradesh",India,1516.0,1001-5000,Electrical Equipment,Promotions,,3.6,3.7,3.4,3.4,3.5,3.5,3.2
Heidelberg-Cement,4.0,2006.0,"Gurgaon/Gurugram, Haryana",India,"Gurgaon/Gurugram, Haryana",India,970.0,50001-100000,Building Material,"Job security, Work-life balance, Company culture",,4.0,4.0,3.9,3.7,3.7,3.7,3.4
Jubilant-Agri-and-Consumer-Products,4.0,2010.0,"Gurgaon/Gurugram, Haryana",India,"Gurgaon/Gurugram, Haryana",India,1404.0,1001-5000,Chemicals,"Salary, Work-life balance, Job security",Promotions,3.8,3.9,3.7,3.6,3.6,4.0,3.3
Varindera-Constructions,4.4,1984.0,"New Delhi, Delhi",India,"New Delhi, Delhi",India,2360.0,501-1000,Engineering & Construction,"Salary, Company culture, Job security",,4.2,4.2,4.2,4.1,4.2,4.5,4.1
IKEA,4.0,1943.0,,,Delft,Netherland,3000.0,10001-50000,Retail,"Work-life balance, Company culture, Salary",Promotions,3.8,4.1,4.0,3.6,3.6,4.0,3.0
HashedIn-by-Deloitte,3.8,2010.0,"Bangalore / Bengaluru, Karnataka",India,"Bangalore / Bengaluru, Karnataka",United States (USA),3446.0,1001-5000,IT Services & Consulting,"Job security, Company culture, Skill development",,4.1,3.8,3.9,3.9,3.6,3.7,3.4
Anmol-Industries,3.9,1994.0,"Kolkata, West Bengal",India,"Kolkata, West Bengal",India,2317.0,1001-5000,FMCG,Work-life balance,,3.7,3.8,3.7,3.7,3.6,3.6,3.4
Vedang-Cellular-Services,3.8,2010.0,Mumbai,India,Mumbai,India,3501.0,1001-5000,Telecom,Salary,"Job security, Promotions",3.2,3.5,3.5,3.6,3.5,3.8,3.3
APL-Apollo-Tubes,4.0,1986.0,"Noida , Uttarpradesh",India,"Noida , Uttarpradesh",,3382.0,5001-10000,Iron & Steel,,,3.9,3.8,3.8,3.9,3.9,3.9,3.7
Ofbusiness,3.0,2015.0,Gurgaon,India,Gurgaon,India,17000.0,501-1000,Internet,,,2.5,2.7,2.8,3.0,2.8,3.4,2.8
Ugam-Solution,3.6,2000.0,"Mumbai, Maharashtra",India,"Mumbai, Maharashtra",India,1900.0,1001-5000,IT Services & Consulting,Job security,"Promotions, Salary, Work satisfaction",3.8,3.4,3.5,3.2,3.2,3.1,2.9
Columbia-Asia,4.6,2005.0,"Bangalore/Bengaluru, Karnataka",India,"Bangalore/Bengaluru, Karnataka",India,3491.0,1001-5000,Healthcare,"Company culture, Skill development, Job security",,4.3,4.3,4.5,4.4,4.2,3.9,3.9
Eli-Lilly-and-Company,3.3,1993.0,,,"Indianapolis, Indiana",United States (USA),3372.0,10001-50000,Pharma,,,3.5,3.6,3.2,3.1,3.0,3.6,2.8
Lulu-International-Shopping-Mall,3.7,2013.0,Kerala,India,Kerala,India,890.0,5001-10000,Retail,Job security,"Promotions, Salary",3.8,3.6,3.5,3.6,3.5,3.3,3.1
Maxicus,4.0,2002.0,"Gurgaon,Haryana",India,"Gurgaon,Haryana",Array,5001.0,5001-10000,BPO,"Company culture, Job security, Work-life balance",,3.9,3.9,3.9,3.8,3.8,3.8,3.7
Sanghi-Industries,4.0,1985.0,"Ahmedabad, Gujarat",India,"Ahmedabad, Gujarat",India,767.0,501-1000,Building Material,"Skill development, Work-life balance, Work satisfaction",Promotions,3.6,3.8,3.7,3.9,3.8,3.5,3.3
United-Colors-of-Benetton,4.4,1992.0,"Gurgaon/Gurugram, Haryana",India,"Gurgaon/Gurugram, Haryana",India,800.0,5001-10000,Fashion & Textile,"Company culture, Salary, Work-life balance",,4.0,4.2,4.3,4.2,4.1,4.2,3.8
Bridge-&-Roof-Co,3.4,1920.0,"Kolkata, West Bengal",India,"Kolkata, West Bengal",India,1162.0,1001-5000,Engineering & Construction,"Promotions, Work-life balance, Company culture",,3.3,3.1,3.1,3.4,3.2,3.2,2.8
Medley-Pharmaceuticals,3.9,1969.0,"Mumbai, Maharashtra",India,"Mumbai, Maharashtra",India,3000.0,1001-5000,Pharma,Work-life balance,Promotions,3.7,4.0,3.7,3.4,3.7,3.4,3.2
Perficient,3.7,1997.0,,,"St Louis, Missouri",United States (USA),2000.0,1001-5000,IT Services & Consulting,,,3.3,3.8,3.7,3.5,3.5,3.6,3.3
EdgeVerve-Systems,3.2,2014.0,"Bangalore/Bengaluru, Karnataka",India,"Bangalore/Bengaluru, Karnataka",India,2053.0,5001-10000,Software Product,Job security,"Promotions, Salary, Work satisfaction",3.8,3.4,3.1,3.2,2.9,2.8,2.4
DealShare,3.5,2018.0,"Bengaluru/Bangalore, Karnataka",India,"Jaipur,Rajasthan",India,1500.0,1001-5000,Internet,"Job security, Promotions, Company culture",,3.0,3.4,3.2,3.3,3.3,3.6,3.2
Consulting-Engineers-Group,4.1,1984.0,"Jaipur, Rajasthan",India,"Jaipur, Rajasthan",India,1600.0,1001-5000,Engineering & Construction,"Work-life balance, Company culture, Work satisfaction",,3.6,4.0,3.9,3.7,3.9,3.8,3.4
Pathkind-Diagnostics-Private-Limited,4.0,,,,,,,,,,,,,,,,,
SIS-Prosegur-Holdings,3.4,1995.0,"Patna, Bihar",India,"Patna, Bihar",India,11801.0,1001-5000,Law Enforcement & Security,"Promotions, Salary, Work satisfaction",,3.3,3.4,3.4,3.4,3.3,3.2,2.9
Accion-Labs,3.5,2011.0,,,"Bridgeville, Pennsylvania",United States (USA),1721.0,1001-5000,IT Services & Consulting,,,3.1,3.6,3.4,3.5,3.3,3.4,2.9
Inspira-Enterprise-India-Limited,3.6,,,,,,,,,,,,,,,,,
IDP-Education-Limited,3.6,,,,,,,,,,,,,,,,,
The-Saraswat-Co-operative-Bank,3.2,1918.0,"Mumbai, Maharashtra",India,"Mumbai, Maharashtra",India,5424.0,5001-10000,Banking,"Promotions, Salary, Work satisfaction",,3.6,3.3,3.1,3.1,2.9,2.8,2.6
ShareChat,3.6,2014.0,"Bangalore,Karnataka",India,"Bangalore,Karnataka",India,1400.0,1001-5000,Internet,Salary,"Job security, Promotions",2.7,3.7,3.6,3.5,3.5,3.9,3.2
Vadilal-Industries,4.1,1907.0,"Ahmedabad, Gujrat",India,"Ahmedabad, Gujrat",India,638.0,501-1000,FMCG,"Job security, Work-life balance, Company culture",,4.0,4.0,3.9,3.8,3.8,3.9,3.6
Affinity-Express,2.8,1993.0,"Pune, India",India,"Elgin, Illinois, USA",India,1793.0,1001-5000,Marketing & Advertising,"Promotions, Work satisfaction, Skill development",,2.7,2.7,2.6,2.6,2.5,2.6,2.1
Saudi-Aramco,4.5,1933.0,,,Dhahran,Saudi Arabia,1490.0,50001-100000,Oil & Gas,"Work-life balance, Salary, Company culture",,4.0,4.5,4.3,4.2,4.3,4.4,3.8
Kellogg,4.2,1906.0,,,"Battle Creek, Michigan",United States (USA),3000.0,10001-50000,FMCG,"Company culture, Job security, Work-life balance",,4.2,4.2,4.2,4.0,3.9,3.7,3.4
Excitel-Broadband,3.6,2015.0,"Delhi,NCT",India,"Delhi,NCT",India,1050.0,1001-5000,Telecom,"Promotions, Job security, Work satisfaction",,3.1,3.4,3.3,3.4,3.3,3.5,2.9
Orra-Fine-Jewellery,3.5,1888.0,"Mumbai, Maharashtra",India,"Mumbai, Maharashtra",India,1401.0,1001-5000,Jewellery,"Work satisfaction, Company culture, Promotions",,3.2,3.3,3.1,3.4,3.1,3.7,3.2
HLL-Lifecare,3.7,1966.0,"Trivandrum/Thiruvananthapuram, Kerala",India,"Trivandrum/Thiruvananthapuram, Kerala",India,1379.0,501-1000,Healthcare,"Promotions, Salary",,3.4,3.7,3.6,3.7,3.6,3.2,3.0
NLC-India-Limited,4.4,,,,,,,,,,,,,,,,,
Cvent,3.3,1999.0,,,"Tysons Corner, VA ",,2511.0,1001-5000,Software Product,"Promotions, Work satisfaction, Salary",,3.3,3.3,3.2,3.3,3.0,3.1,2.8
AVTEC,3.5,2005.0,"Delhi/NCR, New Delhi",India,"Delhi/NCR, New Delhi",India,1501.0,1001-5000,Auto Components,"Promotions, Salary, Job security",,2.9,3.4,3.3,3.6,3.4,2.9,2.8
Ascent-HR-Technologies-Private-Limited,3.6,,,,,,,,,,,,,,,,,
FNP,3.7,1994.0,"New Delhi, Delhi",India,,India,1000.0,1001-5000,Retail,,,3.4,3.5,3.6,3.6,3.5,3.5,3.3
Maharashtra-State-Electricity-Distribution-Company,4.2,2005.0,"Mumbai, Maharashtra",India,"Mumbai, Maharashtra",India,70000.0,50001-100000,Power,"Company culture, Skill development, Work-life balance",,3.8,4.0,4.1,4.1,4.0,3.7,3.4
C5i,4.2,2000.0,"Mumbai, Maharashtra",India,"Mumbai, Maharashtra",United States ,1329.0,1001-5000,Analytics & KPO,"Work-life balance, Company culture, Job security",,4.2,4.3,4.2,4.1,4.1,4.0,3.9
Pamac-Finserve,3.2,1995.0,"Mumbai, Maharashtra",India,"Mumbai, Maharashtra",India,1065.0,5001-10000,BPO,"Promotions, Salary, Work satisfaction",,3.0,2.9,3.0,3.1,2.9,2.5,2.4
Efs-Facilities-Services,3.8,2006.0,,,"Dubai, Dubai",United Arab Emirates (UAE),5001.0,10001-50000,Facility Management Services,Promotions,,3.5,3.7,3.6,3.6,3.5,3.4,3.1
Aurionpro-Solutions,3.5,1997.0,"Mumbai, Maharashtra",India,"Mumbai, Maharashtra",India,2086.0,1001-5000,Software Product,"Promotions, Skill development, Work satisfaction",,3.3,3.5,3.3,3.2,3.3,3.3,2.9
Apitoria-Pharma,4.2,2023.0,"Hyderabad / Secunderabad, Telangana",India,"Hyderabad / Secunderabad, Telangana",India,7250.0,,Pharma,"Job security, Work-life balance, Company culture",,4.2,4.2,4.0,3.9,3.9,4.0,3.6
Gandhi-Automations,4.0,,,,,,,,,,,,,,,,,
Hettich,3.6,1888.0,,,Kirchlengern,Germany,1058.0,5001-10000,Furniture & Furnishing,Promotions,,3.7,3.4,3.5,3.4,3.4,3.5,3.1
BAXY-Limited,4.1,1982.0,Gurgaon,India,Gurgaon,India,1730.0,"1,001-5,000",Auto Components,"Work-life balance, Job security, Salary",,3.8,3.9,3.7,3.8,3.8,3.8,3.6
Expleo-Group,3.5,1966.0,,,"Chennai, Tamil Nadu",India,3948.0,10001-50000,IT Services & Consulting,"Promotions, Salary, Job security",,3.2,3.6,3.4,3.3,3.3,3.1,3.0
Coal-India,3.9,1975.0,"Kolkata, West Bengal",India,"Kolkata, West Bengal",India,239210.0,100001+,Metals & Mining,"Job security, Salary, Work-life balance",,4.6,3.9,3.5,3.5,3.7,4.0,3.5
Capital-Numbers-Infotech,4.1,2012.0,"Kolkata, West Bengal",India,"Kolkata, West Bengal",India,501.0,501-1000,IT Services & Consulting,"Work-life balance, Company culture, Salary",,3.8,4.2,4.0,3.9,4.0,4.0,3.6
Jindal-Poly-Films,3.7,1974.0,"Delhi/NCR, Delhi",India,"Delhi/NCR, Delhi",India,346.0,1001-5000,Packaging,"Promotions, Job security, Company culture",,3.2,3.5,3.3,3.5,3.4,3.5,3.0
Alcon,3.8,1945.0,,,"Fort Worth,Texas",United States,2208.0,10001-50000,Medical Equipment,"Salary, Work-life balance",Promotions,3.5,3.9,3.7,3.5,3.6,3.9,3.0
Colt-Technology-Services,4.2,1992.0,,,"London,England",United Kingdom,1694.0,5001-10000,Hardware & Networking,"Work-life balance, Company culture, Salary",,3.8,4.4,4.3,3.8,4.0,4.0,3.5
Dr.-Reddy's-Foundation,3.7,,,,,,,,,,,,,,,,,
BEML,3.7,1964.0,"Bangalore/Bengaluru, Karnataka",India,"Bangalore/Bengaluru, Karnataka",India,5573.0,5001-10000,Industrial Machinery,Job security,"Promotions, Company culture, Salary",3.9,3.4,3.2,3.4,3.4,3.3,3.1
Hilton,4.1,1919.0,,,"Mclean, Virginia",United States (USA),3119.0,100001+,Hospitality,"Company culture, Job security, Skill development",,4.0,3.9,4.0,4.0,3.9,3.7,3.6
Axiscades,3.1,1990.0,"Bangalore/Bengaluru, Karnataka",India,"Bangalore/Bengaluru, Karnataka",India,1658.0,1001-5000,IT Services & Consulting,"Promotions, Salary, Work satisfaction",,3.1,3.2,2.9,2.9,2.9,2.8,2.6
PTC,4.2,1985.0,,,"Boston,Massachusetts",United States,2304.0,5001-10000,Software Product,"Work-life balance, Company culture, Job security",,4.1,4.4,4.2,3.7,3.9,3.8,3.5
Jubilant-Generics,4.0,2013.0,"Noida, Uttar Pradesh",India,"Noida, Uttar Pradesh",India,6000.0,5001-10000,Pharma,"Salary, Work-life balance",,3.5,3.8,3.7,3.6,3.7,3.8,3.4
Fenesta-Building-Systems,4.0,2003.0,"Gurgaon/Gurugram, Haryana",India,"Gurgaon/Gurugram, Haryana",India,1812.0,1001-5000,Building Material,"Job security, Company culture, Work-life balance",,4.1,3.9,3.9,3.9,3.8,3.7,3.4
Country-Delight,3.9,2015.0,"Gurgaon,Haryana",India,"Gurgaon,Haryana",India,2008.0,501-1000,Food Processing,Salary,Promotions,3.7,3.7,3.6,3.5,3.5,3.8,3.3
Allianz-Services,4.1,2003.0,"Thiruvananthapuram, Kerala",India,"Munich, Germany",Germany,5000.0,100001+,Insurance,,,4.4,4.2,4.2,4.0,3.8,3.2,3.3
Kauvery-Hospital,4.0,1999.0,"Chennai, Tamil Nadu",India,"Chennai, Tamil Nadu",India,1573.0,1001-5000,Healthcare,"Job security, Company culture, Skill development",,4.0,3.8,3.9,3.9,3.7,3.5,3.4
Iron-Mountain-Inc,3.7,1951.0,,,"Boston,Massachusetts",United States,2977.0,10001-50000,IT Services & Consulting,Promotions,,3.4,3.7,3.6,3.4,3.5,3.5,3.0
Army-Public-School,4.0,1974.0,"Delhi/NCR, New Delhi",India,"Delhi/NCR, New Delhi",India,,5001-10000,Education & Training,"Skill development, Salary, Work-life balance","Job security, Promotions",3.1,3.8,3.6,4.0,3.7,3.9,3.2
PureSoftware,2.9,2005.0,"Noida, Uttar Pradesh",India,Singapore,India,1204.0,1001-5000,Software Product,"Job security, Promotions, Skill development",,2.4,3.1,2.8,2.6,2.8,3.2,2.6
GAMMON-INDIA,3.7,1922.0,"Mumbai, Maharashtra",India,"Mumbai, Maharashtra",India,50.0,1001-5000,Engineering & Construction,"Company culture, Skill development, Work satisfaction",,3.7,3.7,3.8,3.8,3.8,3.5,3.4
HUDL,3.2,2006.0,,,"Lincoln,Nebraska",United States,2735.0,1001-5000,Software Product,"Promotions, Skill development, Job security",,2.7,3.1,3.3,2.6,3.0,2.9,2.6
Quest-Retail-Private-Limited,4.1,,,,,,,,,,,,,,,,,
Damco-Solutions,3.5,1996.0,"Faridabad, Haryana",India,"Princeton, New Jersey",United States (USA),800.0,501-1000,IT Services & Consulting,"Promotions, Skill development, Work satisfaction",,3.4,3.4,3.4,3.2,3.3,3.4,3.0
PayU-Payments,3.3,2002.0,,,Amsterdam,Netherlands,1234.0,1001-5000,FinTech,"Promotions, Job security, Work satisfaction",,3.0,3.5,3.2,3.1,3.1,3.3,2.8
Crystal-Crop-Protection,3.9,1980.0,"Delhi/NCR, New Delhi",India,"Delhi/NCR, New Delhi",India,1245.0,501-1000,Agro Chemicals,Work-life balance,,3.6,3.8,3.7,3.6,3.7,3.7,3.4
Prochant,3.8,1999.0,"Chennai, Tamil Nadu",India,"Charlotte, North Carolina, US",,5000.0,1001-5000,Analytics & KPO,Work-life balance,,3.7,3.8,3.7,3.7,3.6,3.6,3.5
Icl-Fincorp,4.7,1999.0,"Thrissur/Trichur, Kerala",India,"Thrissur/Trichur, Kerala",India,175.0,201-500,NBFC,"Company culture, Job security, Salary",,4.6,4.6,4.6,4.6,4.6,4.6,4.5
Wood-Group,3.8,1912.0,,,"Aberdeen City, Aberdeen",Scotland,1800.0,50001-100000,Engineering & Construction,"Salary, Work-life balance",Promotions,3.5,3.9,3.6,3.5,3.7,3.9,3.1
WayCool-Foods-and-Products,3.4,2015.0,"Chennai, Tamil Nadu",India,"Chennai, Tamil Nadu",India,948.0,1001-5000,FMCG,"Promotions, Job security, Work satisfaction",,2.8,3.4,3.2,3.2,3.2,3.3,2.8
Maxop-Engineering-Co.,4.1,,,,,,,,,,,,,,,,,
AVIOM,4.0,2016.0,"Delhi,NCT",India,"Delhi,NCT",India,2284.0,501-1000,NBFC,"Salary, Work-life balance, Work satisfaction",,3.6,4.0,3.8,3.8,3.9,4.0,3.7
Matrimonialsindia,4.9,1997.0,"New Delhi, Delhi",India,New Delhi,,1240.0,501-1000,Internet,"Company culture, Job security, Salary",,4.9,4.9,4.9,4.9,4.9,4.9,4.9
J-K-Fenner,3.9,1987.0,"Chennai, Tamil Nadu",India,"Chennai, Tamil Nadu",India,201.0,1001-5000,Engineering & Construction,Promotions,,3.6,3.7,3.5,3.6,3.5,3.5,3.1
Ambit-Finvest,4.0,,,,,,2851.0,,NBFC,"Salary, Company culture, Work-life balance",,3.7,3.9,3.9,3.9,3.8,4.0,3.7
Applied-Materials,3.7,2002.0,,,"Santa Clara, California",United States (USA),3458.0,10001-50000,Semiconductors,Promotions,,3.6,3.6,3.7,3.5,3.5,3.6,3.1
HBL-Power-Systems,4.0,1977.0,"Hyderabad/Secunderabad, Telangana",India,"Hyderabad/Secunderabad, Telangana",India,1663.0,1001-5000,Electrical Equipment,Work-life balance,Promotions,3.6,3.9,3.7,3.7,3.7,3.4,3.1
Jaipur-Rugs,4.3,1978.0,"Jaipur, Rajasthan",India,"Jaipur, Rajasthan",India,480.0,201-500,Fashion & Textile,"Company culture, Skill development, Work-life balance",,3.8,4.1,4.2,4.2,4.1,3.9,3.9
QSpiders,3.7,2003.0,"Bangalore/Bengaluru, Karnataka",India,"Bangalore/Bengaluru, Karnataka",India,1132.0,201-500,Education & Training,"Promotions, Salary",,3.4,3.6,3.5,3.6,3.5,3.3,3.2
McCain-Foods,4.0,1996.0,"Gurgaon / Gurugram, Haryana",India,Toronto,Canada,2501.0,10001-50000,FMCG,"Salary, Work-life balance, Company culture",Promotions,3.8,3.9,3.8,3.8,3.7,4.1,3.2
Pinnacle-Infotech,3.4,1992.0,"Durgapur, West Bengal",India,"Houston, Texas",United States (USA),3551.0,5001-10000,IT Services & Consulting,Job security,"Work-life balance, Company culture, Work satisfaction",3.8,2.9,2.9,3.5,3.0,3.4,3.2
Genesys-International-Corporation,3.4,1995.0,"Mumbai, Maharashtra",India,"Mumbai, Maharashtra",India,1668.0,1001-5000,IT Services & Consulting,"Promotions, Salary, Work satisfaction",,3.3,3.2,3.2,3.4,3.2,3.0,2.7
Laxmi-Organic-Industries,3.8,1992.0,"Mumbai, Maharashtra",India,"Mumbai, Maharashtra",India,1086.0,1001-5000,Chemicals,Promotions,,3.6,3.7,3.6,3.6,3.6,3.7,3.2
AVEVA,4.0,1967.0,"Hyderabad / Secunderabad, Telangana",India,"Cambridge,Cambridgeshire",United Kingdom,1283.0,1001-5000,Software Product,"Work-life balance, Company culture",,3.7,4.3,4.1,3.6,3.7,3.7,3.4
Empower,4.0,1891.0,,,"Greenwood Village, Colorado",US,2991.0,5001-10000,Financial Services,,,4.1,3.9,3.9,3.5,3.6,3.9,3.1
ArcelorMittal,4.0,2006.0,,,Boulevard d’Avranches,Luxembourg,434.0,100001+,Iron & Steel,"Job security, Work-life balance, Company culture",,3.9,3.9,3.8,3.8,3.7,3.8,3.4
Amway-India-Enterprises,4.1,1995.0,"New Delhi, Delhi",India,"Ada Township, Michigan",United States (USA),2000.0,10001-50000,Fitness & Wellness,"Work-life balance, Company culture, Salary",,3.7,4.1,3.9,3.8,3.8,3.9,3.4
Transport-Corporation-Of-India,3.8,,,,,,,,,,,,,,,,,
TSYS|Total-System-Services,4.1,,,,,,,,,,,,,,,,,
Toyota-Industries-Engine-India,4.3,1995.0,,,"Kariya, Aichi",Japan,1001.0,5001-10000,Auto Components,"Company culture, Job security, Work-life balance",Promotions,4.1,4.1,4.4,4.0,4.0,4.0,3.2
Paras-Dairy,3.4,1987.0,"Delhi/NCR, Delhi",India,"Delhi/NCR, Delhi",India,501.0,201-500,Food Processing,"Promotions, Job security, Company culture",,3.0,3.4,3.2,3.3,3.3,3.3,3.0
Baker-Hughes,4.0,2016.0,,,"Boston , Massachusetts",United States (USA),2900.0,50001-100000,Oil & Gas,"Work-life balance, Company culture, Salary",Promotions,3.7,4.1,4.0,3.7,3.8,3.8,3.2
Micromax-Informatics,3.9,2000.0,"Gurgaon/Gurugram, Haryana",India,"Gurgaon/Gurugram, Haryana",India,1891.0,10001-50000,Consumer Electronics & Appliances,Work-life balance,Promotions,3.4,3.8,3.6,3.6,3.7,3.5,3.2
SAEL-Industries-Limited,4.0,2022.0,New Delhi,India,,,493.0,1001-5000,Power,,,3.6,3.9,3.6,3.7,3.6,3.8,3.4
"DATAMARK,-Inc.",3.4,,,,,,,,,,,,,,,,,
Lear-Corporation,4.0,1917.0,,,Southfield,United States (USA),1966.0,100001+,Auto Components,"Work-life balance, Company culture, Job security",Promotions,3.8,3.9,3.8,3.7,3.7,3.6,3.2
Dishman-Carbogen-Amcis,3.6,2007.0,,,Bubendorf,Switzerland,1001.0,501-1000,Pharma,Work-life balance,"Promotions, Job security, Skill development",3.2,3.8,3.4,3.3,3.4,3.3,2.6
Paramount-Health-Services-Tpa,3.8,2002.0,"Mumbai, Maharashtra",India,"Mumbai, Maharashtra",India,2201.0,1001-5000,Insurance,Work-life balance,"Promotions, Salary",3.7,3.8,3.7,3.7,3.7,3.2,3.0
Voyants-Solutions,3.7,2004.0,Gurgaon,India,Gurgaon,India,1701.0,501-1000,Engineering & Construction,Promotions,,3.4,3.7,3.5,3.5,3.5,3.5,3.1
Andritz-Hydro-Location-India,3.9,1996.0,"Chennai, Tamil Nadu",India,"Chennai, Tamil Nadu",India,3000.0,1001-5000,Industrial Machinery,Job security,Promotions,3.8,3.7,3.6,3.6,3.6,3.6,3.2
Congruex-Asia-Pacific,3.7,2017.0,"Mohali, Punjab",India,"Boulder, Colorado",United States of America,2001.0,1001-5000,Engineering & Construction,"Company culture, Work-life balance",Promotions,3.5,3.8,3.8,3.4,3.5,3.4,3.2
SoftAge-Information-Technology,3.6,1994.0,"Gurgaon/Gurugram, Haryana",India,"Gurgaon/Gurugram, Haryana",India,1500.0,1001-5000,IT Services & Consulting,Promotions,,3.4,3.7,3.6,3.5,3.6,3.6,3.3
Magma-General-Insurance-Limited,3.8,2012.0,"Mumbai,Maharashtra",India,"Mumbai,Maharashtra",India,1885.0,1001-5000,Insurance,Promotions,,3.5,3.7,3.6,3.5,3.5,3.6,3.3
DB-Schenker,4.3,1990.0,"Gurgaon / Gurugram, Haryana",India,Essen,Germany,896.0,50001-100000,Logistics,"Work-life balance, Company culture, Job security",Promotions,4.0,4.3,4.2,4.0,4.0,3.9,3.3
Vishwa-Samudra-Engineering,3.6,,,,,,,,,,,,,,,,,
UTL-Solar,3.6,1996.0,"Delhi/NCR, Delhi",India,"Delhi/NCR, Delhi",India,444.0,201-500,Electronics Manufacturing,"Promotions, Salary, Job security",,3.3,3.5,3.3,3.6,3.4,3.3,3.1
BUSINESSNEXT,3.5,2001.0,"Noida, Uttar Pradesh",India,"Noida, Uttar Pradesh",India,1500.0,1001-5000,Software Product,"Work satisfaction, Promotions, Skill development",,3.5,3.4,3.4,3.2,3.2,3.4,3.2
Levi-Strauss-&-Co.,4.2,,,,,,,,,,,,,,,,,
Prestige-Group,4.2,1986.0,Bengaluru,India,Bengaluru,India,9014.0,1001-5000,Real Estate,"Job security, Work-life balance, Company culture",,4.2,4.2,4.0,3.8,3.9,3.7,3.5
Western-Refrigeration,3.8,1972.0,"Mumbai, Maharashtra",India,"Mumbai, Maharashtra",India,981.0,501-1000,Industrial Machinery,"Job security, Salary",,3.9,3.5,3.5,3.6,3.5,3.8,3.5
MR.DIY,3.4,,,,,,,,,,,,,,,,,
United-Spirits,4.1,1997.0,"Bangalore/Bengaluru, Karnataka",India,"Bangalore/Bengaluru, Karnataka",India,2957.0,5001-10000,Beverage,"Salary, Work-life balance, Skill development",Promotions,3.4,4.0,3.9,4.0,3.9,4.1,3.1
Mahendra-NextWealth-IT,3.4,,,,,,,,,,,,,,,,,
Marelli,3.5,1919.0,,,"Corbetta, Corbetta",Italy,1162.0,10001-50000,Auto Components,"Promotions, Work satisfaction, Skill development",,3.5,3.6,3.4,3.3,3.3,3.4,2.9
Sandoz,4.0,1886.0,,,"     Basel, Basel-Stadt ",,2252.0,10001-50000,Pharma,,,3.6,4.0,3.9,3.6,3.6,4.0,3.1
Titan-Engineering-&-Automation,3.8,1994.0,Hosur,India,Hosur,India,1500.0,1001-5000,Engineering & Construction,"Job security, Skill development",Promotions,4.2,3.4,3.7,4.0,3.6,3.6,3.2
Artemis-Hospitals,4.1,2007.0,"Gurgaon/Gurugram, Haryana",India,"Gurgaon/Gurugram, Haryana",India,2400.0,1001-5000,Healthcare,"Work-life balance, Skill development, Job security",,3.9,4.0,3.8,4.0,3.9,3.7,3.4
MITS-Global-Consulting,4.5,,,,,,,,,,,,,,,,,
Solara-Active-Pharma-Sciences,3.7,,,,,,,,,,,,,,,,,
Bajaj-Consumer-Care,3.8,,,,,,,,,,,,,,,,,
Harman-Finochem,3.6,1983.0,"Mumbai, Maharashtra",India,"Mumbai, Maharashtra",India,1311.0,1001-5000,Pharma,,,3.4,3.5,3.3,3.4,3.5,3.5,3.3
NAV-Backoffice,3.8,1991.0,Jaipur,India,Jaipur,India,3012.0,1001-5000,Accounting & Auditing,"Salary, Promotions",,3.7,3.6,3.7,3.6,3.6,4.0,3.8
Renault,4.0,1898.0,,,Boulogne Billancourt Cedex,France,16000.0,10001-50000,Automobile,"Work-life balance, Company culture, Job security",,3.8,3.9,3.8,3.7,3.8,3.7,3.4
Toothsi,2.7,2018.0,"Mumbai,Maharashtra",India,"Mumbai,Maharashtra",India,660.0,,Internet,"Promotions, Job security, Work satisfaction",,2.2,2.5,2.4,2.5,2.4,2.7,2.2
Unified-Mentor,4.1,2022.0,,,"Gurgaon / Gurugram, Haryana",India,,11-50,IT Services & Consulting,"Work-life balance, Skill development, Work satisfaction",,3.7,4.1,3.9,4.1,4.0,3.4,3.7
LendingKart,3.6,2014.0,"Ahmedabad,Gujarat",India,"Ahmedabad,Gujarat",India,789.0,501-1000,NBFC,"Promotions, Job security, Skill development",,3.1,3.5,3.5,3.3,3.4,3.6,2.9
Premier-Energies,4.0,1995.0,"Hyderabad / Secunderabad, Telangana",India,,,1560.0,501-1000,Electronics Manufacturing,"Job security, Work-life balance, Company culture",Promotions,3.9,3.9,3.8,3.8,3.8,3.5,3.3
Navin-Fluorine-International,3.8,,,,,,,,,,,,,,,,,
Datamatics-Business-Solutions,3.3,1982.0,Mumbai,India,Mumbai,India,4962.0,1001-5000,Management Consulting,"Promotions, Salary, Work satisfaction",,3.4,3.3,3.3,3.2,3.1,2.9,2.5
Courtyard-by-Marriott,4.2,1927.0,,,"Bethesda, Maryland",United States (USA),2377.0,10001-50000,Hospitality,"Job security, Company culture, Skill development",,4.3,3.9,4.1,4.1,4.0,3.6,3.6
Kirloskar-Pneumatic,4.0,1958.0,"Pune, Maharashtra",India,"Pune, Maharashtra",India,853.0,1001-5000,Industrial Machinery,"Job security, Company culture, Work-life balance",,4.1,3.9,3.9,3.9,3.8,3.7,3.5
Innominds-Software,3.2,1998.0,"Hyderabad/Secunderabad, Telangana",India,"San Jose, CA",,1238.0,1001-5000,IT Services & Consulting,,,2.9,3.3,3.1,3.2,3.1,3.0,2.7
Herbalife-International,4.0,1980.0,,,Los Angeles,United States (USA),1353.0,5001-10000,Healthcare,"Work-life balance, Company culture, Salary",,3.8,4.0,3.9,3.7,3.8,3.9,3.5
Z-X-Learning,4.3,,,,,,,,,,,,,,,,,
The-Times-of-India,3.6,1838.0,New Delhi,India,New Delhi,India,2050.0,10001-50000,Media & Entertainment,"Promotions, Salary, Work satisfaction",,3.3,3.6,3.5,3.3,3.3,3.2,2.8
Carlsberg,3.9,1847.0,"New Delhi, Delhi",India,"Vesterbro, Copenhagen",Denmark,1181.0,10001-50000,Beverage,"Salary, Company culture, Job security",Promotions,3.8,3.7,3.8,3.6,3.6,3.9,3.2
Kellogg-Brown-and-Root,4.1,1998.0,,,"Houston, Texas",United States (USA),1852.0,10001-50000,Engineering & Construction,"Company culture, Work-life balance, Salary",,3.7,4.2,4.2,3.7,3.9,3.9,3.4
Practo,3.0,2008.0,"Bangalore,Karnataka",India,"Bangalore,Karnataka",India,600.0,501-1000,Internet,"Promotions, Job security, Work satisfaction",,2.4,2.8,2.8,2.9,2.7,3.0,2.4
Bharat-Fritz-Werner,3.9,1961.0,"Bangalore/Bengaluru, Karnataka",India,"Bangalore/Bengaluru, Karnataka",India,1501.0,1001-5000,Industrial Machinery,,,3.7,3.7,3.6,3.8,3.7,3.3,3.2
FiveS-Digital,3.3,2009.0,Udaipur,India,Udaipur,India,3501.0,1001-5000,BPO,"Salary, Promotions, Job security",,3.1,3.3,3.3,3.4,3.3,2.9,3.0
L-&-W-Constructions,3.9,2006.0,"Bangalore/Bengaluru, Karnataka",India,"Bangalore/Bengaluru, Karnataka",India,925.0,1001-5000,Engineering & Construction,"Salary, Skill development",,3.7,3.6,3.7,3.8,3.7,4.0,3.4
BLK-Super-Speciality-Hospital,3.9,1959.0,"Delhi/NCR, New Delhi",India,"Delhi/NCR, New Delhi",India,584.0,501-1000,Healthcare,"Skill development, Company culture, Job security",Promotions,3.8,3.6,3.8,3.9,3.6,3.5,3.3
Unimoni,3.8,2006.0,,,"Abu Dhabi, Dubai",United Arab Emirates (UAE),5000.0,5001-10000,FinTech,"Company culture, Work-life balance, Skill development",,3.6,3.8,3.8,3.8,3.7,3.6,3.4
Propertypistol-Realty,3.8,2012.0,"Mumbai, Maharashtra",India,"Mumbai, Maharashtra",India,1001.0,201-500,Internet,Salary,,3.4,3.6,3.7,3.7,3.6,3.8,3.4
Indecomm-Global-Services,4.1,2003.0,,,"Edison, New Jersey",United States (USA),1101.0,1001-5000,IT Services & Consulting,"Job security, Work-life balance, Company culture",,4.2,4.0,3.9,3.9,3.9,3.7,3.6
GSPANN-Technologies,4.1,2004.0,,,"Milpitas, California",United States (USA),1261.0,1001-5000,IT Services & Consulting,"Company culture, Work-life balance, Job security",,3.9,4.1,4.1,3.8,3.9,3.9,3.6
Hitachi-Cash-Management-Services,3.2,2001.0,"Mumbai, Maharashtra",India,"Mumbai, Maharashtra",India,10501.0,10001-50000,Other,"Promotions, Work satisfaction, Salary",,3.1,3.1,3.0,3.1,3.0,3.0,2.6
Craftsman-Automation,3.9,1986.0,"Coimbatore, Tamil Nadu",India,"Coimbatore, Tamil Nadu",India,2893.0,1001-5000,Auto Components,"Salary, Skill development","Promotions, Company culture, Work-life balance",3.5,3.3,3.2,3.8,3.4,4.0,3.2
Enco-Engineers-Combine,3.7,1983.0,"Gurgaon/Gurugram, Haryana",India,"Gurgaon/Gurugram, Haryana",India,493.0,501-1000,Auto Components,"Promotions, Job security",,3.3,3.5,3.4,3.7,3.5,3.6,3.2
AM-Infoweb,3.8,2008.0,"Pune, Maharashtra",India,,,1801.0,1001-5000,BPO,"Salary, Skill development",,3.6,3.7,3.6,3.8,3.6,3.8,3.6
WPP-Media,3.6,,,,,,,,,,,,,,,,,
Virtual-Employee,3.3,2007.0,"Noida, Uttar Pradesh",India,"Noida, Uttar Pradesh",India,2001.0,1001-5000,Recruitment,"Promotions, Job security, Skill development",,2.9,3.5,3.1,3.0,3.2,3.2,2.8
Inox-Wind,3.7,2009.0,"Noida, Uttar Pradesh",India,"Noida, Uttar Pradesh",India,913.0,5001-10000,Power,Job security,"Promotions, Salary",3.9,3.7,3.4,3.5,3.5,3.1,3.0
Macawber-Beekay,4.2,1986.0,"Noida, Uttar Pradesh",India,"Noida, Uttar Pradesh",India,1500.0,1001-5000,Industrial Machinery,"Job security, Salary, Work-life balance",,4.1,4.0,3.9,4.0,4.0,4.0,3.7
Sulzer,3.9,1834.0,,,"Winterthur, Winterthur",Switzerland,932.0,10001-50000,Industrial Machinery,Salary,Promotions,3.7,3.6,3.6,3.6,3.6,3.9,3.3
My-Home-Constructions,4.3,1981.0,"Hyderabad/Secunderabad, Telangana",India,"Hyderabad/Secunderabad, Telangana",Array,3000.0,1001-5000,Real Estate,"Job security, Work-life balance, Company culture",,4.4,4.3,4.2,4.1,4.1,3.9,3.8
RAK-Ceramics,3.7,1989.0,,,"Ras Al Khaimah, Ras Al Khaimah",United Arab Emirates (UAE),1386.0,5001-10000,Building Material,Promotions,,3.5,3.6,3.5,3.5,3.4,3.7,3.1
IKF-Finance,3.9,1991.0,"Hyderabad/Secunderabad, Telangana",India,"Hyderabad/Secunderabad, Telangana",India,1501.0,1001-5000,NBFC,"Salary, Work-life balance, Company culture",,3.6,3.9,3.8,3.7,3.8,3.9,3.5
Maini-Precision-Products,3.4,1973.0,"Bangalore/Bengaluru, Karnataka",India,"Bangalore/Bengaluru, Karnataka",India,1123.0,1001-5000,Auto Components,"Promotions, Salary, Job security",,3.0,3.2,3.0,3.3,3.1,2.9,2.8
Gayatri-Projects,3.9,,,,,,,,,,,,,,,,,
General-Motors,4.0,1996.0,,,"Detroit, Michigan",United States (USA),10310.0,100001+,Automobile,"Company culture, Work-life balance, Skill development",,3.7,4.1,4.1,3.9,3.8,3.8,3.6
Utility-Powertech,3.8,,,,,,,,,,,,,,,,,
Hi-Tech-Gears,3.9,1986.0,"Gurgaon/Gurugram, Haryana",India,"Gurgaon/Gurugram, Haryana",India,646.0,1001-5000,Auto Components,Work-life balance,Promotions,3.5,3.8,3.7,3.7,3.7,3.6,3.1
RuralShores,3.6,2008.0,"Bangalore,Karnataka",India,"Bangalore,Karnataka",India,1500.0,1001-5000,BPO,"Promotions, Salary",,3.4,3.5,3.4,3.4,3.4,3.2,2.9
Yokohama,3.6,1917.0,,,tokyo,Japan,1015.0,1001-5000,Auto Components,"Promotions, Work satisfaction, Salary",,3.7,3.5,3.4,3.4,3.3,3.3,3.1
Fena,4.0,1976.0,"Delhi/NCR, Delhi",India,"Delhi/NCR, Delhi",India,1801.0,1001-5000,FMCG,"Company culture, Job security, Salary",,3.9,3.9,3.9,3.7,3.8,3.9,3.6
Haldiram-Snacks,3.9,1937.0,"Noida, Uttar Pradesh",India,"Noida, Uttar Pradesh",India,3765.0,,Food Processing,,,3.7,3.7,3.5,3.7,3.6,3.7,3.3
Offshore-Infrastructures,4.2,1995.0,"Mumbai, Maharashtra",India,"Mumbai, Maharashtra",India,1800.0,1001-5000,Engineering & Construction,"Job security, Work-life balance, Skill development",,4.1,4.1,3.9,4.0,4.0,3.8,3.6
